[
    {
        "pk": 1,
        "model": "pr_messaging.messageformat",
        "fields": {
            "description": null,
            "enabled": true,
            "name": "Email",
            "slug": "email"
        }
    },
    {
        "pk": 1,
        "model": "pr_messaging.messagetype",
        "fields": {
            "multiple_recipients": false,
            "description": null,
            "enabled": true,
            "name": "Log Message",
            "slug": "log-message"
        }
    },
    {
        "pk": 2,
        "model": "pr_messaging.messagetype",
        "fields": {
            "multiple_recipients": false,
            "description": null,
            "enabled": true,
            "name": "Assignment Task Message",
            "slug": "assignment-task-message"
        }
    },
    {
        "pk": 3,
        "model": "pr_messaging.messagetype",
        "fields": {
            "multiple_recipients": false,
            "description": null,
            "enabled": true,
            "name": "Generic",
            "slug": "generic"
        }
    },
    {
        "pk": 4,
        "model": "pr_messaging.messagetype",
        "fields": {
            "multiple_recipients": false,
            "description": null,
            "enabled": true,
            "name": "Initial Password",
            "slug": "initial-password"
        }
    },
    {
        "pk": 5,
        "model": "pr_messaging.messagetype",
        "fields": {
            "multiple_recipients": false,
            "description": null,
            "enabled": true,
            "name": "User Confirmation",
            "slug": "user-confirmation"
        }
    },
    {
        "pk": 6,
        "model": "pr_messaging.messagetype",
        "fields": {
            "multiple_recipients": false,
            "description": null,
            "enabled": true,
            "name": "Password Reset",
            "slug": "password-reset"
        }
    },
    {
        "pk": 1,
        "model": "pr_messaging.messagetemplate",
        "fields": {
            "body": "The following {{ log_level|lower }} message was logged:\n\n{{ log_message }}\n",
            "subject": "{{ log_level|upper }} Message Logged by Precor Experience VoD",
            "message_type": 1,
            "message_format": 1
        }
    },
    {
        "pk": 2,
        "model": "pr_messaging.messagetemplate",
        "fields": {
            "body": "{{ sender.get_full_name }} has sent you a message about the assignment detailed below.\n\nName: {{ task.name|capfirst }}\nTitle: {{ task.title|capfirst }}\nType of Task: {{ task.final_type.name|capfirst }}\nAssignment Status: {{ assignment.status|capfirst }}\n\n{% autoescape on %}\n{{ body }}\n{% endautoescape %}\n\n\n",
            "subject": "{% if subject %}\n{{ subject }}\n{% else %}\nMessage about {{task.name|capfirst}} Assignment\n{% endif %}\n",
            "message_type": 2,
            "message_format": 1
        }
    },
    {
        "pk": 3,
        "model": "pr_messaging.messagetemplate",
        "fields": {
            "body": "{% autoescape off %}\nDear {{ user.full_name }},\n\n{{ sender.full_name }} has sent you the following message:\n\n{{ body }}\n{% endautoescape %}\n",
            "subject": "{% autoescape off %}\n{{ subject }}\n{% endautoescape %}\n",
            "message_type": 3,
            "message_format": 1
        }
    },
    {
        "pk": 4,
        "model": "pr_messaging.messagetemplate",
        "fields": {
            "body": "{% autoescape off %}\n{{ date }}\n\n{{ user.first_name }} {{ user.last_name }}\n{{ organization.name }}\n\nDear {{ user.full_name }},\n\nCongratulations!  You are part of a group of users who have been bulk registered to use the new Precor Experience Training system.  Your username to get into the system is your email address and your password is {{ initial_password }}.  Once you are in the system you can change your password.  Click on Edit Profile in the upper right.\n\nBest regards,\n\nAdministrator\nPrecor Experience Training{% endautoescape %}\n",
            "subject": "{% autoescape off %}Welcome to Precor Experience{% endautoescape %}",
            "message_type": 4,
            "message_format": 1
        }
    },
    {
        "pk": 5,
        "model": "pr_messaging.messagetemplate",
        "fields": {
            "body": "{% load url from future %}\n{% autoescape off %}\n{{ date }}\n\n{{ user.first_name }} {{ user.last_name }}\n{{ organization.name }}\n\nDear {{ user.full_name }},\n\nCongratulations!  You have successfully registered in the Precor Experience Training learning management system.  Before you can login, you must confirm \nyour email address. You may do so by clicking on the following link: \n\n\n{{ backend_url }}{% url 'confirm_email' confirmation_code %}\n\n\nBest regards,\n\nAdministrator\nPrecor Experience Training{% endautoescape %}\n",
            "subject": "{% autoescape off %}Congratulations and welcome to Precor Experience{% endautoescape %}",
            "message_type": 5,
            "message_format": 1
        }
    },
    {
        "pk": 6,
        "model": "pr_messaging.messagetemplate",
        "fields": {
            "body": "{% autoescape off %}\n{{ date }}\n\n{{ user.first_name }} {{ user.last_name }}\n{{ organization.name }}\n\nDear {{ user.full_name }},\n\nSuccess! You have reset your password. Your new password is {{ new_password }}.\n\nBest regards,\n\nAdministrator\nPrecor Experience Training{% endautoescape %}\n",
            "subject": "{% autoescape off %}password reset for Precor Experience{% endautoescape %}",
            "message_type": 6,
            "message_format": 1
        }
    },
    {
        "pk": 1,
        "model": "pr_services.accheckmethod",
        "fields": {
            "save_timestamp": "2012-04-06T04:27:06.119Z",
            "description": "Check that an instructor can send email to task assignees.\n\n    This authorizes a method call which has a `task_id` argument.\n    ",
            "title": "method.instructor_can_email_task_assignees",
            "name": "method.instructor_can_email_task_assignees",
            "create_timestamp": "2012-04-06T04:27:06.119Z",
            "owner": null,
            "final_type": [
                "pr_services",
                "accheckmethod"
            ]
        }
    },
    {
        "pk": 2,
        "model": "pr_services.accheckmethod",
        "fields": {
            "save_timestamp": "2012-04-06T04:27:06.130Z",
            "description": "\n    Returns true if the actor is a product line manager for the given product line.\n\n    @param actee      Instance of product_line\n    ",
            "title": "product_line.actor_is_product_line_manager_of_product_line",
            "name": "product_line.actor_is_product_line_manager_of_product_line",
            "create_timestamp": "2012-04-06T04:27:06.130Z",
            "owner": null,
            "final_type": [
                "pr_services",
                "accheckmethod"
            ]
        }
    },
    {
        "pk": 3,
        "model": "pr_services.accheckmethod",
        "fields": {
            "save_timestamp": "2012-04-06T04:27:06.135Z",
            "description": "\n    Returns true if the actor is a product line manager for the given session.\n\n    @param actee      Instance of session\n    ",
            "title": "product_line.actor_is_product_line_manager_of_session",
            "name": "product_line.actor_is_product_line_manager_of_session",
            "create_timestamp": "2012-04-06T04:27:06.135Z",
            "owner": null,
            "final_type": [
                "pr_services",
                "accheckmethod"
            ]
        }
    },
    {
        "pk": 4,
        "model": "pr_services.accheckmethod",
        "fields": {
            "save_timestamp": "2012-04-06T04:27:06.140Z",
            "description": "\n    Returns true if the actor is a product line manager for the given session_template\n\n    @param actee      Instance of session_template\n    ",
            "title": "product_line.actor_is_product_line_manager_of_session_template",
            "name": "product_line.actor_is_product_line_manager_of_session_template",
            "create_timestamp": "2012-04-06T04:27:06.140Z",
            "owner": null,
            "final_type": [
                "pr_services",
                "accheckmethod"
            ]
        }
    },
    {
        "pk": 5,
        "model": "pr_services.accheckmethod",
        "fields": {
            "save_timestamp": "2012-04-06T04:27:06.145Z",
            "description": "\n    Returns True if the actor is the product line manager for a\n    product line in which the actee is an instructor.\n\n    @param actee      A user object that we are evaluation authorization for\n    ",
            "title": "product_line.actor_is_product_line_manager_of_user",
            "name": "product_line.actor_is_product_line_manager_of_user",
            "create_timestamp": "2012-04-06T04:27:06.145Z",
            "owner": null,
            "final_type": [
                "pr_services",
                "accheckmethod"
            ]
        }
    },
    {
        "pk": 6,
        "model": "pr_services.accheckmethod",
        "fields": {
            "save_timestamp": "2012-04-06T04:27:06.151Z",
            "description": "\n    This complicatedly name method exists to be a bit generically useful.\n    It will examine actee, ensuring that it is of type actee_model_name.\n    It will then ensure that attribute_name's value is equal to attribute_value.\n\n    ** Note: This depends on the model class's (or at least its parent class)\n    being in facade.models. **\n\n    @param auth_token       The authentication token of the acting user.\n                            Guests are allowed, and so this method does not\n                            use the auth_token\n    @type auth_token        facade.models.AuthToken\n    @param actee            The object in question\n    @type actee             pr_models.PRModel\n    @param actee_model_name The name of the type of the model that this check\n                             is supposed to be applied to\n    @type actee_model_name  str\n    @param attribute_name   The name of the attribute on actee that we want\n                            do perform a comparison on\n    @type attribute_name    str\n    @param attribute_value  The value that actee's attribute should be compared to\n    @type attribute_value   Many types are allowed (string, boolean, int, etc.)\n    ",
            "title": "constraint.actees_attribute_is_set_to",
            "name": "constraint.actees_attribute_is_set_to",
            "create_timestamp": "2012-04-06T04:27:06.151Z",
            "owner": null,
            "final_type": [
                "pr_services",
                "accheckmethod"
            ]
        }
    },
    {
        "pk": 7,
        "model": "pr_services.accheckmethod",
        "fields": {
            "save_timestamp": "2012-04-06T04:27:06.157Z",
            "description": "\n    This complicatedly name method exists to be a bit generically useful.\n    It will examine actee, ensuring that it is of type actee_model_name.\n    It will then follow a foreign key relationship,\n    actee.foreign_object_attribute_name, and ensure that that attribute's\n    value is equal to foreign_object_attribute_value.\n\n    ** Note: This depends on the model class's (or at least its parent class)\n    being in facade.models. **\n\n    @param auth_token                       The authentication token of the\n                                            acting user.  Guests are allowed,\n                                            and so this method does not use\n                                            the auth_token\n    @type auth_token                        facade.models.AuthToken\n    @param actee                            The object in question\n    @type actee                             pr_models.PRModel\n    @param actee_model_name                 The name of the type of the model\n                                            that this check is supposed to be\n                                            applied to\n    @type actee_model_name                  str\n    @param attribute_name                   The name of the attribute on actee\n                                            that we can use to retrieve the foreign\n                                            object\n    @type attribute_name                    str\n    @param foreign_object_attribute_name    The name of the attribute on actee\n                                            that will lead us to the foreign\n                                            object we care about\n    @type foreign_object_attribute_name     str\n    @param foreign_object_attribute_value   The value that the foriegn\n                                            object's attribute should be\n                                            compared to\n    @type foreign_object_attribute_value    Many types are allowed (string,\n                                            boolean, int, etc.)\n    ",
            "title": "constraint.actees_foreign_key_object_has_attribute_set_to",
            "name": "constraint.actees_foreign_key_object_has_attribute_set_to",
            "create_timestamp": "2012-04-06T04:27:06.157Z",
            "owner": null,
            "final_type": [
                "pr_services",
                "accheckmethod"
            ]
        }
    },
    {
        "pk": 8,
        "model": "pr_services.accheckmethod",
        "fields": {
            "save_timestamp": "2012-04-06T04:27:06.163Z",
            "description": "\n    Returns True if the actor and the actee are both enrolled in the same\n    session, for which actor is in the session_user_role actor_sur, and\n    actee is in the session_user_role actee_sur.  Returns False otherwise.\n\n    This method is only for use when the actee is a user.\n\n    @param actee      A user object that we are evaluation authorization for\n    @param actor_sur_id  The primary key of the session_user_role with which the\n            actor should be enrolled in the session\n    @param actee_sur_id  The primary key of the session_user_role with which\n            the actee should be enrolled in the session\n    ",
            "title": "constraint.actor_actee_enrolled_in_same_session",
            "name": "constraint.actor_actee_enrolled_in_same_session",
            "create_timestamp": "2012-04-06T04:27:06.163Z",
            "owner": null,
            "final_type": [
                "pr_services",
                "accheckmethod"
            ]
        }
    },
    {
        "pk": 9,
        "model": "pr_services.accheckmethod",
        "fields": {
            "save_timestamp": "2012-04-06T04:27:06.169Z",
            "description": "\n    Returns True if the actor is a valid authenticated user in\n    the system who is acting upon themselves.\n\n    @param actee  A user object that we wish to compare the actor to\n    ",
            "title": "constraint.actor_is_acting_upon_themselves",
            "name": "constraint.actor_is_acting_upon_themselves",
            "create_timestamp": "2012-04-06T04:27:06.169Z",
            "owner": null,
            "final_type": [
                "pr_services",
                "accheckmethod"
            ]
        }
    },
    {
        "pk": 10,
        "model": "pr_services.accheckmethod",
        "fields": {
            "save_timestamp": "2012-04-06T04:27:06.176Z",
            "description": "\n    This is a strange new breed of auth_check that concerns itcls with the\n    update_dict. It ensures that the update_dict is only attempting to add\n    items from the list of allowed primary keys to the attribute on the actee.\n    It will return false if any 'remove' operation is in the dict, or if any\n    primary key appears in the add list that is not in the allowed primary\n    key list.\n\n    @param auth_token       The authentication token of the acting user\n    @type auth_token        auth_token\n    @param actee            A user object that we are evaluation authorization for\n    @type actee             user\n    @param attribute_name   The attribute that we are authorizing the update\n                            call based on\n    @type attribute_name    string\n    @param allowed_pks      A list of primary keys that we will allow the actor\n                            to add to the actee's many ended attribute\n    @type allowed_pks       list\n    @param update_dict      The dictionary of changes that the actor is\n                            attempting to apply to actee\n    @type update_dict       dict\n    @return                 A boolean of whether or not the actor will be\n                            allowed to run the update call\n    @raises                 InvalidActeeTypeException, AttributeNotInUpdateDictException\n    ",
            "title": "constraint.actor_is_adding_allowed_many_ended_objects_to_user",
            "name": "constraint.actor_is_adding_allowed_many_ended_objects_to_user",
            "create_timestamp": "2012-04-06T04:27:06.175Z",
            "owner": null,
            "final_type": [
                "pr_services",
                "accheckmethod"
            ]
        }
    },
    {
        "pk": 11,
        "model": "pr_services.accheckmethod",
        "fields": {
            "save_timestamp": "2012-04-06T04:27:06.181Z",
            "description": "\n    Returns True if the actor is the instructor manager for a product\n    line in which the actee is an instructor.\n\n    @param actee      A user object that we are evaluation authorization for\n    ",
            "title": "constraint.actor_is_instructor_manager_of_actee",
            "name": "constraint.actor_is_instructor_manager_of_actee",
            "create_timestamp": "2012-04-06T04:27:06.181Z",
            "owner": null,
            "final_type": [
                "pr_services",
                "accheckmethod"
            ]
        }
    },
    {
        "pk": 12,
        "model": "pr_services.accheckmethod",
        "fields": {
            "save_timestamp": "2012-04-06T04:27:06.186Z",
            "description": "\n    Returns True if the actor is the user who created the venue, which is discovered by\n    examining the venue's blame\n    ",
            "title": "constraint.actor_is_venue_creator",
            "name": "constraint.actor_is_venue_creator",
            "create_timestamp": "2012-04-06T04:27:06.186Z",
            "owner": null,
            "final_type": [
                "pr_services",
                "accheckmethod"
            ]
        }
    },
    {
        "pk": 13,
        "model": "pr_services.accheckmethod",
        "fields": {
            "save_timestamp": "2012-04-06T04:27:06.191Z",
            "description": "\n    Returns True if the actor's status is equal to the specified status.\n\n    @param actee    Not used by this method\n    @type actee     user\n    @param status   The status value that we want to know if the user has or not\n    @type status    string\n    @return         True if the actor's status is equal to the specified status, false otherwise.\n    ",
            "title": "constraint.actor_status_check",
            "name": "constraint.actor_status_check",
            "create_timestamp": "2012-04-06T04:27:06.191Z",
            "owner": null,
            "final_type": [
                "pr_services",
                "accheckmethod"
            ]
        }
    },
    {
        "pk": 14,
        "model": "pr_services.accheckmethod",
        "fields": {
            "save_timestamp": "2012-04-06T04:27:06.197Z",
            "description": "\n    Does nothing if the ExamSession does not have any answered questions\n    or ratings.  That allows us to use the same ACL to allow creation of\n    an ExamSession and allow reading results.  Returns True if the\n    ExamSession has been finished, else False.\n\n    @param actee      Instance of ExamSession\n    ",
            "title": "constraint.populated_exam_session_is_finished",
            "name": "constraint.populated_exam_session_is_finished",
            "create_timestamp": "2012-04-06T04:27:06.197Z",
            "owner": null,
            "final_type": [
                "pr_services",
                "accheckmethod"
            ]
        }
    },
    {
        "pk": 15,
        "model": "pr_services.accheckmethod",
        "fields": {
            "save_timestamp": "2012-04-06T04:27:06.202Z",
            "description": "\n    Returns True iff the session_user_role associate with the actee is the same as the\n    session_user_role specified by the parameter session_user_role.\n    ",
            "title": "constraint.surr_is_of_a_particular_sur",
            "name": "constraint.surr_is_of_a_particular_sur",
            "create_timestamp": "2012-04-06T04:27:06.202Z",
            "owner": null,
            "final_type": [
                "pr_services",
                "accheckmethod"
            ]
        }
    },
    {
        "pk": 16,
        "model": "pr_services.accheckmethod",
        "fields": {
            "save_timestamp": "2012-04-06T04:27:06.209Z",
            "description": "Returns True iff the actor is the owner of the AchievementAward",
            "title": "ownership.actor_owns_achievement_award",
            "name": "ownership.actor_owns_achievement_award",
            "create_timestamp": "2012-04-06T04:27:06.209Z",
            "owner": null,
            "final_type": [
                "pr_services",
                "accheckmethod"
            ]
        }
    },
    {
        "pk": 17,
        "model": "pr_services.accheckmethod",
        "fields": {
            "save_timestamp": "2012-04-06T04:27:06.214Z",
            "description": "\n    Returns True iff the actor is the owner of an AchievementAward for the\n    Achievement.\n    ",
            "title": "ownership.actor_owns_achievement_award_for_achievement",
            "name": "ownership.actor_owns_achievement_award_for_achievement",
            "create_timestamp": "2012-04-06T04:27:06.214Z",
            "owner": null,
            "final_type": [
                "pr_services",
                "accheckmethod"
            ]
        }
    },
    {
        "pk": 18,
        "model": "pr_services.accheckmethod",
        "fields": {
            "save_timestamp": "2012-04-06T04:27:06.219Z",
            "description": "\n    Returns True if the address object is either the user's\n    shipping or billing address, False otherwise.\n\n    @param actee  The address object in question\n    ",
            "title": "ownership.actor_owns_address",
            "name": "ownership.actor_owns_address",
            "create_timestamp": "2012-04-06T04:27:06.219Z",
            "owner": null,
            "final_type": [
                "pr_services",
                "accheckmethod"
            ]
        }
    },
    {
        "pk": 19,
        "model": "pr_services.accheckmethod",
        "fields": {
            "save_timestamp": "2012-04-06T04:27:06.224Z",
            "description": "Returns True iff the actor is the owner of the Assignment.",
            "title": "ownership.actor_owns_assignment",
            "name": "ownership.actor_owns_assignment",
            "create_timestamp": "2012-04-06T04:27:06.224Z",
            "owner": null,
            "final_type": [
                "pr_services",
                "accheckmethod"
            ]
        }
    },
    {
        "pk": 20,
        "model": "pr_services.accheckmethod",
        "fields": {
            "save_timestamp": "2012-04-06T04:27:06.230Z",
            "description": "\n    Returns True iff the actor is the owner of the Assignment\n    ",
            "title": "ownership.actor_owns_assignment_attempt",
            "name": "ownership.actor_owns_assignment_attempt",
            "create_timestamp": "2012-04-06T04:27:06.230Z",
            "owner": null,
            "final_type": [
                "pr_services",
                "accheckmethod"
            ]
        }
    },
    {
        "pk": 21,
        "model": "pr_services.accheckmethod",
        "fields": {
            "save_timestamp": "2012-04-06T04:27:06.234Z",
            "description": "Returns True iff actor owns an assignment for the given task.",
            "title": "ownership.actor_owns_assignment_for_task",
            "name": "ownership.actor_owns_assignment_for_task",
            "create_timestamp": "2012-04-06T04:27:06.234Z",
            "owner": null,
            "final_type": [
                "pr_services",
                "accheckmethod"
            ]
        }
    },
    {
        "pk": 22,
        "model": "pr_services.accheckmethod",
        "fields": {
            "save_timestamp": "2012-04-06T04:27:06.240Z",
            "description": "\n    Returns True if the actor is the owner of the Assignment, or if the\n    actor is a guest and the Assignment doesn't have a user @check\ndefined.\n    ",
            "title": "ownership.actor_owns_assignment_or_is_guest",
            "name": "ownership.actor_owns_assignment_or_is_guest",
            "create_timestamp": "2012-04-06T04:27:06.240Z",
            "owner": null,
            "final_type": [
                "pr_services",
                "accheckmethod"
            ]
        }
    },
    {
        "pk": 23,
        "model": "pr_services.accheckmethod",
        "fields": {
            "save_timestamp": "2012-04-06T04:27:06.246Z",
            "description": "\n    Returns True iff the actor is the owner of the Credential\n    ",
            "title": "ownership.actor_owns_credential",
            "name": "ownership.actor_owns_credential",
            "create_timestamp": "2012-04-06T04:27:06.246Z",
            "owner": null,
            "final_type": [
                "pr_services",
                "accheckmethod"
            ]
        }
    },
    {
        "pk": 24,
        "model": "pr_services.accheckmethod",
        "fields": {
            "save_timestamp": "2012-04-06T04:27:06.251Z",
            "description": "\n    Returns true if the actor is the owner of an event.\n    ",
            "title": "ownership.actor_owns_event",
            "name": "ownership.actor_owns_event",
            "create_timestamp": "2012-04-06T04:27:06.250Z",
            "owner": null,
            "final_type": [
                "pr_services",
                "accheckmethod"
            ]
        }
    },
    {
        "pk": 25,
        "model": "pr_services.accheckmethod",
        "fields": {
            "save_timestamp": "2012-04-06T04:27:06.256Z",
            "description": "\n    Returns true if the actor owns the payment.\n\n    @param actee      Instance of a purchase_order\n    ",
            "title": "ownership.actor_owns_payment",
            "name": "ownership.actor_owns_payment",
            "create_timestamp": "2012-04-06T04:27:06.256Z",
            "owner": null,
            "final_type": [
                "pr_services",
                "accheckmethod"
            ]
        }
    },
    {
        "pk": 26,
        "model": "pr_services.accheckmethod",
        "fields": {
            "save_timestamp": "2012-04-06T04:27:06.262Z",
            "description": "\n    Returns True if the actor is the same User object as is listed in the\n    PRModel's owner field, or if the PRModel has None in its owner field.\n    ",
            "title": "ownership.actor_owns_prmodel",
            "name": "ownership.actor_owns_prmodel",
            "create_timestamp": "2012-04-06T04:27:06.262Z",
            "owner": null,
            "final_type": [
                "pr_services",
                "accheckmethod"
            ]
        }
    },
    {
        "pk": 27,
        "model": "pr_services.accheckmethod",
        "fields": {
            "save_timestamp": "2012-04-06T04:27:06.268Z",
            "description": "\n    Returns true if the actor owns the purchase order being accessed.\n\n    @param actee      Instance of a purchase_order\n    ",
            "title": "ownership.actor_owns_purchase_order",
            "name": "ownership.actor_owns_purchase_order",
            "create_timestamp": "2012-04-06T04:27:06.268Z",
            "owner": null,
            "final_type": [
                "pr_services",
                "accheckmethod"
            ]
        }
    },
    {
        "pk": 28,
        "model": "pr_services.accheckmethod",
        "fields": {
            "save_timestamp": "2012-04-06T04:27:06.274Z",
            "description": "\n    Returns True iff the QuestionResponse is for an ExamSession owned by the\n    actor.\n    ",
            "title": "ownership.actor_owns_question_response",
            "name": "ownership.actor_owns_question_response",
            "create_timestamp": "2012-04-06T04:27:06.274Z",
            "owner": null,
            "final_type": [
                "pr_services",
                "accheckmethod"
            ]
        }
    },
    {
        "pk": 29,
        "model": "pr_services.accheckmethod",
        "fields": {
            "save_timestamp": "2012-04-06T04:27:06.282Z",
            "description": "\n    Returns True if the actor owns the event associated with this session.\n    ",
            "title": "ownership.actor_owns_session",
            "name": "ownership.actor_owns_session",
            "create_timestamp": "2012-04-06T04:27:06.282Z",
            "owner": null,
            "final_type": [
                "pr_services",
                "accheckmethod"
            ]
        }
    },
    {
        "pk": 30,
        "model": "pr_services.accheckmethod",
        "fields": {
            "save_timestamp": "2012-04-06T04:27:06.288Z",
            "description": "\n    Returns True if the session associated with the session_user_role_requirement is owned\n    by the actor\n    ",
            "title": "ownership.actor_owns_session_user_role_requirement",
            "name": "ownership.actor_owns_session_user_role_requirement",
            "create_timestamp": "2012-04-06T04:27:06.288Z",
            "owner": null,
            "final_type": [
                "pr_services",
                "accheckmethod"
            ]
        }
    },
    {
        "pk": 31,
        "model": "pr_services.accheckmethod",
        "fields": {
            "save_timestamp": "2012-04-06T04:27:06.295Z",
            "description": "\n    Returns true if the actor owns the purchase order being accessed.\n\n    @param actee      Instance of a purchase_order\n    ",
            "title": "ownership.actor_owns_training_unit_authorization",
            "name": "ownership.actor_owns_training_unit_authorization",
            "create_timestamp": "2012-04-06T04:27:06.295Z",
            "owner": null,
            "final_type": [
                "pr_services",
                "accheckmethod"
            ]
        }
    },
    {
        "pk": 32,
        "model": "pr_services.accheckmethod",
        "fields": {
            "save_timestamp": "2012-04-06T04:27:06.302Z",
            "description": "\n    Returns true if the purchase order being accessed has no payments.\n\n    @param actee      Instance of a purchase_order\n    ",
            "title": "payment.purchase_order_has_no_payments",
            "name": "payment.purchase_order_has_no_payments",
            "create_timestamp": "2012-04-06T04:27:06.302Z",
            "owner": null,
            "final_type": [
                "pr_services",
                "accheckmethod"
            ]
        }
    },
    {
        "pk": 33,
        "model": "pr_services.accheckmethod",
        "fields": {
            "save_timestamp": "2012-04-06T04:27:06.308Z",
            "description": "\n    Returns true if the purchase order being accessed has at least one payment.\n\n    @param actee      Instance of a purchase_order\n    ",
            "title": "payment.purchase_order_has_payments",
            "name": "payment.purchase_order_has_payments",
            "create_timestamp": "2012-04-06T04:27:06.308Z",
            "owner": null,
            "final_type": [
                "pr_services",
                "accheckmethod"
            ]
        }
    },
    {
        "pk": 34,
        "model": "pr_services.accheckmethod",
        "fields": {
            "save_timestamp": "2012-04-06T04:27:06.314Z",
            "description": "\n    Returns true if the refund does not put the total amount of\n    refunds for a particular payment over the value of the payment.\n\n    @param actee      Instance of refund\n    ",
            "title": "payment.refund_does_not_exceed_payment",
            "name": "payment.refund_does_not_exceed_payment",
            "create_timestamp": "2012-04-06T04:27:06.314Z",
            "owner": null,
            "final_type": [
                "pr_services",
                "accheckmethod"
            ]
        }
    },
    {
        "pk": 35,
        "model": "pr_services.accheckmethod",
        "fields": {
            "save_timestamp": "2012-04-06T04:27:06.321Z",
            "description": "auth.actor_is_anybody",
            "title": "auth.actor_is_anybody",
            "name": "auth.actor_is_anybody",
            "create_timestamp": "2012-04-06T04:27:06.321Z",
            "owner": null,
            "final_type": [
                "pr_services",
                "accheckmethod"
            ]
        }
    },
    {
        "pk": 36,
        "model": "pr_services.accheckmethod",
        "fields": {
            "save_timestamp": "2012-04-06T04:27:06.328Z",
            "description": "Returns True if the actor is an authenticated user.",
            "title": "auth.actor_is_authenticated",
            "name": "auth.actor_is_authenticated",
            "create_timestamp": "2012-04-06T04:27:06.328Z",
            "owner": null,
            "final_type": [
                "pr_services",
                "accheckmethod"
            ]
        }
    },
    {
        "pk": 37,
        "model": "pr_services.accheckmethod",
        "fields": {
            "save_timestamp": "2012-04-06T04:27:06.335Z",
            "description": "Returns True if the actor is a guest.",
            "title": "auth.actor_is_guest",
            "name": "auth.actor_is_guest",
            "create_timestamp": "2012-04-06T04:27:06.335Z",
            "owner": null,
            "final_type": [
                "pr_services",
                "accheckmethod"
            ]
        }
    },
    {
        "pk": 38,
        "model": "pr_services.accheckmethod",
        "fields": {
            "save_timestamp": "2012-04-06T04:27:06.342Z",
            "description": "\n    Returns True iff the actor is assigned to the CurriculumEnrollment\n    ",
            "title": "assignment.actor_assigned_to_curriculum_enrollment",
            "name": "assignment.actor_assigned_to_curriculum_enrollment",
            "create_timestamp": "2012-04-06T04:27:06.342Z",
            "owner": null,
            "final_type": [
                "pr_services",
                "accheckmethod"
            ]
        }
    },
    {
        "pk": 39,
        "model": "pr_services.accheckmethod",
        "fields": {
            "save_timestamp": "2012-04-06T04:27:06.348Z",
            "description": "\n    Returns True if the actor is assigned to a session for the\n    actee (an `Event` object).\n    ",
            "title": "assignment.actor_assigned_to_event_session",
            "name": "assignment.actor_assigned_to_event_session",
            "create_timestamp": "2012-04-06T04:27:06.348Z",
            "owner": null,
            "final_type": [
                "pr_services",
                "accheckmethod"
            ]
        }
    },
    {
        "pk": 40,
        "model": "pr_services.accheckmethod",
        "fields": {
            "save_timestamp": "2012-04-06T04:27:06.355Z",
            "description": "\n    Returns True iff the actor has an assignment for this session\n    ",
            "title": "assignment.actor_assigned_to_session",
            "name": "assignment.actor_assigned_to_session",
            "create_timestamp": "2012-04-06T04:27:06.355Z",
            "owner": null,
            "final_type": [
                "pr_services",
                "accheckmethod"
            ]
        }
    },
    {
        "pk": 41,
        "model": "pr_services.accheckmethod",
        "fields": {
            "save_timestamp": "2012-04-06T04:27:06.361Z",
            "description": "\n    Returns True iff the actor has completed all of the prerequisite tasks\n    for the task being queried.\n    ",
            "title": "assignment.actor_has_completed_assignment_prerequisites",
            "name": "assignment.actor_has_completed_assignment_prerequisites",
            "create_timestamp": "2012-04-06T04:27:06.361Z",
            "owner": null,
            "final_type": [
                "pr_services",
                "accheckmethod"
            ]
        }
    },
    {
        "pk": 42,
        "model": "pr_services.accheckmethod",
        "fields": {
            "save_timestamp": "2012-04-06T04:27:06.369Z",
            "description": "\n    Returns True iff the actor has completed all of the prerequisite tasks for the task being queried.\n    ",
            "title": "assignment.actor_has_completed_task_prerequisites",
            "name": "assignment.actor_has_completed_task_prerequisites",
            "create_timestamp": "2012-04-06T04:27:06.369Z",
            "owner": null,
            "final_type": [
                "pr_services",
                "accheckmethod"
            ]
        }
    },
    {
        "pk": 43,
        "model": "pr_services.accheckmethod",
        "fields": {
            "save_timestamp": "2012-04-06T04:27:06.377Z",
            "description": "\n    Returns True iff the assignment_attempt's dates meet the restrictions\n    defined on the Assignment\n    ",
            "title": "assignment.assignment_attempt_meets_date_restrictions",
            "name": "assignment.assignment_attempt_meets_date_restrictions",
            "create_timestamp": "2012-04-06T04:27:06.377Z",
            "owner": null,
            "final_type": [
                "pr_services",
                "accheckmethod"
            ]
        }
    },
    {
        "pk": 44,
        "model": "pr_services.accheckmethod",
        "fields": {
            "save_timestamp": "2012-04-06T04:27:06.383Z",
            "description": "\n    Returns True iff the assignment_attempt's prerequisites have been met\n    ",
            "title": "assignment.assignment_attempt_prerequisites_met",
            "name": "assignment.assignment_attempt_prerequisites_met",
            "create_timestamp": "2012-04-06T04:27:06.383Z",
            "owner": null,
            "final_type": [
                "pr_services",
                "accheckmethod"
            ]
        }
    },
    {
        "pk": 45,
        "model": "pr_services.accheckmethod",
        "fields": {
            "save_timestamp": "2012-04-06T04:27:06.390Z",
            "description": "\n    Returns True iff the assignment's prerequisites have been met\n    ",
            "title": "assignment.assignment_prerequisites_met",
            "name": "assignment.assignment_prerequisites_met",
            "create_timestamp": "2012-04-06T04:27:06.390Z",
            "owner": null,
            "final_type": [
                "pr_services",
                "accheckmethod"
            ]
        }
    },
    {
        "pk": 46,
        "model": "pr_services.accheckmethod",
        "fields": {
            "save_timestamp": "2012-04-06T04:27:06.396Z",
            "description": "\n    Returns true if the assignment is at a venue that matches the actor's\n    preferred venue\n\n    @param actee      Instance of Assignment\n    ",
            "title": "assignment.assignment_venue_matches_actor_preferred_venue",
            "name": "assignment.assignment_venue_matches_actor_preferred_venue",
            "create_timestamp": "2012-04-06T04:27:06.396Z",
            "owner": null,
            "final_type": [
                "pr_services",
                "accheckmethod"
            ]
        }
    },
    {
        "pk": 47,
        "model": "pr_services.accheckmethod",
        "fields": {
            "save_timestamp": "2012-04-06T04:27:06.403Z",
            "description": "\n    If the actee is in the group, the method returns True iff they are also\n    of the domain.  If they are not in the group, it will return False.\n\n    This is useful for making sure that participants who register themselves are\n    in a particular domain, such as 'constantcontact.com' for the Constant\n    Contact variant.\n\n    Note that returning False instead of True if the user is not a part of\n    the specified group is a different behavior from what the Constant\n    Contact variant does!\n\n    @param actee    The user object in question\n    @type actee     user\n    @param group_id The primary key of the group that the actee must be a member of\n    @param domain_id the primary key of the domain\n    ",
            "title": "membership.actee_is_in_group_and_domain",
            "name": "membership.actee_is_in_group_and_domain",
            "create_timestamp": "2012-04-06T04:27:06.403Z",
            "owner": null,
            "final_type": [
                "pr_services",
                "accheckmethod"
            ]
        }
    },
    {
        "pk": 48,
        "model": "pr_services.accheckmethod",
        "fields": {
            "save_timestamp": "2012-04-06T04:27:06.410Z",
            "description": "\n    Returns True if the actor is the manager of the group.\n\n    @param actee  Instance of a group\n    ",
            "title": "membership.actor_is_group_manager",
            "name": "membership.actor_is_group_manager",
            "create_timestamp": "2012-04-06T04:27:06.410Z",
            "owner": null,
            "final_type": [
                "pr_services",
                "accheckmethod"
            ]
        }
    },
    {
        "pk": 49,
        "model": "pr_services.accheckmethod",
        "fields": {
            "save_timestamp": "2012-04-06T04:27:06.417Z",
            "description": "Returns true if the actee is a group and the actor is a member thereof.",
            "title": "membership.actor_is_in_actee_which_is_a_group",
            "name": "membership.actor_is_in_actee_which_is_a_group",
            "create_timestamp": "2012-04-06T04:27:06.417Z",
            "owner": null,
            "final_type": [
                "pr_services",
                "accheckmethod"
            ]
        }
    },
    {
        "pk": 50,
        "model": "pr_services.accheckmethod",
        "fields": {
            "save_timestamp": "2012-04-06T04:27:06.423Z",
            "description": "\n    Returns True if the actee is an Organization and the actor belongs to that\n    organization.\n    ",
            "title": "membership.actor_is_in_actee_which_is_an_organization",
            "name": "membership.actor_is_in_actee_which_is_an_organization",
            "create_timestamp": "2012-04-06T04:27:06.423Z",
            "owner": null,
            "final_type": [
                "pr_services",
                "accheckmethod"
            ]
        }
    },
    {
        "pk": 51,
        "model": "pr_services.accheckmethod",
        "fields": {
            "save_timestamp": "2012-04-06T04:27:06.431Z",
            "description": "\n    Returns True if the actor is a member of the specified group, False otherwise.\n\n    @param actee      Not used by this method, but must be passed anyway as\n            per authorization system requirements\n    @param group_id   The primary key of the group we wish to test membership in\n    ",
            "title": "membership.actor_member_of_group",
            "name": "membership.actor_member_of_group",
            "create_timestamp": "2012-04-06T04:27:06.431Z",
            "owner": null,
            "final_type": [
                "pr_services",
                "accheckmethod"
            ]
        }
    },
    {
        "pk": 52,
        "model": "pr_services.accheckmethod",
        "fields": {
            "save_timestamp": "2012-04-06T04:27:06.438Z",
            "description": "\n    Returns True if the DomainAffiliation's 'user' attribute\n    references the actor\n\n    @param actee  The DomainAffiliation object in question\n    ",
            "title": "membership.actor_related_to_domain_affiliation",
            "name": "membership.actor_related_to_domain_affiliation",
            "create_timestamp": "2012-04-06T04:27:06.438Z",
            "owner": null,
            "final_type": [
                "pr_services",
                "accheckmethod"
            ]
        }
    },
    {
        "pk": 53,
        "model": "pr_services.accheckmethod",
        "fields": {
            "save_timestamp": "2012-04-06T04:27:06.445Z",
            "description": "\n    Returns True if the actor has the specified OrgRole for the\n    organization to which the actee (an `Assignment` object) belongs.\n    False otherwise.\n    ",
            "title": "membership.orgrole.actor_orgrole_for_assignment",
            "name": "membership.orgrole.actor_orgrole_for_assignment",
            "create_timestamp": "2012-04-06T04:27:06.445Z",
            "owner": null,
            "final_type": [
                "pr_services",
                "accheckmethod"
            ]
        }
    },
    {
        "pk": 54,
        "model": "pr_services.accheckmethod",
        "fields": {
            "save_timestamp": "2012-04-06T04:27:06.452Z",
            "description": "\n    Returns True if the actor has the specified OrgRole for the organization to\n    which the actee (a `Credential` object) belongs. False Otherwise.\n    ",
            "title": "membership.orgrole.actor_orgrole_for_credential",
            "name": "membership.orgrole.actor_orgrole_for_credential",
            "create_timestamp": "2012-04-06T04:27:06.452Z",
            "owner": null,
            "final_type": [
                "pr_services",
                "accheckmethod"
            ]
        }
    },
    {
        "pk": 55,
        "model": "pr_services.accheckmethod",
        "fields": {
            "save_timestamp": "2012-04-06T04:27:06.458Z",
            "description": "\n    Returns True if the actor is a `CredentialType` object. Currently this is a\n    tautology because it always returns True. Support for differentiating\n    Credential types by Organization *may* be implemented in the future.\n    ",
            "title": "membership.orgrole.actor_orgrole_for_credential_type",
            "name": "membership.orgrole.actor_orgrole_for_credential_type",
            "create_timestamp": "2012-04-06T04:27:06.458Z",
            "owner": null,
            "final_type": [
                "pr_services",
                "accheckmethod"
            ]
        }
    },
    {
        "pk": 56,
        "model": "pr_services.accheckmethod",
        "fields": {
            "save_timestamp": "2012-04-06T04:27:06.464Z",
            "description": "\n    Returns True if the actor has the specified OrgRole for the\n    organization to which the actee (a `CurriculumTaskAssignment`\n    object) belongs. False otherwise\n    ",
            "title": "membership.orgrole.actor_orgrole_for_curriculum_task_assoc",
            "name": "membership.orgrole.actor_orgrole_for_curriculum_task_assoc",
            "create_timestamp": "2012-04-06T04:27:06.464Z",
            "owner": null,
            "final_type": [
                "pr_services",
                "accheckmethod"
            ]
        }
    },
    {
        "pk": 57,
        "model": "pr_services.accheckmethod",
        "fields": {
            "save_timestamp": "2012-04-06T04:27:06.472Z",
            "description": "\n    Returns True if the actor has the specified OrgRole for the\n    organization to which the actee (a `CurriculumEnrollment` object)\n    belongs. False otherwise.\n    ",
            "title": "membership.orgrole.actor_orgrole_for_enrollment",
            "name": "membership.orgrole.actor_orgrole_for_enrollment",
            "create_timestamp": "2012-04-06T04:27:06.472Z",
            "owner": null,
            "final_type": [
                "pr_services",
                "accheckmethod"
            ]
        }
    },
    {
        "pk": 58,
        "model": "pr_services.accheckmethod",
        "fields": {
            "save_timestamp": "2012-04-06T04:27:06.479Z",
            "description": "\n    Returns True if the actor has the specified OrgRole for the\n    organization which owns the actee, an `Answer` object.\n    False otherwise.\n    ",
            "title": "membership.orgrole.actor_orgrole_for_exam_answer",
            "name": "membership.orgrole.actor_orgrole_for_exam_answer",
            "create_timestamp": "2012-04-06T04:27:06.479Z",
            "owner": null,
            "final_type": [
                "pr_services",
                "accheckmethod"
            ]
        }
    },
    {
        "pk": 59,
        "model": "pr_services.accheckmethod",
        "fields": {
            "save_timestamp": "2012-04-06T04:27:06.486Z",
            "description": "\n    Returns True if the actor has the specified OrgRole for the\n    organization which owns the actee (a `Question` or `QuestionPool`\n    object). False otherwise.\n    ",
            "title": "membership.orgrole.actor_orgrole_for_exam_question",
            "name": "membership.orgrole.actor_orgrole_for_exam_question",
            "create_timestamp": "2012-04-06T04:27:06.486Z",
            "owner": null,
            "final_type": [
                "pr_services",
                "accheckmethod"
            ]
        }
    },
    {
        "pk": 60,
        "model": "pr_services.accheckmethod",
        "fields": {
            "save_timestamp": "2012-04-06T04:27:06.492Z",
            "description": "\n    Return True if the actor has the specified OrgRole for any\n    organization at all.\n    ",
            "title": "membership.orgrole.actor_orgrole_for_organization",
            "name": "membership.orgrole.actor_orgrole_for_organization",
            "create_timestamp": "2012-04-06T04:27:06.492Z",
            "owner": null,
            "final_type": [
                "pr_services",
                "accheckmethod"
            ]
        }
    },
    {
        "pk": 61,
        "model": "pr_services.accheckmethod",
        "fields": {
            "save_timestamp": "2012-04-06T04:27:06.498Z",
            "description": "\n    Returns True if the actor has the specified OrgRole for the\n    organization which owns the actee (a `Resource` object). False\n    otherwise.\n    ",
            "title": "membership.orgrole.actor_orgrole_for_resource",
            "name": "membership.orgrole.actor_orgrole_for_resource",
            "create_timestamp": "2012-04-06T04:27:06.498Z",
            "owner": null,
            "final_type": [
                "pr_services",
                "accheckmethod"
            ]
        }
    },
    {
        "pk": 62,
        "model": "pr_services.accheckmethod",
        "fields": {
            "save_timestamp": "2012-04-06T04:27:06.503Z",
            "description": "\n    Returns True if the actor has the specified OrgRole for the\n    organization to which the actee (a `Session` object) belongs. False\n    otherwise.\n    ",
            "title": "membership.orgrole.actor_orgrole_for_session",
            "name": "membership.orgrole.actor_orgrole_for_session",
            "create_timestamp": "2012-04-06T04:27:06.503Z",
            "owner": null,
            "final_type": [
                "pr_services",
                "accheckmethod"
            ]
        }
    },
    {
        "pk": 63,
        "model": "pr_services.accheckmethod",
        "fields": {
            "save_timestamp": "2012-04-06T04:27:06.508Z",
            "description": "\n    Returns True if the actor has the specified OrgRole for the\n    organization to which the actee (as `SessionUserRoleRequirement` object)\n    belongs. False otherwise.\n    ",
            "title": "membership.orgrole.actor_orgrole_for_surr",
            "name": "membership.orgrole.actor_orgrole_for_surr",
            "create_timestamp": "2012-04-06T04:27:06.508Z",
            "owner": null,
            "final_type": [
                "pr_services",
                "accheckmethod"
            ]
        }
    },
    {
        "pk": 64,
        "model": "pr_services.accheckmethod",
        "fields": {
            "save_timestamp": "2012-04-06T04:27:06.513Z",
            "description": "\n    Returns True if the actor has the specified OrgRole for the\n    organization to which the actee (a `Task` object or instance)\n    belongs. False otherwise.\n    ",
            "title": "membership.orgrole.actor_orgrole_for_task",
            "name": "membership.orgrole.actor_orgrole_for_task",
            "create_timestamp": "2012-04-06T04:27:06.513Z",
            "owner": null,
            "final_type": [
                "pr_services",
                "accheckmethod"
            ]
        }
    },
    {
        "pk": 65,
        "model": "pr_services.accheckmethod",
        "fields": {
            "save_timestamp": "2012-04-06T04:27:06.518Z",
            "description": "\n    Returns True if the actor has the specified OrgRole for the\n    organization to which the actee (a `User` object) belongs. False\n    otherwise.\n    ",
            "title": "membership.orgrole.actor_orgrole_for_user",
            "name": "membership.orgrole.actor_orgrole_for_user",
            "create_timestamp": "2012-04-06T04:27:06.518Z",
            "owner": null,
            "final_type": [
                "pr_services",
                "accheckmethod"
            ]
        }
    },
    {
        "pk": 66,
        "model": "pr_services.accheckmethod",
        "fields": {
            "save_timestamp": "2012-04-06T04:27:06.524Z",
            "description": "\n    Returns True if the actor has the specified OrgRole for the same\n    organization as the actee (a `UserOrgRole` object) and the actee does not\n    belong to other organizations.\n    ",
            "title": "membership.orgrole.actor_orgrole_for_userorgrole",
            "name": "membership.orgrole.actor_orgrole_for_userorgrole",
            "create_timestamp": "2012-04-06T04:27:06.524Z",
            "owner": null,
            "final_type": [
                "pr_services",
                "accheckmethod"
            ]
        }
    },
    {
        "pk": 67,
        "model": "pr_services.accheckmethod",
        "fields": {
            "save_timestamp": "2012-04-06T04:27:06.532Z",
            "description": "\n    Returns True if the actor has the specified OrgRole named `role` for an\n    organization, and the actee is a member of the same organization.\n\n    This check supports ALL authorizable actee types for OrgRole privileges.\n    ",
            "title": "membership.orgrole.actor_role_in_actee_org",
            "name": "membership.orgrole.actor_role_in_actee_org",
            "create_timestamp": "2012-04-06T04:27:06.532Z",
            "owner": null,
            "final_type": [
                "pr_services",
                "accheckmethod"
            ]
        }
    },
    {
        "pk": 1,
        "model": "pr_services.acl",
        "fields": {
            "save_timestamp": "2012-04-06T04:27:06.615Z",
            "final_type": [
                "pr_services",
                "acl"
            ],
            "arbitrary_perm_list": "(lp1\nS'access_db_settings'\np2\naS'change_password_of_other_users'\np3\naS'check_usernames'\np4\naS'exceed_enrollment_capacity'\np5\naS'logging'\np6\naS'read_reports'\np7\naS'regenerate_payment_confirmations'\np8\naS'resend_payment_confirmations'\np9\naS'send_email'\np10\naS'upload_scorm_course'\np11\na.",
            "acl": "(dp1\nS'Group'\np2\n(dp3\nS'c'\nI01\nsS'r'\nc__builtin__\nset\np4\n((lp5\nS'save_timestamp'\np6\naS'name'\np7\naS'default'\np8\naS'notes'\np9\naS'create_timestamp'\np10\naS'content_type'\np11\naS'managers'\np12\naS'id'\np13\naS'categories'\np14\naS'users'\np15\natRp16\nsS'u'\ng4\n((lp17\ng12\nag7\nag8\nag9\nag14\nag15\natRp18\nsS'd'\nI01\nssS'ResourceType'\np19\n(dp20\nS'c'\nI01\nsS'r'\ng4\n((lp21\ng6\nag7\nag9\nag10\nag11\naS'sessiontemplateresourcetypereqs'\np22\nag13\naS'resources'\np23\naS'sessionresourcetyperequirements'\np24\natRp25\nsS'u'\ng4\n((lp26\ng9\nag24\nag7\nag23\nag22\natRp27\nsS'd'\nI01\nssS'CurriculumEnrollment'\np28\n(dp29\nS'c'\nI01\nsS'r'\ng4\n((lp30\ng6\nag15\naS'start'\np31\naS'curriculum_name'\np32\naS'curriculum'\np33\nag13\naS'assignments'\np34\nag10\nag11\naS'end'\np35\nag9\naS'user_completion_statuses'\np36\natRp37\nsS'u'\ng4\n((lp38\ng31\nag9\nag33\nag35\nag15\natRp39\nsS'd'\nI01\nssS'Note'\np40\n(dp41\nS'c'\nI01\nsS'r'\ng4\n((lp42\ng6\naS'text'\np43\nag10\nag11\nag13\natRp44\nsS'u'\ng4\n((lp45\ng43\natRp46\nsS'd'\nI01\nssS'Role'\np47\n(dp48\nS'c'\nI01\nsS'r'\ng4\n((lp49\nS'ac_check_methods'\np50\nag6\nag7\nag9\naS'acl'\np51\nag10\nag11\nag13\natRp52\nsS'u'\ng4\n((lp53\ng9\nag50\nag7\nag51\natRp54\nsS'd'\nI01\nssS'CSVData'\np55\n(dp56\nS'c'\nI01\nsS'r'\ng4\n((lp57\ng6\nag10\naS'content_type'\np58\naS'id'\np59\natRp60\nsS'u'\ng4\n((ltRp61\nsS'd'\nI01\nssS'Answer'\np62\n(dp63\nS'c'\nI01\nsS'r'\ng4\n((lp64\nS'correct'\np65\nag6\naS'responses'\np66\naS'end_question_pool'\np67\naS'next_question_pool'\np68\nag10\nag11\nag13\naS'text_response'\np69\nag7\nag9\naS'end_exam'\np70\naS'question'\np71\naS'value'\np72\naS'label'\np73\naS'order'\np74\natRp75\nsS'u'\ng4\n((lp76\ng69\nag67\nag66\nag9\nag70\nag71\nag68\nag72\nag73\nag74\nag65\nag7\natRp77\nsS'd'\nI01\nssS'Credential'\np78\n(dp79\nS'c'\nI01\nsS'r'\ng4\n((lp80\nS'status'\np81\nag6\naS'credential_type'\np82\nag9\naS'authority'\np83\naS'credential_type_name'\np84\naS'date_expires'\np85\nag10\nag11\naS'serial_number'\np86\naS'date_started'\np87\naS'date_granted'\np88\nag13\naS'date_assigned'\np89\naS'user'\np90\natRp91\nsS'u'\ng4\n((lp92\ng81\nag82\nag9\nag83\nag85\nag90\nag86\nag87\nag88\nag89\natRp93\nsS'd'\nI01\nssS'ProductLine'\np94\n(dp95\nS'c'\nI01\nsS'r'\ng4\n((lp96\ng6\nag7\nag9\naS'instructors'\np97\nag10\nag11\nag12\naS'instructor_managers'\np98\nag13\natRp99\nsS'u'\ng4\n((lp100\ng97\nag9\nag98\nag12\nag7\natRp101\nsS'd'\nI01\nssS'SessionUserRole'\np102\n(dp103\nS'c'\nI01\nsS'r'\ng4\n((lp104\ng6\nag7\naS'session_user_role_requirements'\np105\nag9\nag10\nag11\nag13\natRp106\nsS'u'\ng4\n((lp107\ng9\nag7\nag105\natRp108\nsS'd'\nI01\nssS'FormPage'\np109\n(dp110\nS'c'\nI01\nsS'r'\ng4\n((lp111\ng6\naS'exam'\np112\naS'photo'\np113\nag9\naS'number'\np114\nag10\nag11\naS'form_widgets'\np115\nag13\natRp116\nsS'u'\ng4\n((lp117\ng9\nag115\nag112\nag114\natRp118\nsS'd'\nI01\nssS'SessionUserRoleRequirement'\np119\n(dp120\nS'c'\nI01\nsS'r'\ng4\n((lp121\nS'achievements'\np122\nag6\naS'description'\np123\naS'max'\np124\naS'prerequisite_tasks'\np125\naS'version_id'\np126\naS'session'\np127\naS'session_user_role'\np128\nag10\naS'version_label'\np129\naS'credential_types'\np130\naS'task_fees'\np131\nag13\nag15\naS'yielded_tasks'\np132\nag7\naS'min'\np133\nag9\naS'title'\np134\naS'version_comment'\np135\naS'role_name'\np136\nag11\naS'organization'\np137\naS'remaining_capacity'\np138\naS'ignore_room_capacity'\np139\naS'type'\np140\naS'prevent_duplicate_assignments'\np141\natRp142\nsS'u'\ng4\n((lp143\ng122\nag123\nag124\nag125\nag126\nag127\nag128\nag129\nag130\nag131\nag15\nag132\nag7\nag133\nag9\nag134\nag135\nag137\nag138\nag139\nag141\natRp144\nsS'd'\nI01\nssS'Assignment'\np145\n(dp146\nS'c'\nI01\nsS'r'\ng4\n((lp147\ng81\naS'due_date'\np148\nag6\nag83\naS'prerequisites_met'\np149\nag10\nag11\nag90\nag13\naS'achievement_awards'\np150\naS'task'\np151\naS'date_completed'\np152\naS'task_content_type'\np153\nag9\naS'effective_date_assigned'\np154\naS'status_change_log'\np155\nag86\nag87\naS'assignment_attempts'\np156\natRp157\nsS'u'\ng4\n((lp158\ng81\nag148\nag151\nag152\nag9\nag83\nag154\nag90\nag150\nag86\nag87\nag156\natRp159\nsS'd'\nI01\nssS'MessageType'\np160\n(dp161\nS'c'\nI01\nsS'r'\ng4\n((lp162\ng6\nag123\nag9\naS'enabled'\np163\nag13\nag10\nag11\naS'slug'\np164\nag7\natRp165\nsS'u'\ng4\n((lp166\ng9\nag164\natRp167\nsS'd'\nI01\nssS'User'\np168\n(dp169\nS'c'\nI01\nsS'r'\ng4\n((lp170\ng122\naS'product_lines_managed'\np171\naS'last_name'\np172\nag6\nag11\naS'is_staff'\np173\nag10\naS'full_name'\np174\naS'product_lines_instructor_manager_for'\np175\naS'email2'\np176\nag13\naS'biography'\np177\nag150\naS'alleged_organization'\np178\naS'first_name'\np179\naS'middle_name'\np180\naS'domain_affiliations'\np181\nag134\naS'enable_paypal'\np182\naS'product_lines_instructor_for'\np183\naS'email'\np184\nag81\naS'billing_address'\np185\naS'color_code'\np186\naS'default_username_and_domain'\np187\naS'phone3'\np188\naS'phone'\np189\naS'groups'\np190\naS'credentials'\np191\naS'owned_userorgroles'\np192\naS'preferred_venues'\np193\naS'photo_url'\np194\naS'username'\np195\naS'organizations'\np196\naS'roles'\np197\nag105\naS'url'\np198\nag9\naS'name_suffix'\np199\naS'completed_curriculum_enrollments'\np200\naS'suppress_emails'\np201\naS'incomplete_curriculum_enrollments'\np202\naS'paypal_address'\np203\naS'shipping_address'\np204\naS'domains'\np205\naS'phone2'\np206\natRp207\nsS'u'\ng4\n((lp208\ng81\nag122\nag172\nag186\nag206\nag188\nag189\nag173\nag190\nag191\nag176\nag177\nag194\nag150\nag196\nag179\nag180\nag197\nag134\nag178\nag9\nag199\nag182\nag198\nag201\nag193\nag203\nag204\nag185\nag184\natRp209\nsS'd'\nI01\nssS'FileUploadAttempt'\np210\n(dp211\nS'c'\nI01\nsS'r'\ng4\n((lp212\nS'file_upload'\np213\nag6\naS'deleted'\np214\naS'assignment'\np215\nag9\naS'file_url'\np216\naS'file_name'\np217\nag10\nag11\naS'file_size'\np218\nag152\nag87\nag13\nag90\natRp219\nsS'u'\ng4\n((lp220\ng214\nag9\nag152\nag87\natRp221\nsS'd'\nI01\nssS'TrainingUnitTransaction'\np222\n(dp223\nS'c'\nI01\nsS'r'\ng4\n((lp224\ng6\nag9\nag72\naS'purchase_order'\np225\naS'training_unit_authorizations'\np226\nag10\nag11\naS'training_unit_account'\np227\nag13\natRp228\nsS'u'\ng4\n((lp229\ng9\nag226\nag227\nag225\natRp230\nsS'd'\nI01\nssS'Response'\np231\n(dp232\nS'c'\nI01\nsS'r'\ng4\n((lp233\ng6\naS'exam_session'\np234\nag9\nag71\nag72\nag13\naS'valid'\np235\naS'answers'\np236\nag11\nag43\nag65\nag10\natRp237\nsS'u'\ng4\n((lp238\ng9\natRp239\nsS'd'\nI01\nssS'ForumPost'\np240\n(dp241\nS'c'\nI01\nsS'r'\ng4\n((lp242\nS'body'\np243\nag6\naS'attachments'\np244\nag9\naS'topic'\np245\nag10\nag11\nag13\natRp246\nsS'u'\ng4\n((lp247\ng243\nag245\nag9\natRp248\nsS'd'\nI01\nssS'Task'\np249\n(dp250\nS'c'\nI01\nsS'r'\ng4\n((lp251\ng122\nag6\nag123\nag124\nag125\nag126\nag10\nag129\nag131\nag13\nag15\nag132\nag7\nag133\nag9\nag134\nag135\nag11\nag137\nag138\nag140\nag141\natRp252\nsS'u'\ng4\n((lp253\ng122\nag123\nag124\nag125\nag126\nag129\nag131\nag15\nag132\nag7\nag133\nag9\nag134\nag135\nag137\nag138\nag141\natRp254\nsS'd'\nI01\nssS'ScoSession'\np255\n(dp256\nS'c'\nI01\nsS'r'\ng4\n((lp257\nS'sco'\np258\nag6\nag11\naS'cmi_core_score_max'\np259\nag215\nag9\naS'cmi_core_lesson_status'\np260\nag13\nag10\naS'cmi_core_lesson_location'\np261\naS'cmi_core_score_min'\np262\nag152\nag87\naS'shared_object'\np263\natRp264\nsS'u'\ng4\n((lp265\ng9\nag152\nag87\natRp266\nsS'd'\nI01\nssS'ProductClaim'\np267\n(dp268\nS'c'\nI01\nsS'r'\ng4\n((lp269\nS'product'\np270\nag6\naS'discounts'\np271\nag9\nag34\nag225\naS'training_units_paid'\np272\nag10\nag11\nag13\naS'price_paid'\np273\naS'quantity'\np274\natRp275\nsS'u'\ng4\n((lp276\ng9\nag225\nag270\nag274\natRp277\nsS'd'\nI01\nssS'TaskBundleTaskAssociation'\np278\n(dp279\nS'c'\nI01\nsS'r'\ng4\n((lp280\nS'task_bundle'\np281\nag151\nag6\naS'presentation_order'\np282\naS'continue_automatically'\np283\nag10\nag58\nag59\natRp284\nsS'u'\ng4\n((lp285\ng281\nag151\nag283\nag282\natRp286\nsS'd'\nI01\nssS'ConditionTestCollection'\np287\n(dp288\nS'c'\nI01\nsS'r'\ng4\n((lp289\ng6\nag7\nag9\nag10\nag11\naS'condition_tests'\np290\nag13\natRp291\nsS'u'\ng4\n((lp292\ng9\nag7\natRp293\nsS'd'\nI01\nssS'Region'\np294\n(dp295\nS'c'\nI01\nsS'r'\ng4\n((lp296\ng6\nag7\nag9\naS'venues'\np297\nag13\nag10\nag11\naS'events'\np298\natRp299\nsS'u'\ng4\n((lp300\ng9\nag298\nag297\nag7\natRp301\nsS'd'\nI01\nssS'Venue'\np302\n(dp303\nS'c'\nI01\nsS'r'\ng4\n((lp304\ng6\nag7\nag9\naS'hours_of_operation'\np305\nag298\nag189\naS'contact'\np306\nag10\nag11\naS'address'\np307\naS'owner'\np308\naS'blackout_periods'\np309\naS'region'\np310\nag13\naS'rooms'\np311\natRp312\nsS'u'\ng4\n((lp313\ng309\nag7\nag9\nag307\nag189\nag306\nag311\nag305\nag308\nag310\nag298\natRp314\nsS'd'\nI01\nssS'CredentialType'\np315\n(dp316\nS'c'\nI01\nsS'r'\ng4\n((lp317\nS'min_required_tasks'\np318\nag6\nag123\nag9\nag7\naS'prerequisite_credential_types'\np319\nag10\nag11\nag13\naS'required_achievements'\np320\natRp321\nsS'u'\ng4\n((lp322\ng318\nag123\nag7\nag319\nag9\nag320\natRp323\nsS'd'\nI01\nssS'SessionResourceTypeRequirement'\np324\n(dp325\nS'c'\nI01\nsS'r'\ng4\n((lp326\ng6\nag133\nag124\nag9\naS'resource_type'\np327\nag127\nag10\nag11\nag13\nag23\natRp328\nsS'u'\ng4\n((lp329\ng127\nag327\nag133\nag124\nag9\nag23\natRp330\nsS'd'\nI01\nssS'Question'\np331\n(dp332\nS'c'\nI01\nsS'r'\ng4\n((lp333\nS'rejoinder'\np334\naS'widget'\np335\nag6\nag66\naS'text_response_label'\np336\naS'max_value'\np337\naS'min_value'\np338\naS'max_answers'\np339\nag236\naS'question_pool'\np340\naS'min_answers'\np341\nag10\nag11\naS'help_text'\np342\nag13\nag69\naS'min_length'\np343\nag7\nag9\naS'required'\np344\nag73\naS'max_length'\np345\naS'question_type'\np346\naS'text_regex'\np347\nag74\nag90\natRp348\nsS'u'\ng4\n((lp349\ng334\nag335\nag66\nag336\nag337\nag338\nag339\nag236\nag340\nag341\nag90\nag342\nag69\nag343\nag7\nag9\nag344\nag73\nag345\nag346\nag347\nag74\natRp350\nsS'd'\nI01\nssS'OrgRole'\np351\n(dp352\nS'c'\nI01\nsS'r'\ng4\n((lp353\ng196\nag6\nag7\naS'user_org_roles'\np354\nag9\nag10\nag11\nag13\nag15\natRp355\nsS'u'\ng4\n((lp356\ng196\nag9\nag7\nag15\natRp357\nsS'd'\nI01\nssS'Organization'\np358\n(dp359\nS'c'\nI01\nsS'r'\ng4\n((lp360\ng6\nag354\naS'primary_contact_cell_phone'\np361\nag10\naS'primary_contact_first_name'\np362\nag13\nag15\naS'use_external_uid'\np363\naS'external_uid'\np364\naS'ancestors'\np365\naS'org_email_domains'\np366\naS'primary_contact_email'\np367\naS'children'\np368\naS'training_unit_accounts'\np369\naS'department'\np370\nag184\naS'fax'\np371\nag123\naS'parent'\np372\naS'descendants'\np373\naS'purchase_orders'\np374\naS'primary_contact_other_phone'\np375\nag189\nag11\nag307\nag194\nag7\nag197\naS'primary_contact_office_phone'\np376\nag198\nag9\naS'primary_contact_last_name'\np377\natRp378\nsS'u'\ng4\n((lp379\ng371\nag123\nag372\nag361\nag363\nag375\nag189\nag307\nag362\nag15\nag364\nag7\nag197\nag376\nag198\nag9\nag367\nag377\nag370\nag194\nag184\natRp380\nsS'd'\nI01\nssS'ExamManager'\np381\n(dp382\nS'methods'\np383\ng4\n((lp384\nS'create_from_xml'\np385\naS'export_to_xml'\np386\natRp387\nssS'CustomAction'\np388\n(dp389\nS'c'\nI01\nsS'r'\ng4\n((lp390\ng6\nag123\nag9\nag7\nag10\nag11\nag13\naS'function_name'\np391\natRp392\nsS'u'\ng4\n((lp393\ng9\nag123\nag7\nag391\natRp394\nsS'd'\nI01\nssS'Refund'\np395\n(dp396\nS'c'\nI01\nsS'r'\ng4\n((lp397\ng6\nag10\nag58\nag59\natRp398\nsS'u'\ng4\n((ltRp399\nsS'd'\nI00\nssS'OrgEmailDomain'\np400\n(dp401\nS'c'\nI01\nsS'r'\ng4\n((lp402\ng137\nag6\nag9\naS'effective_role_name'\np403\naS'role'\np404\nag10\nag11\naS'email_domain'\np405\naS'effective_role'\np406\nag13\natRp407\nsS'u'\ng4\n((lp408\ng137\nag9\nag404\nag405\natRp409\nsS'd'\nI01\nssS'MessageFormat'\np410\n(dp411\nS'c'\nI01\nsS'r'\ng4\n((lp412\ng6\nag10\nag11\nag9\nag13\nag164\natRp413\nsS'u'\ng4\n((lp414\ng9\natRp415\nsS'd'\nI01\nssS'SessionTemplate'\np416\n(dp417\nS'c'\nI01\nsS'r'\ng4\n((lp418\ng6\nag123\naS'sequence'\np419\naS'price'\np420\naS'duration'\np421\nag10\nag11\naS'active'\np422\nag13\naS'product_line'\np423\naS'event_template'\np424\nag9\naS'sessions'\np425\naS'session_template_resource_type_requirements'\np426\naS'modality'\np427\naS'audience'\np428\naS'version'\np429\naS'session_template_user_role_requirements'\np430\naS'shortname'\np431\naS'fullname'\np432\naS'lead_time'\np433\natRp434\nsS'u'\ng4\n((lp435\ng123\nag419\nag420\nag421\nag422\nag427\nag423\nag424\nag9\nag425\nag426\nag428\nag429\nag430\nag431\nag432\nag433\natRp436\nsS'd'\nI01\nssS'CurriculumEnrollmentUserAssociation'\np437\n(dp438\nS'c'\nI01\nsS'r'\ng4\n((lp439\ng6\nag10\nag58\nag59\natRp440\nsS'u'\ng4\n((ltRp441\nsS'd'\nI01\nssS'TaskFee'\np442\n(dp443\nS'c'\nI01\nsS'r'\ng4\n((lp444\nS'custom_actions'\np445\nag6\nag123\nag420\naS'cost'\np446\naS'starting_quantity'\np447\nag11\nag13\naS'sku'\np448\nag151\naS'training_units'\np449\nag7\nag9\naS'inventory'\np450\naS'display_order'\np451\nag10\natRp452\nsS'u'\ng4\n((lp453\ng448\nag445\nag449\nag123\nag9\nag451\nag7\nag151\nag447\nag420\nag446\natRp454\nsS'd'\nI01\nssS'DomainAffiliation'\np455\n(dp456\nS'c'\nI01\nsS'r'\ng4\n((lp457\ng195\naS'domain'\np458\nag6\nag8\nag9\nag10\nag11\naS'may_log_me_in'\np459\nag13\nag90\natRp460\nsS'u'\ng4\n((lp461\ng195\nag8\nag458\nag90\nag459\nag9\natRp462\nsS'd'\nI01\nssS'Sco'\np463\n(dp464\nS'c'\nI01\nsS'r'\ng4\n((lp465\ng122\nag6\nag123\nag124\nag125\nag126\naS'course'\np466\nag10\nag129\nag131\nag13\nag15\nag132\nag7\nag133\nag198\naS'completion_requirement'\np467\nag9\nag134\naS'data'\np468\nag135\nag11\nag137\nag138\nag140\nag141\natRp469\nsS'u'\ng4\n((lp470\ng122\nag123\nag124\nag125\nag126\nag466\nag129\nag131\nag15\nag132\nag7\nag133\nag198\nag467\nag9\nag134\nag468\nag135\nag137\nag138\nag141\natRp471\nsS'd'\nI01\nssS'ForumCategory'\np472\n(dp473\nS'c'\nI01\nsS'r'\ng4\n((lp474\ng6\nag7\nag9\nag10\nag11\naS'forums'\np475\nag13\natRp476\nsS'u'\ng4\n((lp477\ng9\nag7\natRp478\nsS'd'\nI01\nssS'EventTemplate'\np479\n(dp480\nS'c'\nI01\nsS'r'\ng4\n((lp481\ng6\nag123\naS'facebook_message'\np482\nag10\nag11\nag13\nag423\naS'external_reference'\np483\nag134\nag198\nag9\naS'session_templates'\np484\naS'notify_cfgs'\np485\naS'lag_time'\np486\nag137\naS'twitter_message'\np487\naS'name_prefix'\np488\nag298\nag433\natRp489\nsS'u'\ng4\n((lp490\ng423\nag123\nag134\nag482\nag9\nag483\nag485\nag198\nag486\nag137\nag487\nag488\nag433\natRp491\nsS'd'\nI01\nssS'Event'\np492\n(dp493\nS'c'\nI01\nsS'r'\ng4\n((lp494\ng81\nag6\nag123\nag425\nag482\nag10\nag11\nag308\nag13\nag7\nag423\nag35\nag483\nag424\nag198\nag9\nag134\naS'venue'\np495\nag485\nag31\nag486\nag137\nag487\nag310\nag433\natRp496\nsS'u'\ng4\n((lp497\ng123\nag482\nag308\nag7\nag423\nag35\nag483\nag424\nag198\nag9\nag134\nag495\nag485\nag31\nag486\nag137\nag487\nag310\nag433\natRp498\nsS'd'\nI01\nssS'ExamSession'\np499\n(dp500\nS'c'\nI01\nsS'r'\ng4\n((lp501\ng6\nag112\naS'number_correct'\np502\nag215\nag9\naS'response_questions'\np503\naS'score'\np504\nag11\nag10\naS'passed'\np505\nag152\nag87\naS'passing_score'\np506\nag13\nag90\natRp507\nsS'u'\ng4\n((lp508\ng9\nag152\nag87\natRp509\nsS'd'\nI01\nssS'FileDownload'\np510\n(dp511\nS'c'\nI01\nsS'r'\ng4\n((lp512\ng122\nag6\nag123\nag214\nag124\nag125\nag126\nag10\nag129\nag218\nag131\nag13\nag15\nag132\nag7\nag133\nag9\nag134\nag216\nag135\nag11\nag137\nag138\nag140\nag141\natRp513\nsS'u'\ng4\n((lp514\ng122\nag123\nag214\nag124\nag125\nag126\nag129\nag131\nag15\nag132\nag7\nag133\nag9\nag134\nag135\nag137\nag138\nag141\natRp515\nsS'd'\nI01\nssS'ForumTopic'\np516\n(dp517\nS'c'\nI01\nsS'r'\ng4\n((lp518\ng6\nag11\naS'forum'\np519\nag9\naS'posts'\np520\naS'sticky'\np521\nag10\naS'closed'\np522\nag13\nag7\natRp523\nsS'u'\ng4\n((lp524\ng519\nag9\nag7\nag522\nag521\natRp525\nsS'd'\nI01\nssS'AssignmentAttempt'\np526\n(dp527\nS'c'\nI01\nsS'r'\ng4\n((lp528\ng6\nag215\nag9\nag10\nag11\nag152\nag87\nag13\natRp529\nsS'u'\ng4\n((lp530\ng9\nag152\nag87\natRp531\nsS'd'\nI01\nssS'SessionTemplateResourceTypeReq'\np532\n(dp533\nS'c'\nI01\nsS'r'\ng4\n((lp534\ng6\naS'session_template'\np535\nag133\nag124\nag9\nag10\nag11\nag13\nag327\natRp536\nsS'u'\ng4\n((lp537\ng124\nag9\nag535\nag327\nag133\natRp538\nsS'd'\nI01\nssS'PurchaseOrder'\np539\n(dp540\nS'c'\nI01\nsS'r'\ng4\n((lp541\nS'training_units_price'\np542\naS'total_training_units'\np543\nag6\naS'promo_code'\np544\naS'training_units_purchased'\np545\naS'product_offers'\np546\nag10\nag11\nag137\nag90\nag13\naS'product_claims'\np547\naS'total_price'\np548\nag9\naS'products'\np549\naS'payments'\np550\naS'product_discounts'\np551\naS'is_paid'\np552\naS'expiration'\np553\natRp554\nsS'u'\ng4\n((lp555\ng542\nag544\nag545\nag137\nag9\nag90\nag553\natRp556\nsS'd'\nI01\nssS'FileUpload'\np557\n(dp558\nS'c'\nI01\nsS'r'\ng4\n((lp559\ng122\nag6\nag123\nag124\nag125\nag126\nag10\nag129\nag131\nag13\nag15\nag132\nag7\nag133\nag9\nag134\nag135\nag11\nag137\nag138\nag140\nag141\natRp560\nsS'u'\ng4\n((lp561\ng122\nag123\nag124\nag125\nag126\nag129\nag131\nag15\nag132\nag7\nag133\nag9\nag134\nag135\nag137\nag138\nag141\natRp562\nsS'd'\nI01\nssS'TrainingUnitAccount'\np563\n(dp564\nS'c'\nI01\nsS'r'\ng4\n((lp565\ng6\naS'training_unit_transactions'\np566\nag9\nag10\nag11\nag137\naS'balance'\np567\nag13\nag90\natRp568\nsS'u'\ng4\n((lp569\ng137\nag9\naS'starting_value'\np570\nag90\natRp571\nsS'd'\nI01\nssS'Product'\np572\n(dp573\nS'c'\nI01\nsS'r'\ng4\n((lp574\ng448\nag445\nag6\nag123\nag9\nag450\nag420\nag447\nag451\nag446\nag10\nag11\nag449\nag13\nag7\natRp575\nsS'u'\ng4\n((lp576\ng448\nag445\nag449\nag123\nag9\nag420\nag446\nag447\nag451\nag7\natRp577\nsS'd'\nI01\nssS'FileDownloadAttempt'\np578\n(dp579\nS'c'\nI01\nsS'r'\ng4\n((lp580\ng6\naS'file_download'\np581\nag215\nag9\nag10\nag11\nag152\nag87\nag13\nag90\natRp582\nsS'u'\ng4\n((lp583\ng9\nag152\nag87\natRp584\nsS'd'\nI01\nssS'Curriculum'\np585\n(dp586\nS'c'\nI01\nsS'r'\ng4\n((lp587\ng122\naS'curriculum_task_associations'\np588\naS'tasks'\np589\nag6\nag7\nag9\nag10\nag11\nag137\nag13\natRp590\nsS'u'\ng4\n((lp591\ng122\nag137\nag9\nag589\nag7\natRp592\nsS'd'\nI01\nssS'CurriculumTaskAssociation'\np593\n(dp594\nS'c'\nI01\nsS'r'\ng4\n((lp595\ng281\nag283\nag6\nag11\nag282\nag9\nag33\naS'days_before_start'\np596\nag151\nag10\naS'task_name'\np597\naS'days_to_complete'\np598\nag13\natRp599\nsS'u'\ng4\n((lp600\ng281\nag151\nag282\nag9\nag33\nag596\nag283\nag598\natRp601\nsS'd'\nI01\nssS'Blame'\np602\n(dp603\nS'c'\nI01\nsS'r'\ng4\n((lp604\ng6\nag9\nag10\nag11\nag13\natRp605\nsS'u'\ng4\n((lp606\ng9\natRp607\nsS'd'\nI01\nssS'MessageTemplate'\np608\n(dp609\nS'c'\nI01\nsS'r'\ng4\n((lp610\ng243\nag6\naS'message_format'\np611\nag9\nag10\nag11\naS'message_type'\np612\nag13\naS'subject'\np613\natRp614\nsS'u'\ng4\n((lp615\ng243\nag9\nag613\natRp616\nsS'd'\nI01\nssS'Payment'\np617\n(dp618\nS'c'\nI01\nsS'r'\ng4\n((lp619\nS'last_name'\np620\nag6\naS'exp_date'\np621\nag10\nag58\naS'date'\np622\naS'invoice_number'\np623\nag59\naS'city'\np624\naS'first_name'\np625\naS'refunds'\np626\naS'zip'\np627\naS'country'\np628\nag9\nag225\naS'card_type'\np629\naS'state'\np630\naS'sales_tax'\np631\naS'amount'\np632\naS'result_message'\np633\naS'transaction_id'\np634\natRp635\nsS'u'\ng4\n((ltRp636\nsS'd'\nI00\nssS'Achievement'\np637\n(dp638\nS'c'\nI01\nsS'r'\ng4\n((lp639\ng6\nag15\naS'component_achievements'\np640\nag7\nag10\nag11\nag13\naS'yielded_achievements'\np641\nag9\nag123\natRp642\nsS'u'\ng4\n((lp643\ng15\nag9\nag123\nag640\nag641\nag7\natRp644\nsS'd'\nI01\nssS'TrainingVoucher'\np645\n(dp646\nS'c'\nI01\nsS'r'\ng4\n((lp647\nS'code'\np648\nag6\nag9\nag13\nag225\nag10\nag11\naS'session_user_role_requirement'\np649\nag420\natRp650\nsS'u'\ng4\n((lp651\ng9\nag649\nag225\natRp652\nsS'd'\nI01\nssS'BlackoutPeriod'\np653\n(dp654\nS'c'\nI01\nsS'r'\ng4\n((lp655\ng6\nag123\nag9\nag495\nag31\nag10\nag11\nag35\nag13\natRp656\nsS'u'\ng4\n((lp657\ng31\nag9\nag35\nag123\nag495\natRp658\nsS'd'\nI01\nssS'SessionTemplateUserRoleReq'\np659\n(dp660\nS'c'\nI01\nsS'r'\ng4\n((lp661\ng6\nag535\nag133\nag124\nag9\nag128\nag10\nag11\nag13\natRp662\nsS'u'\ng4\n((lp663\ng124\nag9\nag128\nag535\nag133\natRp664\nsS'd'\nI01\nssS'Resource'\np665\n(dp666\nS'c'\nI01\nsS'r'\ng4\n((lp667\nS'session_resource_type_requirements'\np668\nag6\nag123\nag9\nag10\nag11\naS'resource_types'\np669\nag13\nag7\natRp670\nsS'u'\ng4\n((lp671\ng9\nag668\nag669\nag123\nag7\natRp672\nsS'd'\nI01\nssS'Room'\np673\n(dp674\nS'c'\nI01\nsS'r'\ng4\n((lp675\ng6\nag7\naS'venue_name'\np676\naS'venue_address'\np677\nag9\nag495\nag10\nag11\naS'capacity'\np678\nag13\natRp679\nsS'u'\ng4\n((lp680\ng495\nag9\nag678\nag7\natRp681\nsS'd'\nI01\nssS'Forum'\np682\n(dp683\nS'c'\nI01\nsS'r'\ng4\n((lp684\nS'category'\np685\nag6\nag123\nag9\nag13\nag10\nag11\naS'topics'\np686\nag7\natRp687\nsS'u'\ng4\n((lp688\ng685\nag9\nag123\nag7\natRp689\nsS'd'\nI01\nssS'ConditionTest'\np690\n(dp691\nS'c'\nI01\nsS'r'\ng4\n((lp692\ng6\nag11\nag419\nag10\nag190\nag191\nag13\nag35\nag105\naS'condition_test_collection'\np693\nag9\nag425\naS'companies'\np694\naS'match_all_defined_parameters'\np695\nag31\nag298\natRp696\nsS'u'\ng4\n((lp697\ng695\nag105\nag425\nag693\nag9\nag419\nag694\nag31\nag190\nag191\nag35\nag298\natRp698\nsS'd'\nI01\nssS'ProductDiscount'\np699\n(dp700\nS'c'\nI01\nsS'r'\ng4\n((lp701\ng546\nag6\nag7\nag693\nag9\naS'cumulative'\np702\naS'currency'\np703\nag549\nag10\nag11\nag449\naS'percentage'\np704\nag13\nag544\natRp705\nsS'u'\ng4\n((lp706\ng546\nag449\nag7\nag693\nag9\nag702\nag703\nag549\nag704\nag544\natRp707\nsS'd'\nI01\nssS'TaskBundle'\np708\n(dp709\nS'c'\nI01\nsS'r'\ng4\n((lp710\ng589\nag6\nag7\nag9\nag10\nag11\nag13\nag123\natRp711\nsS'u'\ng4\n((lp712\ng9\nag589\nag7\nag123\natRp713\nsS'd'\nI01\nssS'UserOrgRole'\np714\n(dp715\nS'c'\nI01\nsS'r'\ng4\n((lp716\ng6\nag372\nag134\nag9\naS'persistent'\np717\nag13\naS'organization_name'\np718\nag136\nag404\nag10\nag11\nag308\nag137\nag368\natRp719\nsS'u'\ng4\n((lp720\ng404\nag372\nag134\nag308\nag137\nag9\nag717\natRp721\nsS'd'\nI01\nssS'FormWidget'\np722\n(dp723\nS'c'\nI01\nsS'r'\ng4\n((lp724\ng6\naS'y'\naS'form_page'\np725\nag9\nag71\naS'height'\np726\naS'width'\np727\nag10\nag11\naS'answer'\np728\naS'x'\nag13\natRp729\nsS'u'\ng4\n((lp730\nS'y'\nag725\nag9\nag71\nag726\nag727\nag728\naS'x'\natRp731\nsS'd'\nI01\nssS'AssignmentManager'\np732\n(dp733\ng383\ng4\n((lp734\nS'email_task_assignees'\np735\natRp736\nssS'QuestionPool'\np737\n(dp738\nS'c'\nI01\nsS'r'\ng4\n((lp739\ng6\nag112\nag134\nag9\naS'randomize_questions'\np740\nag13\nag11\nag10\naS'questions'\np741\nag74\naS'number_to_answer'\np742\nag7\natRp743\nsS'u'\ng4\n((lp744\ng112\nag134\nag9\nag740\nag741\nag74\nag742\nag7\natRp745\nsS'd'\nI01\nssS'Exam'\np746\n(dp747\nS'c'\nI01\nsS'r'\ng4\n((lp748\ng122\naS'question_pools'\np749\nag6\nag123\nag124\nag125\nag126\nag10\nag129\nag131\nag13\nag15\nag132\nag7\nag133\nag9\nag134\nag135\nag506\nag11\nag137\nag138\nag140\nag141\natRp750\nsS'u'\ng4\n((lp751\ng122\nag749\nag123\nag124\nag125\nag126\nag129\nag131\nag15\nag132\nag7\nag133\nag9\nag134\nag135\nag506\nag137\nag138\nag141\natRp752\nsS'd'\nI01\nssS'ForumPostAttachment'\np753\n(dp754\nS'c'\nI01\nsS'r'\ng4\n((lp755\ng6\nag123\nag9\nag10\nag11\naS'post'\np756\nag13\nag7\natRp757\nsS'u'\ng4\n((lp758\ng9\nag123\nag756\nag7\natRp759\nsS'd'\nI01\nssS'Domain'\np760\n(dp761\nS'c'\nI01\nsS'r'\ng4\n((lp762\ng6\nag7\nag9\nag10\nag11\naS'authentication_ip'\np763\nag13\nag15\natRp764\nsS'u'\ng4\n((lp765\ng763\nag9\naS'authentication_password_hash'\np766\nag7\natRp767\nsS'd'\nI01\nssS'TrainingUnitAuthorization'\np768\n(dp769\nS'c'\nI01\nsS'r'\ng4\n((lp770\ng6\nag337\nag9\naS'used_value'\np771\nag31\nag10\nag11\nag35\nag227\nag13\nag90\natRp772\nsS'u'\ng4\n((lp773\ng31\nag35\nag90\nag337\nag9\nag227\natRp774\nsS'd'\nI01\nssS'Session'\np775\n(dp776\nS'c'\nI01\nsS'r'\ng4\n((lp777\nS'default_price'\np778\nag81\nag6\nag123\nag427\naS'paypal_url'\np779\nag10\nag11\nag13\nag535\naS'confirmed'\np780\nag668\nag35\naS'room'\np781\nag105\nag134\nag198\nag9\naS'session_user_roles'\np782\naS'event'\np783\nag31\nag428\nag431\nag432\naS'evaluation'\np784\nag433\natRp785\nsS'u'\ng4\n((lp786\ng778\nag81\nag123\nag427\nag781\nag780\nag668\nag35\nag535\nag105\nag134\nag198\nag9\nag782\nag783\nag31\nag428\nag431\nag432\nag433\natRp787\nsS'd'\nI01\nssS'AchievementAward'\np788\n(dp789\nS'c'\nI01\nsS'r'\ng4\n((lp790\ng6\nag215\nag9\naS'achievement_name'\np791\nag10\nag11\naS'date'\np792\nag13\naS'achievement'\np793\nag90\natRp794\nsS'u'\ng4\n((lp795\ng792\nag215\nag9\nag90\nag793\natRp796\nsS'd'\nI01\nssS'ProductOffer'\np797\n(dp798\nS'c'\nI01\nsS'r'\ng4\n((lp799\ng270\nag6\nag123\nag9\naS'seller'\np800\nag10\nag11\nag13\nag420\natRp801\nsS'u'\ng4\n((lp802\ng9\nag270\nag420\nag123\nag800\natRp803\nsS'd'\nI01\nss.",
            "role": 1,
            "create_timestamp": "2012-04-06T04:27:06.615Z",
            "owner": null
        }
    },
    {
        "pk": 2,
        "model": "pr_services.acl",
        "fields": {
            "save_timestamp": "2012-04-06T04:27:06.742Z",
            "final_type": [
                "pr_services",
                "acl"
            ],
            "arbitrary_perm_list": "(l.",
            "acl": "(dp1\nS'Credential'\np2\n(dp3\nS'c'\nI00\nsS'r'\nc__builtin__\nset\np4\n((lp5\nS'status'\np6\naS'save_timestamp'\np7\naS'date_expires'\np8\naS'authority'\np9\naS'credential_type'\np10\naS'user'\np11\naS'content_type'\np12\naS'serial_number'\np13\naS'date_started'\np14\naS'date_granted'\np15\naS'id'\np16\naS'date_assigned'\np17\naS'create_timestamp'\np18\natRp19\nsS'u'\ng4\n((ltRp20\nsS'd'\nI00\nssS'Task'\np21\n(dp22\nS'c'\nI00\nsS'r'\ng4\n((lp23\nS'achievements'\np24\nag7\naS'description'\np25\naS'title'\np26\nag18\nag12\naS'type'\np27\nag16\naS'name'\np28\natRp29\nsS'u'\ng4\n((ltRp30\nsS'd'\nI00\nssS'ExamSession'\np31\n(dp32\nS'c'\nI01\nsS'r'\ng4\n((lp33\nS'date_completed'\np34\naS'score'\np35\naS'number_correct'\np36\naS'response_questions'\np37\naS'passing_score'\np38\nag12\nag18\naS'passed'\np39\nag7\naS'date_started'\np40\nag16\naS'exam'\np41\natRp42\nsS'u'\ng4\n((lp43\nS'date_completed'\np44\natRp45\nsS'd'\nI00\nssS'Exam'\np46\n(dp47\nS'c'\nI00\nsS'r'\ng4\n((lp48\nS'achievements'\np49\nag7\naS'description'\np50\naS'title'\np51\naS'passing_score'\np52\nag18\nag12\naS'type'\np53\nag16\naS'name'\np54\natRp55\nsS'u'\ng4\n((ltRp56\nsS'd'\nI00\nssS'SessionUserRoleRequirement'\np57\n(dp58\nS'c'\nI00\nsS'r'\ng4\n((lp59\ng7\naS'description'\np60\naS'title'\np61\naS'session'\np62\nag18\nag12\naS'type'\np63\nag16\naS'name'\np64\natRp65\nsS'u'\ng4\n((ltRp66\nsS'd'\nI00\nssS'Assignment'\np67\n(dp68\nS'c'\nI01\nsS'r'\ng4\n((lp69\nS'achievement_awards'\np70\naS'due_date'\np71\naS'task'\np72\naS'date_completed'\np73\naS'task_content_type'\np74\naS'effective_date_assigned'\np75\naS'prerequisites_met'\np76\naS'status'\np77\naS'user'\np78\nag12\nag7\naS'date_started'\np79\nag18\nag16\naS'assignment_attempts'\np80\natRp81\nsS'u'\ng4\n((ltRp82\nsS'd'\nI00\nssS'FileDownloadAttempt'\np83\n(dp84\nS'c'\nI01\nsS'r'\ng4\n((lp85\nS'date_completed'\np86\naS'file_download'\np87\naS'assignment'\np88\nag18\nag12\nag7\naS'date_started'\np89\nag16\natRp90\nsS'u'\ng4\n((ltRp91\nsS'd'\nI00\nssS'Venue'\np92\n(dp93\nS'c'\nI00\nsS'r'\ng4\n((lp94\ng7\nag18\nag12\naS'address'\np95\naS'region'\np96\nag16\natRp97\nsS'u'\ng4\n((ltRp98\nsS'd'\nI00\nssS'CurriculumEnrollment'\np99\n(dp100\nS'c'\nI00\nsS'r'\ng4\n((lp101\nS'start'\np102\naS'end'\np103\nag18\nag12\nag7\naS'curriculum_name'\np104\nag16\natRp105\nsS'u'\ng4\n((ltRp106\nsS'd'\nI00\nssS'UserOrgRole'\np107\n(dp108\nS'c'\nI00\nsS'r'\ng4\n((lp109\ng7\naS'parent'\np110\nag16\naS'organization_name'\np111\naS'role_name'\np112\naS'role'\np113\nag18\nag12\naS'owner'\np114\naS'organization'\np115\naS'children'\np116\natRp117\nsS'u'\ng4\n((ltRp118\nsS'd'\nI00\nssS'Session'\np119\n(dp120\nS'c'\nI00\nsS'r'\ng4\n((lp121\nS'start'\np122\naS'end'\np123\nag18\nag12\nag7\nag16\natRp124\nsS'u'\ng4\n((ltRp125\nsS'd'\nI00\nssS'AchievementAward'\np126\n(dp127\nS'c'\nI00\nsS'r'\ng4\n((lp128\ng7\naS'assignment'\np129\naS'user'\np130\nag12\naS'date'\np131\nag16\naS'achievement'\np132\nag18\natRp133\nsS'u'\ng4\n((ltRp134\nsS'd'\nI00\nssS'User'\np135\n(dp136\nS'c'\nI01\nsS'r'\ng4\n((lp137\nS'status'\np138\naS'product_lines_managed'\np139\naS'last_name'\np140\nag7\nag12\nag18\naS'full_name'\np141\naS'product_lines_instructor_manager_for'\np142\naS'email2'\np143\nag16\naS'biography'\np144\naS'achievement_awards'\np145\naS'first_name'\np146\naS'middle_name'\np147\naS'product_lines_instructor_for'\np148\naS'phone2'\np149\naS'email'\np150\naS'achievements'\np151\naS'billing_address'\np152\naS'color_code'\np153\naS'default_username_and_domain'\np154\naS'phone3'\np155\naS'phone'\np156\naS'groups'\np157\naS'credentials'\np158\naS'owned_userorgroles'\np159\naS'preferred_venues'\np160\naS'photo_url'\np161\naS'username'\np162\naS'organizations'\np163\naS'session_user_role_requirements'\np164\naS'roles'\np165\naS'alleged_organization'\np166\naS'title'\np167\naS'name_suffix'\np168\naS'suppress_emails'\np169\naS'url'\np170\naS'shipping_address'\np171\natRp172\nsS'u'\ng4\n((lp173\nS'first_name'\np174\naS'billing_address'\np175\naS'middle_name'\np176\naS'color_code'\np177\naS'title'\np178\naS'alleged_organization'\np179\naS'phone3'\np180\naS'name_suffix'\np181\naS'suppress_emails'\np182\naS'phone'\np183\naS'last_name'\np184\naS'phone2'\np185\naS'shipping_address'\np186\naS'url'\np187\naS'preferred_venues'\np188\naS'email2'\np189\naS'email'\np190\naS'biography'\np191\naS'photo_url'\np192\natRp193\nsS'd'\nI00\nssS'AssignmentAttempt'\np194\n(dp195\nS'c'\nI01\nsS'r'\ng4\n((lp196\nS'date_completed'\np197\nag18\nag12\naS'assignment'\np198\naS'date_started'\np199\nag16\nag7\natRp200\nsS'u'\ng4\n((ltRp201\nsS'd'\nI00\nssS'FileUploadAttempt'\np202\n(dp203\nS'c'\nI01\nsS'r'\ng4\n((lp204\nS'file_upload'\np205\naS'date_completed'\np206\naS'assignment'\np207\nag18\nag12\nag7\naS'date_started'\np208\nag16\natRp209\nsS'u'\ng4\n((ltRp210\nsS'd'\nI00\nssS'Response'\np211\n(dp212\nS'c'\nI01\nsS'r'\ng4\n((lp213\ng7\naS'exam_session'\np214\naS'question'\np215\naS'value'\np216\naS'valid'\np217\nag18\nag12\naS'text'\np218\nag16\natRp219\nsS'u'\ng4\n((ltRp220\nsS'd'\nI00\nssS'Achievement'\np221\n(dp222\nS'c'\nI00\nsS'r'\ng4\n((lp223\ng7\naS'description'\np224\nag12\nag18\nag16\naS'name'\np225\natRp226\nsS'u'\ng4\n((ltRp227\nsS'd'\nI00\nssS'ScoSession'\np228\n(dp229\nS'c'\nI01\nsS'r'\ng4\n((lp230\nS'sco'\np231\naS'date_completed'\np232\nag18\nag12\nag7\naS'date_started'\np233\nag16\natRp234\nsS'u'\ng4\n((ltRp235\nsS'd'\nI00\nss.",
            "role": 2,
            "create_timestamp": "2012-04-06T04:27:06.742Z",
            "owner": null
        }
    },
    {
        "pk": 3,
        "model": "pr_services.acl",
        "fields": {
            "save_timestamp": "2012-04-06T04:27:06.996Z",
            "final_type": [
                "pr_services",
                "acl"
            ],
            "arbitrary_perm_list": "(l.",
            "acl": "(dp1\nS'Group'\np2\n(dp3\nS'c'\nI00\nsS'r'\nc__builtin__\nset\np4\n((lp5\nS'create_timestamp'\np6\naS'save_timestamp'\np7\naS'name'\np8\naS'content_type'\np9\naS'id'\np10\natRp11\nsS'u'\ng4\n((ltRp12\nsS'd'\nI00\nss.",
            "role": 3,
            "create_timestamp": "2012-04-06T04:27:06.996Z",
            "owner": null
        }
    },
    {
        "pk": 4,
        "model": "pr_services.acl",
        "fields": {
            "save_timestamp": "2012-04-06T04:27:07.056Z",
            "final_type": [
                "pr_services",
                "acl"
            ],
            "arbitrary_perm_list": "(lp1\nS'check_usernames'\np2\na.",
            "acl": "(dp1\n.",
            "role": 4,
            "create_timestamp": "2012-04-06T04:27:07.056Z",
            "owner": null
        }
    },
    {
        "pk": 5,
        "model": "pr_services.acl",
        "fields": {
            "save_timestamp": "2012-04-06T04:27:07.077Z",
            "final_type": [
                "pr_services",
                "acl"
            ],
            "arbitrary_perm_list": "(l.",
            "acl": "(dp1\nS'Assignment'\np2\n(dp3\nS'c'\nI01\nsS'r'\nc__builtin__\nset\np4\n((lp5\nS'status'\np6\naS'due_date'\np7\naS'task'\np8\naS'date_completed'\np9\naS'task_content_type'\np10\naS'effective_date_assigned'\np11\naS'prerequisites_met'\np12\naS'user'\np13\naS'content_type'\np14\naS'save_timestamp'\np15\naS'date_started'\np16\naS'create_timestamp'\np17\naS'id'\np18\naS'assignment_attempts'\np19\natRp20\nsS'u'\ng4\n((ltRp21\nsS'd'\nI00\nssS'Task'\np22\n(dp23\nS'c'\nI00\nsS'r'\ng4\n((lp24\ng15\naS'description'\np25\naS'title'\np26\naS'prerequisite_tasks'\np27\naS'create_timestamp'\np28\nag14\naS'type'\np29\nag18\naS'name'\np30\natRp31\nsS'u'\ng4\n((ltRp32\nsS'd'\nI00\nss.",
            "role": 5,
            "create_timestamp": "2012-04-06T04:27:07.077Z",
            "owner": null
        }
    },
    {
        "pk": 6,
        "model": "pr_services.acl",
        "fields": {
            "save_timestamp": "2012-04-06T04:27:07.281Z",
            "final_type": [
                "pr_services",
                "acl"
            ],
            "arbitrary_perm_list": "(l.",
            "acl": "(dp1\nS'Group'\np2\n(dp3\nS'c'\nI00\nsS'r'\nc__builtin__\nset\np4\n((lp5\nS'managers'\np6\naS'name'\np7\naS'content_type'\np8\naS'save_timestamp'\np9\naS'create_timestamp'\np10\naS'id'\np11\naS'users'\np12\natRp13\nsS'u'\ng4\n((ltRp14\nsS'd'\nI00\nssS'ProductClaim'\np15\n(dp16\nS'c'\nI01\nsS'r'\ng4\n((lp17\nS'product'\np18\nag9\nag10\nag8\nag11\naS'purchase_order'\np19\naS'quantity'\np20\natRp21\nsS'u'\ng4\n((lp22\nS'quantity'\np23\natRp24\nsS'd'\nI01\nssS'Venue'\np25\n(dp26\nS'c'\nI00\nsS'r'\ng4\n((lp27\ng9\naS'name'\np28\naS'region'\np29\naS'phone'\np30\naS'contact'\np31\nag10\nag8\naS'address'\np32\nag11\natRp33\nsS'u'\ng4\n((ltRp34\nsS'd'\nI00\nssS'PurchaseOrder'\np35\n(dp36\nS'c'\nI01\nsS'r'\ng4\n((lp37\ng9\nag11\nag8\nag10\natRp38\nsS'u'\ng4\n((ltRp39\nsS'd'\nI00\nssS'OrgRole'\np40\n(dp41\nS'c'\nI00\nsS'r'\ng4\n((lp42\ng10\nag9\naS'name'\np43\nag8\nag11\natRp44\nsS'u'\ng4\n((ltRp45\nsS'd'\nI00\nssS'Answer'\np46\n(dp47\nS'c'\nI00\nsS'r'\ng4\n((lp48\ng10\nag9\nag11\nag8\naS'label'\np49\natRp50\nsS'u'\ng4\n((ltRp51\nsS'd'\nI00\nssS'Organization'\np52\n(dp53\nS'c'\nI00\nsS'r'\ng4\n((lp54\nS'ancestors'\np55\nag9\naS'name'\np56\naS'parent'\np57\naS'descendants'\np58\nag11\nag10\nag8\naS'children'\np59\natRp60\nsS'u'\ng4\n((ltRp61\nsS'd'\nI00\nssS'Domain'\np62\n(dp63\nS'c'\nI00\nsS'r'\ng4\n((lp64\ng10\nag9\naS'name'\np65\nag8\nag11\natRp66\nsS'u'\ng4\n((ltRp67\nsS'd'\nI00\nssS'SessionUserRoleRequirement'\np68\n(dp69\nS'c'\nI00\nsS'r'\ng4\n((lp70\ng9\nag11\nag8\nag10\natRp71\nsS'u'\ng4\n((ltRp72\nsS'd'\nI00\nssS'Payment'\np73\n(dp74\nS'c'\nI01\nsS'r'\ng4\n((lp75\nS'city'\np76\naS'first_name'\np77\naS'last_name'\np78\nag9\naS'zip'\np79\naS'refunds'\np80\naS'country'\np81\nag11\naS'state'\np82\naS'purchase_order'\np83\naS'card_type'\np84\naS'amount'\np85\naS'exp_date'\np86\nag10\nag8\naS'sales_tax'\np87\naS'date'\np88\naS'invoice_number'\np89\naS'result_message'\np90\naS'transaction_id'\np91\natRp92\nsS'u'\ng4\n((ltRp93\nsS'd'\nI00\nssS'TrainingUnitAuthorization'\np94\n(dp95\nS'c'\nI00\nsS'r'\ng4\n((lp96\nS'end'\np97\naS'max_value'\np98\naS'used_value'\np99\naS'start'\np100\naS'user'\np101\nag8\nag9\naS'training_unit_account'\np102\nag11\nag10\natRp103\nsS'u'\ng4\n((ltRp104\nsS'd'\nI00\nssS'User'\np105\n(dp106\nS'c'\nI00\nsS'r'\ng4\n((lp107\nS'default_username_and_domain'\np108\nag9\nag11\nag8\nag10\natRp109\nsS'u'\ng4\n((ltRp110\nsS'd'\nI00\nssS'DomainAffiliation'\np111\n(dp112\nS'c'\nI01\nsS'r'\ng4\n((lp113\nS'username'\np114\naS'domain'\np115\nag9\naS'default'\np116\naS'user'\np117\nag8\naS'may_log_me_in'\np118\nag11\nag10\natRp119\nsS'u'\ng4\n((lp120\nS'default'\np121\naS'may_log_me_in'\np122\naS'domain'\np123\naS'username'\np124\natRp125\nsS'd'\nI00\nssS'SessionTemplate'\np126\n(dp127\nS'c'\nI00\nsS'r'\ng4\n((lp128\nS'product_line'\np129\nag9\naS'description'\np130\naS'sequence'\np131\naS'sessions'\np132\nag11\naS'duration'\np133\naS'audience'\np134\naS'version'\np135\nag10\nag8\naS'active'\np136\naS'shortname'\np137\naS'fullname'\np138\naS'modality'\np139\natRp140\nsS'u'\ng4\n((ltRp141\nsS'd'\nI00\nss.",
            "role": 6,
            "create_timestamp": "2012-04-06T04:27:07.281Z",
            "owner": null
        }
    },
    {
        "pk": 7,
        "model": "pr_services.acl",
        "fields": {
            "save_timestamp": "2012-04-06T04:27:07.333Z",
            "final_type": [
                "pr_services",
                "acl"
            ],
            "arbitrary_perm_list": "(l.",
            "acl": "(dp1\nS'Sco'\np2\n(dp3\nS'c'\nI00\nsS'r'\nc__builtin__\nset\np4\n((lp5\nS'save_timestamp'\np6\naS'description'\np7\naS'prerequisite_tasks'\np8\naS'version_id'\np9\naS'course'\np10\naS'content_type'\np11\naS'create_timestamp'\np12\naS'version_label'\np13\naS'type'\np14\naS'id'\np15\naS'name'\np16\natRp17\nsS'u'\ng4\n((ltRp18\nsS'd'\nI00\nssS'Task'\np19\n(dp20\nS'c'\nI00\nsS'r'\ng4\n((lp21\ng6\naS'description'\np22\naS'prerequisite_tasks'\np23\naS'version_id'\np24\nag11\nag12\naS'version_label'\np25\naS'type'\np26\nag15\nag16\natRp27\nsS'u'\ng4\n((ltRp28\nsS'd'\nI00\nss.",
            "role": 7,
            "create_timestamp": "2012-04-06T04:27:07.333Z",
            "owner": null
        }
    },
    {
        "pk": 8,
        "model": "pr_services.acl",
        "fields": {
            "save_timestamp": "2012-04-06T04:27:07.349Z",
            "final_type": [
                "pr_services",
                "acl"
            ],
            "arbitrary_perm_list": "(l.",
            "acl": "(dp1\nS'Sco'\np2\n(dp3\nS'c'\nI00\nsS'r'\nc__builtin__\nset\np4\n((lp5\nS'url'\np6\naS'save_timestamp'\np7\naS'id'\np8\naS'content_type'\np9\naS'create_timestamp'\np10\natRp11\nsS'u'\ng4\n((ltRp12\nsS'd'\nI00\nss.",
            "role": 7,
            "create_timestamp": "2012-04-06T04:27:07.349Z",
            "owner": null
        }
    },
    {
        "pk": 9,
        "model": "pr_services.acl",
        "fields": {
            "save_timestamp": "2012-04-06T04:27:07.393Z",
            "final_type": [
                "pr_services",
                "acl"
            ],
            "arbitrary_perm_list": "(l.",
            "acl": "(dp1\nS'User'\np2\n(dp3\nS'c'\nI01\nsS'r'\nc__builtin__\nset\np4\n((lp5\nS'status'\np6\naS'product_lines_managed'\np7\naS'last_name'\np8\naS'save_timestamp'\np9\naS'content_type'\np10\naS'create_timestamp'\np11\naS'full_name'\np12\naS'product_lines_instructor_manager_for'\np13\naS'email2'\np14\naS'id'\np15\naS'biography'\np16\naS'first_name'\np17\naS'middle_name'\np18\naS'title'\np19\naS'product_lines_instructor_for'\np20\naS'email'\np21\naS'username'\np22\naS'billing_address'\np23\naS'color_code'\np24\naS'phone2'\np25\naS'phone3'\np26\naS'phone'\np27\naS'groups'\np28\naS'credentials'\np29\naS'photo_url'\np30\naS'session_user_role_requirements'\np31\naS'url'\np32\naS'name_suffix'\np33\naS'shipping_address'\np34\naS'domains'\np35\natRp36\nsS'u'\ng4\n((lp37\nS'status'\np38\naS'first_name'\np39\naS'last_name'\np40\naS'middle_name'\np41\naS'color_code'\np42\naS'title'\np43\naS'url'\np44\naS'phone3'\np45\naS'name_suffix'\np46\naS'email2'\np47\naS'phone'\np48\naS'billing_address'\np49\naS'groups'\np50\naS'shipping_address'\np51\naS'credentials'\np52\naS'phone2'\np53\naS'email'\np54\naS'biography'\np55\naS'photo_url'\np56\natRp57\nsS'd'\nI01\nss.",
            "role": 8,
            "create_timestamp": "2012-04-06T04:27:07.393Z",
            "owner": null
        }
    },
    {
        "pk": 10,
        "model": "pr_services.acl",
        "fields": {
            "save_timestamp": "2012-04-06T04:27:07.423Z",
            "final_type": [
                "pr_services",
                "acl"
            ],
            "arbitrary_perm_list": "(l.",
            "acl": "(dp1\nS'Group'\np2\n(dp3\nS'c'\nI00\nsS'r'\nc__builtin__\nset\np4\n((lp5\nS'managers'\np6\naS'name'\np7\naS'content_type'\np8\naS'save_timestamp'\np9\naS'create_timestamp'\np10\naS'id'\np11\naS'users'\np12\natRp13\nsS'u'\ng4\n((lp14\nS'managers'\np15\naS'name'\np16\naS'users'\np17\natRp18\nsS'd'\nI00\nss.",
            "role": 9,
            "create_timestamp": "2012-04-06T04:27:07.423Z",
            "owner": null
        }
    },
    {
        "pk": 11,
        "model": "pr_services.acl",
        "fields": {
            "save_timestamp": "2012-04-06T04:27:07.448Z",
            "final_type": [
                "pr_services",
                "acl"
            ],
            "arbitrary_perm_list": "(l.",
            "acl": "(dp1\nS'Session'\np2\n(dp3\nS'c'\nI01\nsS'r'\nc__builtin__\nset\np4\n((lp5\nS'default_price'\np6\naS'status'\np7\naS'confirmed'\np8\naS'end'\np9\naS'room'\np10\naS'title'\np11\naS'url'\np12\naS'modality'\np13\naS'start'\np14\naS'audience'\np15\naS'create_timestamp'\np16\naS'content_type'\np17\naS'id'\np18\naS'save_timestamp'\np19\naS'shortname'\np20\naS'evaluation'\np21\naS'fullname'\np22\naS'session_template'\np23\natRp24\nsS'u'\ng4\n((lp25\nS'default_price'\np26\naS'status'\np27\naS'confirmed'\np28\naS'end'\np29\naS'room'\np30\naS'title'\np31\naS'url'\np32\naS'modality'\np33\naS'start'\np34\naS'audience'\np35\naS'shortname'\np36\naS'fullname'\np37\naS'session_template'\np38\natRp39\nsS'd'\nI01\nssS'ProductLine'\np40\n(dp41\nS'c'\nI00\nsS'r'\ng4\n((lp42\nS'managers'\np43\naS'name'\np44\naS'instructors'\np45\nag16\nag17\nag19\naS'instructor_managers'\np46\nag18\natRp47\nsS'u'\ng4\n((lp48\nS'instructors'\np49\naS'instructor_managers'\np50\naS'name'\np51\natRp52\nsS'd'\nI00\nssS'SessionTemplate'\np53\n(dp54\nS'c'\nI01\nsS'r'\ng4\n((lp55\nS'product_line'\np56\nag19\naS'description'\np57\naS'sequence'\np58\naS'price'\np59\naS'event_template'\np60\naS'modality'\np61\naS'audience'\np62\naS'version'\np63\nag18\nag16\nag17\naS'duration'\np64\naS'shortname'\np65\naS'fullname'\np66\naS'lead_time'\np67\natRp68\nsS'u'\ng4\n((lp69\nS'description'\np70\naS'event_template'\np71\naS'price'\np72\naS'sequence'\np73\naS'modality'\np74\naS'audience'\np75\naS'version'\np76\naS'duration'\np77\naS'shortname'\np78\naS'fullname'\np79\naS'lead_time'\np80\natRp81\nsS'd'\nI01\nssS'User'\np82\n(dp83\nS'c'\nI01\nsS'r'\ng4\n((lp84\nS'phone'\np85\naS'last_name'\np86\nag19\nag16\nag17\naS'credentials'\np87\nag18\natRp88\nsS'u'\ng4\n((lp89\nS'phone'\np90\naS'last_name'\np91\natRp92\nsS'd'\nI00\nss.",
            "role": 10,
            "create_timestamp": "2012-04-06T04:27:07.448Z",
            "owner": null
        }
    },
    {
        "pk": 12,
        "model": "pr_services.acl",
        "fields": {
            "save_timestamp": "2012-04-06T04:27:07.509Z",
            "final_type": [
                "pr_services",
                "acl"
            ],
            "arbitrary_perm_list": "(l.",
            "acl": "(dp1\nS'User'\np2\n(dp3\nS'c'\nI01\nsS'r'\nc__builtin__\nset\np4\n((lp5\nS'status'\np6\naS'product_lines_managed'\np7\naS'last_name'\np8\naS'save_timestamp'\np9\naS'content_type'\np10\naS'create_timestamp'\np11\naS'full_name'\np12\naS'default_username_and_domain'\np13\naS'product_lines_instructor_manager_for'\np14\naS'email2'\np15\naS'id'\np16\naS'biography'\np17\naS'first_name'\np18\naS'middle_name'\np19\naS'title'\np20\naS'product_lines_instructor_for'\np21\naS'email'\np22\naS'username'\np23\naS'billing_address'\np24\naS'color_code'\np25\naS'phone2'\np26\naS'phone3'\np27\naS'phone'\np28\naS'groups'\np29\naS'credentials'\np30\naS'photo_url'\np31\naS'session_user_role_requirements'\np32\naS'url'\np33\naS'name_suffix'\np34\naS'shipping_address'\np35\natRp36\nsS'u'\ng4\n((lp37\nS'status'\np38\naS'first_name'\np39\naS'last_name'\np40\naS'middle_name'\np41\naS'color_code'\np42\naS'title'\np43\naS'url'\np44\naS'phone3'\np45\naS'name_suffix'\np46\naS'email2'\np47\naS'phone'\np48\naS'billing_address'\np49\naS'groups'\np50\naS'shipping_address'\np51\naS'credentials'\np52\naS'phone2'\np53\naS'email'\np54\naS'biography'\np55\naS'photo_url'\np56\natRp57\nsS'd'\nI01\nss.",
            "role": 11,
            "create_timestamp": "2012-04-06T04:27:07.508Z",
            "owner": null
        }
    },
    {
        "pk": 13,
        "model": "pr_services.acl",
        "fields": {
            "save_timestamp": "2012-04-06T04:27:07.558Z",
            "final_type": [
                "pr_services",
                "acl"
            ],
            "arbitrary_perm_list": "(l.",
            "acl": "(dp1\nS'PurchaseOrder'\np2\n(dp3\nS'c'\nI00\nsS'r'\nc__builtin__\nset\np4\n((lp5\nS'training_units_price'\np6\naS'save_timestamp'\np7\naS'training_units_purchased'\np8\naS'is_paid'\np9\naS'product_offers'\np10\naS'products'\np11\naS'expiration'\np12\naS'content_type'\np13\naS'organization'\np14\naS'product_discounts'\np15\naS'create_timestamp'\np16\naS'id'\np17\naS'payments'\np18\natRp19\nsS'u'\ng4\n((ltRp20\nsS'd'\nI00\nss.",
            "role": 12,
            "create_timestamp": "2012-04-06T04:27:07.557Z",
            "owner": null
        }
    },
    {
        "pk": 14,
        "model": "pr_services.acl",
        "fields": {
            "save_timestamp": "2012-04-06T04:27:07.596Z",
            "final_type": [
                "pr_services",
                "acl"
            ],
            "arbitrary_perm_list": "(l.",
            "acl": "(dp1\nS'PurchaseOrder'\np2\n(dp3\nS'c'\nI00\nsS'r'\nc__builtin__\nset\np4\n((lp5\nS'training_units_price'\np6\naS'save_timestamp'\np7\naS'training_units_purchased'\np8\naS'is_paid'\np9\naS'product_offers'\np10\naS'products'\np11\naS'expiration'\np12\naS'content_type'\np13\naS'organization'\np14\naS'product_discounts'\np15\naS'create_timestamp'\np16\naS'id'\np17\naS'payments'\np18\natRp19\nsS'u'\ng4\n((lp20\nS'training_units_purchased'\np21\naS'training_units_price'\np22\naS'expiration'\np23\naS'user'\np24\natRp25\nsS'd'\nI00\nss.",
            "role": 13,
            "create_timestamp": "2012-04-06T04:27:07.596Z",
            "owner": null
        }
    },
    {
        "pk": 15,
        "model": "pr_services.acl",
        "fields": {
            "save_timestamp": "2012-04-06T04:27:08.095Z",
            "final_type": [
                "pr_services",
                "acl"
            ],
            "arbitrary_perm_list": "(l.",
            "acl": "(dp1\nS'Assignment'\np2\n(dp3\nS'c'\nI01\nsS'r'\nc__builtin__\nset\np4\n((lp5\nS'status'\np6\naS'due_date'\np7\naS'task'\np8\naS'date_completed'\np9\naS'task_content_type'\np10\naS'effective_date_assigned'\np11\naS'prerequisites_met'\np12\naS'user'\np13\naS'content_type'\np14\naS'save_timestamp'\np15\naS'date_started'\np16\naS'create_timestamp'\np17\naS'id'\np18\naS'assignment_attempts'\np19\natRp20\nsS'u'\ng4\n((ltRp21\nsS'd'\nI00\nssS'FileDownload'\np22\n(dp23\nS'c'\nI00\nsS'r'\ng4\n((lp24\ng15\naS'description'\np25\naS'prerequisite_tasks'\np26\nag17\nag14\naS'file_size'\np27\nag18\naS'name'\np28\natRp29\nsS'u'\ng4\n((ltRp30\nsS'd'\nI00\nss.",
            "role": 14,
            "create_timestamp": "2012-04-06T04:27:08.095Z",
            "owner": null
        }
    },
    {
        "pk": 16,
        "model": "pr_services.acl",
        "fields": {
            "save_timestamp": "2012-04-06T04:27:08.131Z",
            "final_type": [
                "pr_services",
                "acl"
            ],
            "arbitrary_perm_list": "(l.",
            "acl": "(dp1\nS'Assignment'\np2\n(dp3\nS'c'\nI01\nsS'r'\nc__builtin__\nset\np4\n((lp5\nS'status'\np6\naS'due_date'\np7\naS'task'\np8\naS'date_completed'\np9\naS'task_content_type'\np10\naS'effective_date_assigned'\np11\naS'prerequisites_met'\np12\naS'user'\np13\naS'content_type'\np14\naS'save_timestamp'\np15\naS'date_started'\np16\naS'create_timestamp'\np17\naS'id'\np18\naS'assignment_attempts'\np19\natRp20\nsS'u'\ng4\n((ltRp21\nsS'd'\nI00\nssS'FileUpload'\np22\n(dp23\nS'c'\nI00\nsS'r'\ng4\n((lp24\ng15\naS'description'\np25\nag14\naS'prerequisite_tasks'\np26\nag17\nag18\naS'name'\np27\natRp28\nsS'u'\ng4\n((ltRp29\nsS'd'\nI00\nss.",
            "role": 15,
            "create_timestamp": "2012-04-06T04:27:08.131Z",
            "owner": null
        }
    },
    {
        "pk": 17,
        "model": "pr_services.acl",
        "fields": {
            "save_timestamp": "2012-04-06T04:27:08.166Z",
            "final_type": [
                "pr_services",
                "acl"
            ],
            "arbitrary_perm_list": "(l.",
            "acl": "(dp1\nS'Assignment'\np2\n(dp3\nS'c'\nI01\nsS'r'\nc__builtin__\nset\np4\n((lp5\nS'status'\np6\naS'due_date'\np7\naS'task'\np8\naS'date_completed'\np9\naS'task_content_type'\np10\naS'effective_date_assigned'\np11\naS'prerequisites_met'\np12\naS'user'\np13\naS'content_type'\np14\naS'save_timestamp'\np15\naS'date_started'\np16\naS'create_timestamp'\np17\naS'id'\np18\naS'assignment_attempts'\np19\natRp20\nsS'u'\ng4\n((ltRp21\nsS'd'\nI00\nssS'Exam'\np22\n(dp23\nS'c'\nI00\nsS'r'\ng4\n((lp24\ng15\naS'description'\np25\naS'title'\np26\naS'prerequisite_tasks'\np27\nag17\nag14\nag18\naS'name'\np28\natRp29\nsS'u'\ng4\n((ltRp30\nsS'd'\nI00\nss.",
            "role": 16,
            "create_timestamp": "2012-04-06T04:27:08.166Z",
            "owner": null
        }
    },
    {
        "pk": 18,
        "model": "pr_services.acl",
        "fields": {
            "save_timestamp": "2012-04-06T04:27:08.208Z",
            "final_type": [
                "pr_services",
                "acl"
            ],
            "arbitrary_perm_list": "(l.",
            "acl": "(dp1\nS'SessionUserRoleRequirement'\np2\n(dp3\nS'c'\nI00\nsS'r'\nc__builtin__\nset\np4\n((lp5\nS'save_timestamp'\np6\naS'description'\np7\naS'title'\np8\naS'prerequisite_tasks'\np9\naS'session'\np10\naS'create_timestamp'\np11\naS'content_type'\np12\naS'type'\np13\naS'id'\np14\naS'name'\np15\natRp16\nsS'u'\ng4\n((ltRp17\nsS'd'\nI00\nssS'Assignment'\np18\n(dp19\nS'c'\nI01\nsS'r'\ng4\n((lp20\nS'status'\np21\naS'due_date'\np22\naS'task'\np23\naS'date_completed'\np24\naS'task_content_type'\np25\naS'effective_date_assigned'\np26\naS'prerequisites_met'\np27\naS'user'\np28\nag12\nag6\naS'date_started'\np29\nag11\nag14\naS'assignment_attempts'\np30\natRp31\nsS'u'\ng4\n((ltRp32\nsS'd'\nI00\nssS'Session'\np33\n(dp34\nS'c'\nI00\nsS'r'\ng4\n((lp35\nS'status'\np36\naS'end'\np37\naS'room'\np38\nag14\naS'start'\np39\nag11\nag12\nag6\naS'event'\np40\natRp41\nsS'u'\ng4\n((ltRp42\nsS'd'\nI00\nssS'Event'\np43\n(dp44\nS'c'\nI00\nsS'r'\ng4\n((lp45\nS'end'\np46\naS'description'\np47\naS'title'\np48\naS'url'\np49\naS'region'\np50\naS'venue'\np51\nag6\naS'start'\np52\nag11\nag12\naS'organization'\np53\nag14\naS'name'\np54\natRp55\nsS'u'\ng4\n((ltRp56\nsS'd'\nI00\nssS'AssignmentManager'\np57\n(dp58\nS'methods'\np59\ng4\n((lp60\nS'email_task_assignees'\np61\natRp62\nss.",
            "role": 17,
            "create_timestamp": "2012-04-06T04:27:08.208Z",
            "owner": null
        }
    },
    {
        "pk": 19,
        "model": "pr_services.acl",
        "fields": {
            "save_timestamp": "2012-04-06T04:27:08.275Z",
            "final_type": [
                "pr_services",
                "acl"
            ],
            "arbitrary_perm_list": "(l.",
            "acl": "(dp1\nS'FileDownload'\np2\n(dp3\nS'c'\nI01\nsS'r'\nc__builtin__\nset\np4\n((lp5\nS'achievements'\np6\naS'save_timestamp'\np7\naS'description'\np8\naS'deleted'\np9\naS'max'\np10\naS'prerequisite_tasks'\np11\naS'version_id'\np12\naS'create_timestamp'\np13\naS'version_label'\np14\naS'file_size'\np15\naS'task_fees'\np16\naS'id'\np17\naS'users'\np18\naS'yielded_tasks'\np19\naS'name'\np20\naS'min'\np21\naS'notes'\np22\naS'title'\np23\naS'file_url'\np24\naS'version_comment'\np25\naS'content_type'\np26\naS'organization'\np27\naS'remaining_capacity'\np28\naS'type'\np29\naS'prevent_duplicate_assignments'\np30\natRp31\nsS'u'\ng4\n((lp32\ng6\nag8\nag9\nag10\nag11\nag12\nag14\nag16\nag18\nag19\nag20\nag21\nag22\nag23\nag25\nag27\nag28\nag30\natRp33\nsS'd'\nI01\nssS'Question'\np34\n(dp35\nS'c'\nI01\nsS'r'\ng4\n((lp36\nS'rejoinder'\np37\naS'widget'\np38\nag7\naS'responses'\np39\naS'text_response_label'\np40\naS'max_value'\np41\naS'min_value'\np42\naS'max_answers'\np43\naS'answers'\np44\naS'question_pool'\np45\naS'min_answers'\np46\nag13\nag26\naS'help_text'\np47\nag17\naS'text_response'\np48\naS'min_length'\np49\nag20\nag22\naS'required'\np50\naS'label'\np51\naS'max_length'\np52\naS'question_type'\np53\naS'text_regex'\np54\naS'order'\np55\naS'user'\np56\natRp57\nsS'u'\ng4\n((lp58\ng37\nag38\nag39\nag40\nag41\nag42\nag43\nag44\nag45\nag46\nag56\nag47\nag48\nag49\nag20\nag22\nag50\nag51\nag52\nag53\nag54\nag55\natRp59\nsS'd'\nI01\nssS'CurriculumEnrollment'\np60\n(dp61\nS'c'\nI01\nsS'r'\ng4\n((lp62\ng7\nag18\naS'start'\np63\naS'curriculum_name'\np64\naS'curriculum'\np65\nag17\naS'assignments'\np66\nag13\nag26\naS'end'\np67\nag22\naS'user_completion_statuses'\np68\natRp69\nsS'u'\ng4\n((lp70\ng63\nag22\nag65\nag67\nag18\natRp71\nsS'd'\nI01\nssS'Task'\np72\n(dp73\nS'c'\nI00\nsS'r'\ng4\n((lp74\ng6\nag7\nag8\nag10\nag11\nag12\nag13\nag14\nag16\nag17\nag18\nag19\nag20\nag21\nag22\nag23\nag25\nag26\nag27\nag28\nag29\nag30\natRp75\nsS'u'\ng4\n((ltRp76\nsS'd'\nI00\nssS'AssignmentManager'\np77\n(dp78\nS'methods'\np79\ng4\n((lp80\nS'email_task_assignees'\np81\natRp82\nssS'Answer'\np83\n(dp84\nS'c'\nI01\nsS'r'\ng4\n((lp85\nS'correct'\np86\nag7\nag39\naS'end_question_pool'\np87\naS'next_question_pool'\np88\nag13\nag26\nag17\nag48\nag20\nag22\naS'end_exam'\np89\naS'question'\np90\naS'value'\np91\nag51\nag55\natRp92\nsS'u'\ng4\n((lp93\ng48\nag87\nag39\nag22\nag89\nag90\nag88\nag91\nag51\nag55\nag86\nag20\natRp94\nsS'd'\nI01\nssS'Credential'\np95\n(dp96\nS'c'\nI01\nsS'r'\ng4\n((lp97\nS'status'\np98\nag7\naS'credential_type'\np99\nag22\naS'authority'\np100\naS'credential_type_name'\np101\naS'date_expires'\np102\nag13\nag26\naS'serial_number'\np103\naS'date_started'\np104\naS'date_granted'\np105\nag17\naS'date_assigned'\np106\nag56\natRp107\nsS'u'\ng4\n((lp108\ng98\nag99\nag22\nag100\nag102\nag56\nag103\nag104\nag105\nag106\natRp109\nsS'd'\nI01\nssS'Exam'\np110\n(dp111\nS'c'\nI01\nsS'r'\ng4\n((lp112\ng6\naS'question_pools'\np113\nag7\nag8\nag10\nag11\nag12\nag13\nag14\nag16\nag17\nag18\nag19\nag20\nag21\nag22\nag23\nag25\naS'passing_score'\np114\nag26\nag27\nag28\nag29\nag30\natRp115\nsS'u'\ng4\n((lp116\ng6\nag113\nag8\nag10\nag11\nag12\nag14\nag16\nag18\nag19\nag20\nag21\nag22\nag23\nag25\nag114\nag27\nag28\nag30\natRp117\nsS'd'\nI01\nssS'SessionUserRoleRequirement'\np118\n(dp119\nS'c'\nI01\nsS'r'\ng4\n((lp120\ng6\nag7\nag8\nag10\nag11\nag12\naS'session'\np121\naS'session_user_role'\np122\nag13\nag14\naS'credential_types'\np123\nag16\nag17\nag18\nag19\nag20\nag21\nag22\nag23\nag25\naS'role_name'\np124\nag26\nag27\nag28\naS'ignore_room_capacity'\np125\nag29\nag30\natRp126\nsS'u'\ng4\n((lp127\ng6\nag8\nag10\nag11\nag12\nag121\nag122\nag14\nag123\nag16\nag18\nag19\nag20\nag21\nag22\nag23\nag25\nag27\nag28\nag125\nag30\natRp128\nsS'd'\nI01\nssS'Assignment'\np129\n(dp130\nS'c'\nI01\nsS'r'\ng4\n((lp131\ng98\naS'due_date'\np132\nag7\nag100\naS'prerequisites_met'\np133\nag13\nag26\nag56\nag17\naS'achievement_awards'\np134\naS'task'\np135\naS'date_completed'\np136\naS'task_content_type'\np137\nag22\naS'effective_date_assigned'\np138\naS'status_change_log'\np139\nag103\nag104\naS'assignment_attempts'\np140\natRp141\nsS'u'\ng4\n((lp142\ng98\nag132\nag135\nag136\nag22\nag100\nag138\nag56\nag134\nag103\nag104\nag140\natRp143\nsS'd'\nI01\nssS'CurriculumTaskAssociation'\np144\n(dp145\nS'c'\nI01\nsS'r'\ng4\n((lp146\nS'task_bundle'\np147\naS'continue_automatically'\np148\nag7\nag26\naS'presentation_order'\np149\nag22\nag65\naS'days_before_start'\np150\nag135\nag13\naS'task_name'\np151\naS'days_to_complete'\np152\nag17\natRp153\nsS'u'\ng4\n((lp154\ng147\nag135\nag149\nag22\nag65\nag150\nag148\nag152\natRp155\nsS'd'\nI01\nssS'User'\np156\n(dp157\nS'c'\nI01\nsS'r'\ng4\n((lp158\ng6\naS'product_lines_managed'\np159\naS'last_name'\np160\nag7\nag26\naS'is_staff'\np161\nag13\naS'full_name'\np162\naS'product_lines_instructor_manager_for'\np163\naS'email2'\np164\nag17\naS'biography'\np165\nag134\naS'alleged_organization'\np166\naS'first_name'\np167\naS'middle_name'\np168\naS'domain_affiliations'\np169\nag23\naS'enable_paypal'\np170\naS'product_lines_instructor_for'\np171\naS'email'\np172\nag98\naS'billing_address'\np173\naS'color_code'\np174\naS'default_username_and_domain'\np175\naS'phone3'\np176\naS'phone'\np177\naS'groups'\np178\naS'credentials'\np179\naS'owned_userorgroles'\np180\naS'preferred_venues'\np181\naS'photo_url'\np182\naS'username'\np183\naS'organizations'\np184\naS'roles'\np185\naS'session_user_role_requirements'\np186\naS'url'\np187\nag22\naS'name_suffix'\np188\naS'completed_curriculum_enrollments'\np189\naS'suppress_emails'\np190\naS'incomplete_curriculum_enrollments'\np191\naS'paypal_address'\np192\naS'shipping_address'\np193\naS'domains'\np194\naS'phone2'\np195\natRp196\nsS'u'\ng4\n((lp197\ng98\nag6\nag160\nag174\nag195\nag176\nag177\nag161\nag178\nag179\nag164\nag165\nag182\nag134\nag184\nag167\nag168\nag185\nag23\nag166\nag22\nag188\nag170\nag187\nag190\nag181\nag192\nag193\nag173\nag172\natRp198\nsS'd'\nI01\nssS'Response'\np199\n(dp200\nS'c'\nI00\nsS'r'\ng4\n((lp201\ng7\naS'exam_session'\np202\nag22\nag90\nag91\nag17\naS'valid'\np203\nag44\nag26\naS'text'\np204\nag86\nag13\natRp205\nsS'u'\ng4\n((ltRp206\nsS'd'\nI00\nssS'Achievement'\np207\n(dp208\nS'c'\nI01\nsS'r'\ng4\n((lp209\ng7\nag18\naS'component_achievements'\np210\nag20\nag13\nag26\nag17\naS'yielded_achievements'\np211\nag22\nag8\natRp212\nsS'u'\ng4\n((lp213\ng18\nag22\nag8\nag210\nag211\nag20\natRp214\nsS'd'\nI01\nssS'FileUpload'\np215\n(dp216\nS'c'\nI01\nsS'r'\ng4\n((lp217\ng6\nag7\nag8\nag10\nag11\nag12\nag13\nag14\nag16\nag17\nag18\nag19\nag20\nag21\nag22\nag23\nag25\nag26\nag27\nag28\nag29\nag30\natRp218\nsS'u'\ng4\n((lp219\ng6\nag8\nag10\nag11\nag12\nag14\nag16\nag18\nag19\nag20\nag21\nag22\nag23\nag25\nag27\nag28\nag30\natRp220\nsS'd'\nI01\nssS'Resource'\np221\n(dp222\nS'c'\nI00\nsS'r'\ng4\n((lp223\nS'session_resource_type_requirements'\np224\nag7\nag8\nag22\nag13\nag26\naS'resource_types'\np225\nag17\nag20\natRp226\nsS'u'\ng4\n((ltRp227\nsS'd'\nI00\nssS'Venue'\np228\n(dp229\nS'c'\nI00\nsS'r'\ng4\n((lp230\ng7\nag20\nag22\naS'hours_of_operation'\np231\naS'events'\np232\nag177\naS'contact'\np233\nag13\nag26\naS'address'\np234\naS'owner'\np235\naS'blackout_periods'\np236\naS'region'\np237\nag17\naS'rooms'\np238\natRp239\nsS'u'\ng4\n((ltRp240\nsS'd'\nI00\nssS'CredentialType'\np241\n(dp242\nS'c'\nI01\nsS'r'\ng4\n((lp243\ng7\naS'id'\np244\naS'content_type'\np245\nag13\natRp246\nsS'u'\ng4\n((ltRp247\nsS'd'\nI00\nssS'UserOrgRole'\np248\n(dp249\nS'c'\nI01\nsS'r'\ng4\n((lp250\ng7\naS'parent'\np251\nag23\nag22\naS'persistent'\np252\nag17\naS'organization_name'\np253\nag124\naS'role'\np254\nag13\nag26\nag235\nag27\naS'children'\np255\natRp256\nsS'u'\ng4\n((lp257\ng254\nag251\nag23\nag235\nag27\nag22\nag252\natRp258\nsS'd'\nI01\nssS'Organization'\np259\n(dp260\nS'c'\nI00\nsS'r'\ng4\n((lp261\ng7\naS'user_org_roles'\np262\naS'primary_contact_cell_phone'\np263\nag13\naS'primary_contact_first_name'\np264\nag17\nag18\naS'use_external_uid'\np265\naS'external_uid'\np266\naS'ancestors'\np267\naS'org_email_domains'\np268\naS'primary_contact_email'\np269\nag255\naS'training_unit_accounts'\np270\naS'department'\np271\nag172\naS'fax'\np272\nag8\nag251\naS'descendants'\np273\naS'purchase_orders'\np274\naS'primary_contact_other_phone'\np275\nag177\nag26\nag234\nag182\nag20\nag185\naS'primary_contact_office_phone'\np276\nag187\nag22\naS'primary_contact_last_name'\np277\natRp278\nsS'u'\ng4\n((ltRp279\nsS'd'\nI00\nssS'ExamManager'\np280\n(dp281\ng79\ng4\n((lp282\nS'create_from_xml'\np283\naS'export_to_xml'\np284\natRp285\nssS'Session'\np286\n(dp287\nS'c'\nI01\nsS'r'\ng4\n((lp288\nS'default_price'\np289\nag98\nag7\nag8\naS'modality'\np290\naS'paypal_url'\np291\nag13\nag26\nag17\naS'session_template'\np292\naS'confirmed'\np293\nag224\nag67\naS'room'\np294\nag186\nag23\nag187\nag22\naS'session_user_roles'\np295\naS'event'\np296\nag63\naS'audience'\np297\naS'shortname'\np298\naS'fullname'\np299\naS'evaluation'\np300\naS'lead_time'\np301\natRp302\nsS'u'\ng4\n((lp303\ng289\nag98\nag8\nag290\nag294\nag293\nag224\nag67\nag292\nag186\nag23\nag187\nag22\nag295\nag296\nag63\nag297\nag298\nag299\nag301\natRp304\nsS'd'\nI01\nssS'QuestionPool'\np305\n(dp306\nS'c'\nI01\nsS'r'\ng4\n((lp307\ng7\naS'exam'\np308\nag23\nag22\naS'randomize_questions'\np309\nag17\nag26\nag13\naS'questions'\np310\nag55\naS'number_to_answer'\np311\nag20\natRp312\nsS'u'\ng4\n((lp313\ng308\nag23\nag22\nag309\nag310\nag55\nag311\nag20\natRp314\nsS'd'\nI01\nssS'Event'\np315\n(dp316\nS'c'\nI01\nsS'r'\ng4\n((lp317\ng98\nag7\nag8\naS'sessions'\np318\naS'facebook_message'\np319\nag13\nag26\nag235\nag17\nag20\naS'product_line'\np320\nag67\naS'external_reference'\np321\naS'event_template'\np322\nag187\nag22\nag23\naS'venue'\np323\naS'notify_cfgs'\np324\nag63\naS'lag_time'\np325\nag27\naS'twitter_message'\np326\nag237\nag301\natRp327\nsS'u'\ng4\n((lp328\ng8\nag319\nag235\nag20\nag320\nag67\nag321\nag322\nag187\nag22\nag23\nag323\nag324\nag63\nag325\nag27\nag326\nag237\nag301\natRp329\nsS'd'\nI01\nss.",
            "role": 18,
            "create_timestamp": "2012-04-06T04:27:08.275Z",
            "owner": null
        }
    },
    {
        "pk": 20,
        "model": "pr_services.acl",
        "fields": {
            "save_timestamp": "2012-04-06T04:27:08.306Z",
            "final_type": [
                "pr_services",
                "acl"
            ],
            "arbitrary_perm_list": "(l.",
            "acl": "(dp1\nS'Task'\np2\n(dp3\nS'c'\nI01\nsS'r'\nc__builtin__\nset\np4\n((lp5\nS'achievements'\np6\naS'save_timestamp'\np7\naS'description'\np8\naS'max'\np9\naS'prerequisite_tasks'\np10\naS'version_id'\np11\naS'create_timestamp'\np12\naS'version_label'\np13\naS'task_fees'\np14\naS'id'\np15\naS'users'\np16\naS'yielded_tasks'\np17\naS'name'\np18\naS'min'\np19\naS'notes'\np20\naS'title'\np21\naS'version_comment'\np22\naS'content_type'\np23\naS'organization'\np24\naS'remaining_capacity'\np25\naS'type'\np26\naS'prevent_duplicate_assignments'\np27\natRp28\nsS'u'\ng4\n((lp29\ng6\nag8\nag9\nag10\nag11\nag13\nag14\nag16\nag17\nag18\nag19\nag20\nag21\nag22\nag24\nag25\nag27\natRp30\nsS'd'\nI00\nssS'Exam'\np31\n(dp32\nS'c'\nI00\nsS'r'\ng4\n((lp33\ng6\naS'question_pools'\np34\nag7\nag8\nag9\nag10\nag11\nag12\nag13\nag14\nag15\nag16\nag17\nag18\nag19\nag20\nag21\nag22\naS'passing_score'\np35\nag23\nag24\nag25\nag26\nag27\natRp36\nsS'u'\ng4\n((lp37\ng6\nag34\nag8\nag9\nag10\nag11\nag13\nag14\nag16\nag17\nag18\nag19\nag20\nag21\nag22\nag35\nag24\nag25\nag27\natRp38\nsS'd'\nI00\nssS'FileDownload'\np39\n(dp40\nS'c'\nI00\nsS'r'\ng4\n((lp41\ng6\nag7\nag8\naS'deleted'\np42\nag9\nag10\nag11\nag12\nag13\naS'file_size'\np43\nag14\nag15\nag16\nag17\nag18\nag19\nag20\nag21\naS'file_url'\np44\nag22\nag23\nag24\nag25\nag26\nag27\natRp45\nsS'u'\ng4\n((lp46\ng6\nag8\nag42\nag9\nag10\nag11\nag13\nag14\nag16\nag17\nag18\nag19\nag20\nag21\nag22\nag24\nag25\nag27\natRp47\nsS'd'\nI00\nssS'SessionUserRoleRequirement'\np48\n(dp49\nS'c'\nI00\nsS'r'\ng4\n((lp50\ng6\nag7\nag8\nag9\nag10\nag11\naS'session'\np51\naS'session_user_role'\np52\nag12\nag13\naS'credential_types'\np53\nag14\nag15\nag16\nag17\nag18\nag19\nag20\nag21\nag22\naS'role_name'\np54\nag23\nag24\nag25\naS'ignore_room_capacity'\np55\nag26\nag27\natRp56\nsS'u'\ng4\n((lp57\ng6\nag8\nag9\nag10\nag11\nag51\nag52\nag13\nag53\nag14\nag16\nag17\nag18\nag19\nag20\nag21\nag22\nag24\nag25\nag55\nag27\natRp58\nsS'd'\nI00\nssS'Assignment'\np59\n(dp60\nS'c'\nI01\nsS'r'\ng4\n((lp61\nS'status'\np62\naS'due_date'\np63\nag7\naS'authority'\np64\naS'prerequisites_met'\np65\nag12\nag23\naS'user'\np66\nag15\naS'achievement_awards'\np67\naS'task'\np68\naS'date_completed'\np69\naS'task_content_type'\np70\nag20\naS'effective_date_assigned'\np71\naS'status_change_log'\np72\naS'serial_number'\np73\naS'date_started'\np74\naS'assignment_attempts'\np75\natRp76\nsS'u'\ng4\n((lp77\ng62\nag63\nag68\nag69\nag20\nag64\nag71\nag66\nag67\nag73\nag74\nag75\natRp78\nsS'd'\nI00\nssS'FileUpload'\np79\n(dp80\nS'c'\nI00\nsS'r'\ng4\n((lp81\ng6\nag7\nag8\nag9\nag10\nag11\nag12\nag13\nag14\nag15\nag16\nag17\nag18\nag19\nag20\nag21\nag22\nag23\nag24\nag25\nag26\nag27\natRp82\nsS'u'\ng4\n((lp83\ng6\nag8\nag9\nag10\nag11\nag13\nag14\nag16\nag17\nag18\nag19\nag20\nag21\nag22\nag24\nag25\nag27\natRp84\nsS'd'\nI00\nssS'ExamManager'\np85\n(dp86\nS'methods'\np87\ng4\n((lp88\nS'create_from_xml'\np89\naS'export_to_xml'\np90\natRp91\nssS'Session'\np92\n(dp93\nS'c'\nI01\nsS'r'\ng4\n((lp94\nS'default_price'\np95\nag62\nag7\nag8\naS'modality'\np96\naS'paypal_url'\np97\nag12\nag23\nag15\naS'session_template'\np98\naS'confirmed'\np99\naS'session_resource_type_requirements'\np100\naS'end'\np101\naS'room'\np102\naS'session_user_role_requirements'\np103\nag21\naS'url'\np104\nag20\naS'session_user_roles'\np105\naS'event'\np106\naS'start'\np107\naS'audience'\np108\naS'shortname'\np109\naS'fullname'\np110\naS'evaluation'\np111\naS'lead_time'\np112\natRp113\nsS'u'\ng4\n((lp114\ng95\nag62\nag8\nag96\nag102\nag99\nag100\nag101\nag98\nag103\nag21\nag104\nag20\nag105\nag106\nag107\nag108\nag109\nag110\nag112\natRp115\nsS'd'\nI00\nssS'User'\np116\n(dp117\nS'c'\nI00\nsS'r'\ng4\n((lp118\ng6\naS'product_lines_managed'\np119\naS'last_name'\np120\nag7\nag23\naS'is_staff'\np121\nag12\naS'full_name'\np122\naS'product_lines_instructor_manager_for'\np123\naS'email2'\np124\nag15\naS'biography'\np125\nag67\naS'alleged_organization'\np126\naS'first_name'\np127\naS'middle_name'\np128\naS'domain_affiliations'\np129\nag21\naS'enable_paypal'\np130\naS'product_lines_instructor_for'\np131\naS'email'\np132\nag62\naS'billing_address'\np133\naS'color_code'\np134\naS'default_username_and_domain'\np135\naS'phone3'\np136\naS'phone'\np137\naS'groups'\np138\naS'credentials'\np139\naS'owned_userorgroles'\np140\naS'preferred_venues'\np141\naS'photo_url'\np142\naS'username'\np143\naS'organizations'\np144\naS'roles'\np145\nag103\nag104\nag20\naS'name_suffix'\np146\naS'completed_curriculum_enrollments'\np147\naS'suppress_emails'\np148\naS'incomplete_curriculum_enrollments'\np149\naS'paypal_address'\np150\naS'shipping_address'\np151\naS'domains'\np152\naS'phone2'\np153\natRp154\nsS'u'\ng4\n((ltRp155\nsS'd'\nI00\nssS'Organization'\np156\n(dp157\nS'c'\nI00\nsS'r'\ng4\n((lp158\ng7\naS'user_org_roles'\np159\naS'primary_contact_cell_phone'\np160\nag12\naS'primary_contact_first_name'\np161\nag15\nag16\naS'use_external_uid'\np162\naS'external_uid'\np163\naS'ancestors'\np164\naS'org_email_domains'\np165\naS'primary_contact_email'\np166\naS'children'\np167\naS'training_unit_accounts'\np168\naS'department'\np169\nag132\naS'fax'\np170\nag8\naS'parent'\np171\naS'descendants'\np172\naS'purchase_orders'\np173\naS'primary_contact_other_phone'\np174\nag137\nag23\naS'address'\np175\nag142\nag18\nag145\naS'primary_contact_office_phone'\np176\nag104\nag20\naS'primary_contact_last_name'\np177\natRp178\nsS'u'\ng4\n((ltRp179\nsS'd'\nI00\nssS'Event'\np180\n(dp181\nS'c'\nI01\nsS'r'\ng4\n((lp182\ng62\nag7\nag8\naS'sessions'\np183\naS'facebook_message'\np184\nag12\nag23\naS'owner'\np185\nag15\nag18\naS'product_line'\np186\nag101\naS'external_reference'\np187\naS'event_template'\np188\nag104\nag20\nag21\naS'venue'\np189\naS'notify_cfgs'\np190\nag107\naS'lag_time'\np191\nag24\naS'twitter_message'\np192\naS'region'\np193\nag112\natRp194\nsS'u'\ng4\n((lp195\ng8\nag184\nag185\nag18\nag186\nag101\nag187\nag188\nag104\nag20\nag21\nag189\nag190\nag107\nag191\nag24\nag192\nag193\nag112\natRp196\nsS'd'\nI00\nss.",
            "role": 19,
            "create_timestamp": "2012-04-06T04:27:08.306Z",
            "owner": null
        }
    },
    {
        "pk": 1,
        "model": "pr_services.acmethodcall",
        "fields": {
            "ac_check_method": 51,
            "final_type": [
                "pr_services",
                "acmethodcall"
            ],
            "acl": 1,
            "create_timestamp": "2012-04-06T04:27:06.658Z",
            "owner": null,
            "save_timestamp": "2012-04-06T04:27:06.658Z",
            "ac_check_parameters": "(dp1\nS'group_id'\np2\nI1\ns."
        }
    },
    {
        "pk": 2,
        "model": "pr_services.acmethodcall",
        "fields": {
            "ac_check_method": 34,
            "final_type": [
                "pr_services",
                "acmethodcall"
            ],
            "acl": 1,
            "create_timestamp": "2012-04-06T04:27:06.670Z",
            "owner": null,
            "save_timestamp": "2012-04-06T04:27:06.670Z",
            "ac_check_parameters": "(dp1\n."
        }
    },
    {
        "pk": 3,
        "model": "pr_services.acmethodcall",
        "fields": {
            "ac_check_method": 38,
            "final_type": [
                "pr_services",
                "acmethodcall"
            ],
            "acl": 2,
            "create_timestamp": "2012-04-06T04:27:06.756Z",
            "owner": null,
            "save_timestamp": "2012-04-06T04:27:06.756Z",
            "ac_check_parameters": "(d."
        }
    },
    {
        "pk": 4,
        "model": "pr_services.acmethodcall",
        "fields": {
            "ac_check_method": 40,
            "final_type": [
                "pr_services",
                "acmethodcall"
            ],
            "acl": 2,
            "create_timestamp": "2012-04-06T04:27:06.765Z",
            "owner": null,
            "save_timestamp": "2012-04-06T04:27:06.765Z",
            "ac_check_parameters": "(d."
        }
    },
    {
        "pk": 5,
        "model": "pr_services.acmethodcall",
        "fields": {
            "ac_check_method": 41,
            "final_type": [
                "pr_services",
                "acmethodcall"
            ],
            "acl": 2,
            "create_timestamp": "2012-04-06T04:27:06.778Z",
            "owner": null,
            "save_timestamp": "2012-04-06T04:27:06.778Z",
            "ac_check_parameters": "(d."
        }
    },
    {
        "pk": 6,
        "model": "pr_services.acmethodcall",
        "fields": {
            "ac_check_method": 9,
            "final_type": [
                "pr_services",
                "acmethodcall"
            ],
            "acl": 2,
            "create_timestamp": "2012-04-06T04:27:06.788Z",
            "owner": null,
            "save_timestamp": "2012-04-06T04:27:06.788Z",
            "ac_check_parameters": "(d."
        }
    },
    {
        "pk": 7,
        "model": "pr_services.acmethodcall",
        "fields": {
            "ac_check_method": 16,
            "final_type": [
                "pr_services",
                "acmethodcall"
            ],
            "acl": 2,
            "create_timestamp": "2012-04-06T04:27:06.798Z",
            "owner": null,
            "save_timestamp": "2012-04-06T04:27:06.799Z",
            "ac_check_parameters": "(d."
        }
    },
    {
        "pk": 8,
        "model": "pr_services.acmethodcall",
        "fields": {
            "ac_check_method": 17,
            "final_type": [
                "pr_services",
                "acmethodcall"
            ],
            "acl": 2,
            "create_timestamp": "2012-04-06T04:27:06.807Z",
            "owner": null,
            "save_timestamp": "2012-04-06T04:27:06.808Z",
            "ac_check_parameters": "(d."
        }
    },
    {
        "pk": 9,
        "model": "pr_services.acmethodcall",
        "fields": {
            "ac_check_method": 18,
            "final_type": [
                "pr_services",
                "acmethodcall"
            ],
            "acl": 2,
            "create_timestamp": "2012-04-06T04:27:06.817Z",
            "owner": null,
            "save_timestamp": "2012-04-06T04:27:06.817Z",
            "ac_check_parameters": "(d."
        }
    },
    {
        "pk": 10,
        "model": "pr_services.acmethodcall",
        "fields": {
            "ac_check_method": 19,
            "final_type": [
                "pr_services",
                "acmethodcall"
            ],
            "acl": 2,
            "create_timestamp": "2012-04-06T04:27:06.826Z",
            "owner": null,
            "save_timestamp": "2012-04-06T04:27:06.826Z",
            "ac_check_parameters": "(d."
        }
    },
    {
        "pk": 11,
        "model": "pr_services.acmethodcall",
        "fields": {
            "ac_check_method": 21,
            "final_type": [
                "pr_services",
                "acmethodcall"
            ],
            "acl": 2,
            "create_timestamp": "2012-04-06T04:27:06.835Z",
            "owner": null,
            "save_timestamp": "2012-04-06T04:27:06.835Z",
            "ac_check_parameters": "(d."
        }
    },
    {
        "pk": 12,
        "model": "pr_services.acmethodcall",
        "fields": {
            "ac_check_method": 20,
            "final_type": [
                "pr_services",
                "acmethodcall"
            ],
            "acl": 2,
            "create_timestamp": "2012-04-06T04:27:06.847Z",
            "owner": null,
            "save_timestamp": "2012-04-06T04:27:06.847Z",
            "ac_check_parameters": "(d."
        }
    },
    {
        "pk": 13,
        "model": "pr_services.acmethodcall",
        "fields": {
            "ac_check_method": 23,
            "final_type": [
                "pr_services",
                "acmethodcall"
            ],
            "acl": 2,
            "create_timestamp": "2012-04-06T04:27:06.857Z",
            "owner": null,
            "save_timestamp": "2012-04-06T04:27:06.857Z",
            "ac_check_parameters": "(d."
        }
    },
    {
        "pk": 14,
        "model": "pr_services.acmethodcall",
        "fields": {
            "ac_check_method": 26,
            "final_type": [
                "pr_services",
                "acmethodcall"
            ],
            "acl": 2,
            "create_timestamp": "2012-04-06T04:27:06.866Z",
            "owner": null,
            "save_timestamp": "2012-04-06T04:27:06.866Z",
            "ac_check_parameters": "(d."
        }
    },
    {
        "pk": 15,
        "model": "pr_services.acmethodcall",
        "fields": {
            "ac_check_method": 28,
            "final_type": [
                "pr_services",
                "acmethodcall"
            ],
            "acl": 2,
            "create_timestamp": "2012-04-06T04:27:06.894Z",
            "owner": null,
            "save_timestamp": "2012-04-06T04:27:06.894Z",
            "ac_check_parameters": "(d."
        }
    },
    {
        "pk": 16,
        "model": "pr_services.acmethodcall",
        "fields": {
            "ac_check_method": 43,
            "final_type": [
                "pr_services",
                "acmethodcall"
            ],
            "acl": 2,
            "create_timestamp": "2012-04-06T04:27:06.922Z",
            "owner": null,
            "save_timestamp": "2012-04-06T04:27:06.922Z",
            "ac_check_parameters": "(d."
        }
    },
    {
        "pk": 17,
        "model": "pr_services.acmethodcall",
        "fields": {
            "ac_check_method": 44,
            "final_type": [
                "pr_services",
                "acmethodcall"
            ],
            "acl": 2,
            "create_timestamp": "2012-04-06T04:27:06.948Z",
            "owner": null,
            "save_timestamp": "2012-04-06T04:27:06.948Z",
            "ac_check_parameters": "(d."
        }
    },
    {
        "pk": 18,
        "model": "pr_services.acmethodcall",
        "fields": {
            "ac_check_method": 14,
            "final_type": [
                "pr_services",
                "acmethodcall"
            ],
            "acl": 2,
            "create_timestamp": "2012-04-06T04:27:06.965Z",
            "owner": null,
            "save_timestamp": "2012-04-06T04:27:06.965Z",
            "ac_check_parameters": "(d."
        }
    },
    {
        "pk": 19,
        "model": "pr_services.acmethodcall",
        "fields": {
            "ac_check_method": 36,
            "final_type": [
                "pr_services",
                "acmethodcall"
            ],
            "acl": 3,
            "create_timestamp": "2012-04-06T04:27:07.033Z",
            "owner": null,
            "save_timestamp": "2012-04-06T04:27:07.033Z",
            "ac_check_parameters": "(dp1\n."
        }
    },
    {
        "pk": 20,
        "model": "pr_services.acmethodcall",
        "fields": {
            "ac_check_method": 49,
            "final_type": [
                "pr_services",
                "acmethodcall"
            ],
            "acl": 3,
            "create_timestamp": "2012-04-06T04:27:07.044Z",
            "owner": null,
            "save_timestamp": "2012-04-06T04:27:07.044Z",
            "ac_check_parameters": "(dp1\n."
        }
    },
    {
        "pk": 21,
        "model": "pr_services.acmethodcall",
        "fields": {
            "ac_check_method": 37,
            "final_type": [
                "pr_services",
                "acmethodcall"
            ],
            "acl": 4,
            "create_timestamp": "2012-04-06T04:27:07.065Z",
            "owner": null,
            "save_timestamp": "2012-04-06T04:27:07.065Z",
            "ac_check_parameters": "(dp1\n."
        }
    },
    {
        "pk": 22,
        "model": "pr_services.acmethodcall",
        "fields": {
            "ac_check_method": 19,
            "final_type": [
                "pr_services",
                "acmethodcall"
            ],
            "acl": 5,
            "create_timestamp": "2012-04-06T04:27:07.088Z",
            "owner": null,
            "save_timestamp": "2012-04-06T04:27:07.088Z",
            "ac_check_parameters": "(d."
        }
    },
    {
        "pk": 23,
        "model": "pr_services.acmethodcall",
        "fields": {
            "ac_check_method": 21,
            "final_type": [
                "pr_services",
                "acmethodcall"
            ],
            "acl": 5,
            "create_timestamp": "2012-04-06T04:27:07.097Z",
            "owner": null,
            "save_timestamp": "2012-04-06T04:27:07.097Z",
            "ac_check_parameters": "(d."
        }
    },
    {
        "pk": 24,
        "model": "pr_services.acmethodcall",
        "fields": {
            "ac_check_method": 36,
            "final_type": [
                "pr_services",
                "acmethodcall"
            ],
            "acl": 6,
            "create_timestamp": "2012-04-06T04:27:07.292Z",
            "owner": null,
            "save_timestamp": "2012-04-06T04:27:07.292Z",
            "ac_check_parameters": "(d."
        }
    },
    {
        "pk": 25,
        "model": "pr_services.acmethodcall",
        "fields": {
            "ac_check_method": 25,
            "final_type": [
                "pr_services",
                "acmethodcall"
            ],
            "acl": 6,
            "create_timestamp": "2012-04-06T04:27:07.300Z",
            "owner": null,
            "save_timestamp": "2012-04-06T04:27:07.300Z",
            "ac_check_parameters": "(d."
        }
    },
    {
        "pk": 26,
        "model": "pr_services.acmethodcall",
        "fields": {
            "ac_check_method": 52,
            "final_type": [
                "pr_services",
                "acmethodcall"
            ],
            "acl": 6,
            "create_timestamp": "2012-04-06T04:27:07.308Z",
            "owner": null,
            "save_timestamp": "2012-04-06T04:27:07.308Z",
            "ac_check_parameters": "(d."
        }
    },
    {
        "pk": 27,
        "model": "pr_services.acmethodcall",
        "fields": {
            "ac_check_method": 31,
            "final_type": [
                "pr_services",
                "acmethodcall"
            ],
            "acl": 6,
            "create_timestamp": "2012-04-06T04:27:07.316Z",
            "owner": null,
            "save_timestamp": "2012-04-06T04:27:07.316Z",
            "ac_check_parameters": "(d."
        }
    },
    {
        "pk": 28,
        "model": "pr_services.acmethodcall",
        "fields": {
            "ac_check_method": 51,
            "final_type": [
                "pr_services",
                "acmethodcall"
            ],
            "acl": 7,
            "create_timestamp": "2012-04-06T04:27:07.342Z",
            "owner": null,
            "save_timestamp": "2012-04-06T04:27:07.342Z",
            "ac_check_parameters": "(dp1\nS'group_id'\np2\nI2\ns."
        }
    },
    {
        "pk": 29,
        "model": "pr_services.acmethodcall",
        "fields": {
            "ac_check_method": 42,
            "final_type": [
                "pr_services",
                "acmethodcall"
            ],
            "acl": 8,
            "create_timestamp": "2012-04-06T04:27:07.357Z",
            "owner": null,
            "save_timestamp": "2012-04-06T04:27:07.357Z",
            "ac_check_parameters": "(dp1\n."
        }
    },
    {
        "pk": 30,
        "model": "pr_services.acmethodcall",
        "fields": {
            "ac_check_method": 51,
            "final_type": [
                "pr_services",
                "acmethodcall"
            ],
            "acl": 9,
            "create_timestamp": "2012-04-06T04:27:07.401Z",
            "owner": null,
            "save_timestamp": "2012-04-06T04:27:07.402Z",
            "ac_check_parameters": "(dp1\nS'group_id'\np2\nI3\ns."
        }
    },
    {
        "pk": 31,
        "model": "pr_services.acmethodcall",
        "fields": {
            "ac_check_method": 8,
            "final_type": [
                "pr_services",
                "acmethodcall"
            ],
            "acl": 9,
            "create_timestamp": "2012-04-06T04:27:07.410Z",
            "owner": null,
            "save_timestamp": "2012-04-06T04:27:07.410Z",
            "ac_check_parameters": "(dp1\nS'actor_sur_id'\np2\nI1\nsS'actee_sur_id'\np3\nI2\ns."
        }
    },
    {
        "pk": 32,
        "model": "pr_services.acmethodcall",
        "fields": {
            "ac_check_method": 48,
            "final_type": [
                "pr_services",
                "acmethodcall"
            ],
            "acl": 10,
            "create_timestamp": "2012-04-06T04:27:07.435Z",
            "owner": null,
            "save_timestamp": "2012-04-06T04:27:07.435Z",
            "ac_check_parameters": "(dp1\n."
        }
    },
    {
        "pk": 33,
        "model": "pr_services.acmethodcall",
        "fields": {
            "ac_check_method": 3,
            "final_type": [
                "pr_services",
                "acmethodcall"
            ],
            "acl": 11,
            "create_timestamp": "2012-04-06T04:27:07.461Z",
            "owner": null,
            "save_timestamp": "2012-04-06T04:27:07.461Z",
            "ac_check_parameters": "(d."
        }
    },
    {
        "pk": 34,
        "model": "pr_services.acmethodcall",
        "fields": {
            "ac_check_method": 4,
            "final_type": [
                "pr_services",
                "acmethodcall"
            ],
            "acl": 11,
            "create_timestamp": "2012-04-06T04:27:07.471Z",
            "owner": null,
            "save_timestamp": "2012-04-06T04:27:07.471Z",
            "ac_check_parameters": "(d."
        }
    },
    {
        "pk": 35,
        "model": "pr_services.acmethodcall",
        "fields": {
            "ac_check_method": 5,
            "final_type": [
                "pr_services",
                "acmethodcall"
            ],
            "acl": 11,
            "create_timestamp": "2012-04-06T04:27:07.483Z",
            "owner": null,
            "save_timestamp": "2012-04-06T04:27:07.483Z",
            "ac_check_parameters": "(d."
        }
    },
    {
        "pk": 36,
        "model": "pr_services.acmethodcall",
        "fields": {
            "ac_check_method": 2,
            "final_type": [
                "pr_services",
                "acmethodcall"
            ],
            "acl": 11,
            "create_timestamp": "2012-04-06T04:27:07.495Z",
            "owner": null,
            "save_timestamp": "2012-04-06T04:27:07.495Z",
            "ac_check_parameters": "(d."
        }
    },
    {
        "pk": 37,
        "model": "pr_services.acmethodcall",
        "fields": {
            "ac_check_method": 11,
            "final_type": [
                "pr_services",
                "acmethodcall"
            ],
            "acl": 12,
            "create_timestamp": "2012-04-06T04:27:07.521Z",
            "owner": null,
            "save_timestamp": "2012-04-06T04:27:07.521Z",
            "ac_check_parameters": "(dp1\n."
        }
    },
    {
        "pk": 38,
        "model": "pr_services.acmethodcall",
        "fields": {
            "ac_check_method": 27,
            "final_type": [
                "pr_services",
                "acmethodcall"
            ],
            "acl": 13,
            "create_timestamp": "2012-04-06T04:27:07.569Z",
            "owner": null,
            "save_timestamp": "2012-04-06T04:27:07.569Z",
            "ac_check_parameters": "(d."
        }
    },
    {
        "pk": 39,
        "model": "pr_services.acmethodcall",
        "fields": {
            "ac_check_method": 33,
            "final_type": [
                "pr_services",
                "acmethodcall"
            ],
            "acl": 13,
            "create_timestamp": "2012-04-06T04:27:07.580Z",
            "owner": null,
            "save_timestamp": "2012-04-06T04:27:07.580Z",
            "ac_check_parameters": "(d."
        }
    },
    {
        "pk": 40,
        "model": "pr_services.acmethodcall",
        "fields": {
            "ac_check_method": 27,
            "final_type": [
                "pr_services",
                "acmethodcall"
            ],
            "acl": 14,
            "create_timestamp": "2012-04-06T04:27:07.607Z",
            "owner": null,
            "save_timestamp": "2012-04-06T04:27:07.607Z",
            "ac_check_parameters": "(d."
        }
    },
    {
        "pk": 41,
        "model": "pr_services.acmethodcall",
        "fields": {
            "ac_check_method": 32,
            "final_type": [
                "pr_services",
                "acmethodcall"
            ],
            "acl": 14,
            "create_timestamp": "2012-04-06T04:27:07.617Z",
            "owner": null,
            "save_timestamp": "2012-04-06T04:27:07.617Z",
            "ac_check_parameters": "(d."
        }
    },
    {
        "pk": 42,
        "model": "pr_services.acmethodcall",
        "fields": {
            "ac_check_method": 19,
            "final_type": [
                "pr_services",
                "acmethodcall"
            ],
            "acl": 15,
            "create_timestamp": "2012-04-06T04:27:08.104Z",
            "owner": null,
            "save_timestamp": "2012-04-06T04:27:08.104Z",
            "ac_check_parameters": "(d."
        }
    },
    {
        "pk": 43,
        "model": "pr_services.acmethodcall",
        "fields": {
            "ac_check_method": 20,
            "final_type": [
                "pr_services",
                "acmethodcall"
            ],
            "acl": 15,
            "create_timestamp": "2012-04-06T04:27:08.111Z",
            "owner": null,
            "save_timestamp": "2012-04-06T04:27:08.111Z",
            "ac_check_parameters": "(d."
        }
    },
    {
        "pk": 44,
        "model": "pr_services.acmethodcall",
        "fields": {
            "ac_check_method": 21,
            "final_type": [
                "pr_services",
                "acmethodcall"
            ],
            "acl": 15,
            "create_timestamp": "2012-04-06T04:27:08.119Z",
            "owner": null,
            "save_timestamp": "2012-04-06T04:27:08.119Z",
            "ac_check_parameters": "(d."
        }
    },
    {
        "pk": 45,
        "model": "pr_services.acmethodcall",
        "fields": {
            "ac_check_method": 19,
            "final_type": [
                "pr_services",
                "acmethodcall"
            ],
            "acl": 16,
            "create_timestamp": "2012-04-06T04:27:08.140Z",
            "owner": null,
            "save_timestamp": "2012-04-06T04:27:08.140Z",
            "ac_check_parameters": "(d."
        }
    },
    {
        "pk": 46,
        "model": "pr_services.acmethodcall",
        "fields": {
            "ac_check_method": 20,
            "final_type": [
                "pr_services",
                "acmethodcall"
            ],
            "acl": 16,
            "create_timestamp": "2012-04-06T04:27:08.148Z",
            "owner": null,
            "save_timestamp": "2012-04-06T04:27:08.148Z",
            "ac_check_parameters": "(d."
        }
    },
    {
        "pk": 47,
        "model": "pr_services.acmethodcall",
        "fields": {
            "ac_check_method": 21,
            "final_type": [
                "pr_services",
                "acmethodcall"
            ],
            "acl": 16,
            "create_timestamp": "2012-04-06T04:27:08.156Z",
            "owner": null,
            "save_timestamp": "2012-04-06T04:27:08.156Z",
            "ac_check_parameters": "(d."
        }
    },
    {
        "pk": 48,
        "model": "pr_services.acmethodcall",
        "fields": {
            "ac_check_method": 19,
            "final_type": [
                "pr_services",
                "acmethodcall"
            ],
            "acl": 17,
            "create_timestamp": "2012-04-06T04:27:08.175Z",
            "owner": null,
            "save_timestamp": "2012-04-06T04:27:08.175Z",
            "ac_check_parameters": "(dp1\n."
        }
    },
    {
        "pk": 49,
        "model": "pr_services.acmethodcall",
        "fields": {
            "ac_check_method": 20,
            "final_type": [
                "pr_services",
                "acmethodcall"
            ],
            "acl": 17,
            "create_timestamp": "2012-04-06T04:27:08.184Z",
            "owner": null,
            "save_timestamp": "2012-04-06T04:27:08.184Z",
            "ac_check_parameters": "(dp1\n."
        }
    },
    {
        "pk": 50,
        "model": "pr_services.acmethodcall",
        "fields": {
            "ac_check_method": 21,
            "final_type": [
                "pr_services",
                "acmethodcall"
            ],
            "acl": 17,
            "create_timestamp": "2012-04-06T04:27:08.192Z",
            "owner": null,
            "save_timestamp": "2012-04-06T04:27:08.192Z",
            "ac_check_parameters": "(dp1\n."
        }
    },
    {
        "pk": 51,
        "model": "pr_services.acmethodcall",
        "fields": {
            "ac_check_method": 39,
            "final_type": [
                "pr_services",
                "acmethodcall"
            ],
            "acl": 18,
            "create_timestamp": "2012-04-06T04:27:08.218Z",
            "owner": null,
            "save_timestamp": "2012-04-06T04:27:08.218Z",
            "ac_check_parameters": "(d."
        }
    },
    {
        "pk": 52,
        "model": "pr_services.acmethodcall",
        "fields": {
            "ac_check_method": 40,
            "final_type": [
                "pr_services",
                "acmethodcall"
            ],
            "acl": 18,
            "create_timestamp": "2012-04-06T04:27:08.227Z",
            "owner": null,
            "save_timestamp": "2012-04-06T04:27:08.227Z",
            "ac_check_parameters": "(d."
        }
    },
    {
        "pk": 53,
        "model": "pr_services.acmethodcall",
        "fields": {
            "ac_check_method": 19,
            "final_type": [
                "pr_services",
                "acmethodcall"
            ],
            "acl": 18,
            "create_timestamp": "2012-04-06T04:27:08.236Z",
            "owner": null,
            "save_timestamp": "2012-04-06T04:27:08.236Z",
            "ac_check_parameters": "(d."
        }
    },
    {
        "pk": 54,
        "model": "pr_services.acmethodcall",
        "fields": {
            "ac_check_method": 20,
            "final_type": [
                "pr_services",
                "acmethodcall"
            ],
            "acl": 18,
            "create_timestamp": "2012-04-06T04:27:08.245Z",
            "owner": null,
            "save_timestamp": "2012-04-06T04:27:08.245Z",
            "ac_check_parameters": "(d."
        }
    },
    {
        "pk": 55,
        "model": "pr_services.acmethodcall",
        "fields": {
            "ac_check_method": 21,
            "final_type": [
                "pr_services",
                "acmethodcall"
            ],
            "acl": 18,
            "create_timestamp": "2012-04-06T04:27:08.253Z",
            "owner": null,
            "save_timestamp": "2012-04-06T04:27:08.253Z",
            "ac_check_parameters": "(d."
        }
    },
    {
        "pk": 56,
        "model": "pr_services.acmethodcall",
        "fields": {
            "ac_check_method": 1,
            "final_type": [
                "pr_services",
                "acmethodcall"
            ],
            "acl": 18,
            "create_timestamp": "2012-04-06T04:27:08.262Z",
            "owner": null,
            "save_timestamp": "2012-04-06T04:27:08.262Z",
            "ac_check_parameters": "(dp1\nS'restrict'\np2\nS'AssignmentManager.email_task_assignees'\np3\ns."
        }
    },
    {
        "pk": 57,
        "model": "pr_services.acmethodcall",
        "fields": {
            "ac_check_method": 67,
            "final_type": [
                "pr_services",
                "acmethodcall"
            ],
            "acl": 19,
            "create_timestamp": "2012-04-06T04:27:08.294Z",
            "owner": null,
            "save_timestamp": "2012-04-06T04:27:08.294Z",
            "ac_check_parameters": "(dp1\nS'role'\np2\nS'Administrator'\np3\ns."
        }
    },
    {
        "pk": 58,
        "model": "pr_services.acmethodcall",
        "fields": {
            "ac_check_method": 67,
            "final_type": [
                "pr_services",
                "acmethodcall"
            ],
            "acl": 20,
            "create_timestamp": "2012-04-06T04:27:08.321Z",
            "owner": null,
            "save_timestamp": "2012-04-06T04:27:08.321Z",
            "ac_check_parameters": "(dp1\nS'role'\np2\nS'Owner Manager'\np3\ns."
        }
    },
    {
        "pk": 1,
        "model": "pr_services.domain",
        "fields": {
            "save_timestamp": "2012-04-06T04:27:06.540Z",
            "final_type": [
                "pr_services",
                "domain"
            ],
            "password_hash_type": "SHA-512",
            "create_timestamp": "2012-04-06T04:27:06.540Z",
            "authentication_ip": null,
            "authentication_password_hash": "",
            "name": "local"
        }
    },
    {
        "pk": 2,
        "model": "pr_services.domain",
        "fields": {
            "save_timestamp": "2012-04-06T04:27:06.545Z",
            "final_type": [
                "pr_services",
                "domain"
            ],
            "password_hash_type": "SHA-512",
            "create_timestamp": "2012-04-06T04:27:06.545Z",
            "authentication_ip": null,
            "authentication_password_hash": "",
            "name": "LDAP"
        }
    },
    {
        "pk": 1,
        "model": "pr_services.domainaffiliation",
        "fields": {
            "username": "admin",
            "domain": 1,
            "save_timestamp": "2012-04-06T04:27:06.593Z",
            "final_type": [
                "pr_services",
                "domainaffiliation"
            ],
            "password_salt": "uTvwYe3W",
            "default": true,
            "user": 1,
            "password_hash_type": "SHA-512",
            "create_timestamp": "2012-04-06T04:27:06.593Z",
            "may_log_me_in": false,
            "password_hash": "7ccd172e75d17fd90fa398f4fd145ff931b45a888c0c6e345dae3824c6155f1e74dd529752db42932bdd42d5ab918df8825fa224e2d6dc51c3162d94e3add574"
        }
    },
    {
        "pk": 4,
        "model": "pr_services.group",
        "fields": {
            "save_timestamp": "2012-04-06T04:27:08.196Z",
            "final_type": [
                "pr_services",
                "group"
            ],
            "default": true,
            "notes": [],
            "active": true,
            "create_timestamp": "2012-04-06T04:27:08.196Z",
            "owner": null,
            "managers": [],
            "name": "Default"
        }
    },
    {
        "pk": 3,
        "model": "pr_services.group",
        "fields": {
            "save_timestamp": "2012-04-06T04:27:07.382Z",
            "final_type": [
                "pr_services",
                "group"
            ],
            "default": false,
            "notes": [],
            "active": true,
            "create_timestamp": "2012-04-06T04:27:07.382Z",
            "owner": null,
            "managers": [],
            "name": "Instructors"
        }
    },
    {
        "pk": 2,
        "model": "pr_services.group",
        "fields": {
            "save_timestamp": "2012-04-06T04:27:07.323Z",
            "final_type": [
                "pr_services",
                "group"
            ],
            "default": false,
            "notes": [],
            "active": true,
            "create_timestamp": "2012-04-06T04:27:07.323Z",
            "owner": null,
            "managers": [],
            "name": "Students"
        }
    },
    {
        "pk": 1,
        "model": "pr_services.group",
        "fields": {
            "save_timestamp": "2012-04-06T04:27:06.557Z",
            "final_type": [
                "pr_services",
                "group"
            ],
            "default": false,
            "notes": [],
            "active": true,
            "create_timestamp": "2012-04-06T04:27:06.557Z",
            "owner": null,
            "managers": [],
            "name": "Super Administrators"
        }
    },
    {
        "pk": 1,
        "model": "pr_services.role",
        "fields": {
            "save_timestamp": "2012-04-06T04:27:06.602Z",
            "final_type": [
                "pr_services",
                "role"
            ],
            "notes": [],
            "create_timestamp": "2012-04-06T04:27:06.602Z",
            "owner": null,
            "name": "Admin"
        }
    },
    {
        "pk": 2,
        "model": "pr_services.role",
        "fields": {
            "save_timestamp": "2012-04-06T04:27:06.736Z",
            "final_type": [
                "pr_services",
                "role"
            ],
            "notes": [],
            "create_timestamp": "2012-04-06T04:27:06.736Z",
            "owner": null,
            "name": "Object Owner"
        }
    },
    {
        "pk": 3,
        "model": "pr_services.role",
        "fields": {
            "save_timestamp": "2012-04-06T04:27:06.980Z",
            "final_type": [
                "pr_services",
                "role"
            ],
            "notes": [],
            "create_timestamp": "2012-04-06T04:27:06.980Z",
            "owner": null,
            "name": "Authenticated User"
        }
    },
    {
        "pk": 4,
        "model": "pr_services.role",
        "fields": {
            "save_timestamp": "2012-04-06T04:27:07.051Z",
            "final_type": [
                "pr_services",
                "role"
            ],
            "notes": [],
            "create_timestamp": "2012-04-06T04:27:07.050Z",
            "owner": null,
            "name": "Guest"
        }
    },
    {
        "pk": 5,
        "model": "pr_services.role",
        "fields": {
            "save_timestamp": "2012-04-06T04:27:07.071Z",
            "final_type": [
                "pr_services",
                "role"
            ],
            "notes": [],
            "create_timestamp": "2012-04-06T04:27:07.071Z",
            "owner": null,
            "name": "Task Taker"
        }
    },
    {
        "pk": 6,
        "model": "pr_services.role",
        "fields": {
            "save_timestamp": "2012-04-06T04:27:07.275Z",
            "final_type": [
                "pr_services",
                "role"
            ],
            "notes": [],
            "create_timestamp": "2012-04-06T04:27:07.275Z",
            "owner": null,
            "name": "User"
        }
    },
    {
        "pk": 7,
        "model": "pr_services.role",
        "fields": {
            "save_timestamp": "2012-04-06T04:27:07.329Z",
            "final_type": [
                "pr_services",
                "role"
            ],
            "notes": [],
            "create_timestamp": "2012-04-06T04:27:07.329Z",
            "owner": null,
            "name": "Student"
        }
    },
    {
        "pk": 8,
        "model": "pr_services.role",
        "fields": {
            "save_timestamp": "2012-04-06T04:27:07.388Z",
            "final_type": [
                "pr_services",
                "role"
            ],
            "notes": [],
            "create_timestamp": "2012-04-06T04:27:07.388Z",
            "owner": null,
            "name": "Instructor"
        }
    },
    {
        "pk": 9,
        "model": "pr_services.role",
        "fields": {
            "save_timestamp": "2012-04-06T04:27:07.416Z",
            "final_type": [
                "pr_services",
                "role"
            ],
            "notes": [],
            "create_timestamp": "2012-04-06T04:27:07.416Z",
            "owner": null,
            "name": "Group Manager"
        }
    },
    {
        "pk": 10,
        "model": "pr_services.role",
        "fields": {
            "save_timestamp": "2012-04-06T04:27:07.442Z",
            "final_type": [
                "pr_services",
                "role"
            ],
            "notes": [],
            "create_timestamp": "2012-04-06T04:27:07.442Z",
            "owner": null,
            "name": "Product Line Manager"
        }
    },
    {
        "pk": 11,
        "model": "pr_services.role",
        "fields": {
            "save_timestamp": "2012-04-06T04:27:07.502Z",
            "final_type": [
                "pr_services",
                "role"
            ],
            "notes": [],
            "create_timestamp": "2012-04-06T04:27:07.502Z",
            "owner": null,
            "name": "Instructor Manager"
        }
    },
    {
        "pk": 12,
        "model": "pr_services.role",
        "fields": {
            "save_timestamp": "2012-04-06T04:27:07.541Z",
            "final_type": [
                "pr_services",
                "role"
            ],
            "notes": [],
            "create_timestamp": "2012-04-06T04:27:07.541Z",
            "owner": null,
            "name": "Owner of purchase order with payments"
        }
    },
    {
        "pk": 13,
        "model": "pr_services.role",
        "fields": {
            "save_timestamp": "2012-04-06T04:27:07.588Z",
            "final_type": [
                "pr_services",
                "role"
            ],
            "notes": [],
            "create_timestamp": "2012-04-06T04:27:07.588Z",
            "owner": null,
            "name": "Owner of purchase order with no payments"
        }
    },
    {
        "pk": 14,
        "model": "pr_services.role",
        "fields": {
            "save_timestamp": "2012-04-06T04:27:08.091Z",
            "final_type": [
                "pr_services",
                "role"
            ],
            "notes": [],
            "create_timestamp": "2012-04-06T04:27:08.090Z",
            "owner": null,
            "name": "File Downloader"
        }
    },
    {
        "pk": 15,
        "model": "pr_services.role",
        "fields": {
            "save_timestamp": "2012-04-06T04:27:08.125Z",
            "final_type": [
                "pr_services",
                "role"
            ],
            "notes": [],
            "create_timestamp": "2012-04-06T04:27:08.125Z",
            "owner": null,
            "name": "File Uploader"
        }
    },
    {
        "pk": 16,
        "model": "pr_services.role",
        "fields": {
            "save_timestamp": "2012-04-06T04:27:08.162Z",
            "final_type": [
                "pr_services",
                "role"
            ],
            "notes": [],
            "create_timestamp": "2012-04-06T04:27:08.161Z",
            "owner": null,
            "name": "Exam Taker"
        }
    },
    {
        "pk": 17,
        "model": "pr_services.role",
        "fields": {
            "save_timestamp": "2012-04-06T04:27:08.203Z",
            "final_type": [
                "pr_services",
                "role"
            ],
            "notes": [],
            "create_timestamp": "2012-04-06T04:27:08.203Z",
            "owner": null,
            "name": "Session Participant"
        }
    },
    {
        "pk": 18,
        "model": "pr_services.role",
        "fields": {
            "save_timestamp": "2012-04-06T04:27:08.268Z",
            "final_type": [
                "pr_services",
                "role"
            ],
            "notes": [],
            "create_timestamp": "2012-04-06T04:27:08.268Z",
            "owner": null,
            "name": "Organization Administrator"
        }
    },
    {
        "pk": 19,
        "model": "pr_services.role",
        "fields": {
            "save_timestamp": "2012-04-06T04:27:08.300Z",
            "final_type": [
                "pr_services",
                "role"
            ],
            "notes": [],
            "create_timestamp": "2012-04-06T04:27:08.300Z",
            "owner": null,
            "name": "Owner Manager"
        }
    },
    {
        "pk": 1,
        "model": "pr_services.sessionuserrole",
        "fields": {
            "save_timestamp": "2012-04-06T04:27:07.366Z",
            "final_type": [
                "pr_services",
                "sessionuserrole"
            ],
            "notes": [],
            "active": true,
            "create_timestamp": "2012-04-06T04:27:07.366Z",
            "owner": null,
            "name": "Instructor"
        }
    },
    {
        "pk": 2,
        "model": "pr_services.sessionuserrole",
        "fields": {
            "save_timestamp": "2012-04-06T04:27:07.375Z",
            "final_type": [
                "pr_services",
                "sessionuserrole"
            ],
            "notes": [],
            "active": true,
            "create_timestamp": "2012-04-06T04:27:07.375Z",
            "owner": null,
            "name": "Student"
        }
    },
    {
        "pk": 1,
        "model": "pr_services.user",
        "fields": {
            "last_name": "user",
            "save_timestamp": "2012-04-06T04:27:06.566Z",
            "photo": "",
            "is_staff": false,
            "create_timestamp": "2012-04-06T04:27:06.566Z",
            "owner": null,
            "email2": null,
            "biography": null,
            "first_name": "admin",
            "middle_name": "",
            "title": null,
            "confirmation_code": null,
            "enable_paypal": false,
            "email": "admin@admin.org",
            "status": "active",
            "billing_address": null,
            "color_code": null,
            "phone2": null,
            "phone3": null,
            "blame": null,
            "phone": null,
            "groups": [
                1
            ],
            "preferred_venues": [],
            "final_type": [
                "pr_services",
                "user"
            ],
            "url": null,
            "notes": [],
            "name_suffix": null,
            "suppress_emails": false,
            "alleged_organization": null,
            "paypal_address": null,
            "shipping_address": null
        }
    }
]