[ { "fields" : { "description" : null,
        "enabled" : true,
        "name" : "Email",
        "slug" : "email"
      },
    "model" : "pr_messaging.messageformat",
    "pk" : 1
  },
  { "fields" : { "description" : null,
        "enabled" : true,
        "multiple_recipients" : false,
        "name" : "Log Message",
        "slug" : "log-message"
      },
    "model" : "pr_messaging.messagetype",
    "pk" : 1
  },
  { "fields" : { "description" : null,
        "enabled" : true,
        "multiple_recipients" : false,
        "name" : "Initial Password",
        "slug" : "initial-password"
      },
    "model" : "pr_messaging.messagetype",
    "pk" : 2
  },
  { "fields" : { "description" : null,
        "enabled" : true,
        "multiple_recipients" : false,
        "name" : "User Confirmation",
        "slug" : "user-confirmation"
      },
    "model" : "pr_messaging.messagetype",
    "pk" : 3
  },
  { "fields" : { "description" : null,
        "enabled" : true,
        "multiple_recipients" : false,
        "name" : "Password Reset",
        "slug" : "password-reset"
      },
    "model" : "pr_messaging.messagetype",
    "pk" : 4
  },
  { "fields" : { "body" : "The following {{ log_level|lower }} message was logged:\n\n{{ log_message }}\n",
        "message_format" : 1,
        "message_type" : 1,
        "subject" : "{{ log_level|upper }} Message Logged by Precor Experience VoD"
      },
    "model" : "pr_messaging.messagetemplate",
    "pk" : 1
  },
  { "fields" : { "body" : "{% autoescape off %}\n{{ date }}\n\n{{ user.first_name }} {{ user.last_name }}\n{{ organization.name }}\n\nDear {{ user.full_name }},\n\nCongratulations!  You are part of a group of users who have been bulk registered to use the new Precor Experience Training system.  Your username to get into the system is your email address and your password is {{ initial_password }}.  Once you are in the system you can change your password.  Click on Edit Profile in the upper right.\n\nBest regards,\n\nAdministrator\nPrecor Experience Training{% endautoescape %}\n",
        "message_format" : 1,
        "message_type" : 2,
        "subject" : "{% autoescape off %}Welcome to Precor Experience{% endautoescape %}"
      },
    "model" : "pr_messaging.messagetemplate",
    "pk" : 2
  },
  { "fields" : { "body" : "{% autoescape off %}\n{{ date }}\n\n{{ user.first_name }} {{ user.last_name }}\n{{ organization.name }}\n\nDear {{ user.full_name }},\n\nCongratulations!  You have successfully registered in the Precor Experience Training learning management system.  Before you can login, you must confirm \nyour email address. You may do so by clicking on the following link: \n\n\n{{ backend_url }}{% url confirm_email confirmation_code %}\n\n\nBest regards,\n\nAdministrator\nPrecor Experience Training{% endautoescape %}\n",
        "message_format" : 1,
        "message_type" : 3,
        "subject" : "{% autoescape off %}Congratulations and welcome to Precor Experience{% endautoescape %}"
      },
    "model" : "pr_messaging.messagetemplate",
    "pk" : 3
  },
  { "fields" : { "body" : "{% autoescape off %}\n{{ date }}\n\n{{ user.first_name }} {{ user.last_name }}\n{{ organization.name }}\n\nDear {{ user.full_name }},\n\nSuccess! You have reset your password. Your new password is {{ new_password }}.\n\nBest regards,\n\nAdministrator\nPrecor Experience Training{% endautoescape %}\n",
        "message_format" : 1,
        "message_type" : 4,
        "subject" : "{% autoescape off %}password reset for Precor Experience{% endautoescape %}"
      },
    "model" : "pr_messaging.messagetemplate",
    "pk" : 4
  },
  { "fields" : { "ac_check_method" : 11,
        "ac_check_parameters" : "(dp1\nS'group_id'\np2\nI1\ns.",
        "acl" : 1,
        "create_timestamp" : "2012-01-13 02:16:29",
        "final_type" : [ "pr_services",
            "acmethodcall"
          ],
        "owner" : null,
        "save_timestamp" : "2012-01-13 02:16:29"
      },
    "model" : "pr_services.acmethodcall",
    "pk" : 1
  },
  { "fields" : { "ac_check_method" : 22,
        "ac_check_parameters" : "(dp1\n.",
        "acl" : 1,
        "create_timestamp" : "2012-01-13 02:16:29",
        "final_type" : [ "pr_services",
            "acmethodcall"
          ],
        "owner" : null,
        "save_timestamp" : "2012-01-13 02:16:29"
      },
    "model" : "pr_services.acmethodcall",
    "pk" : 2
  },
  { "fields" : { "ac_check_method" : 39,
        "ac_check_parameters" : "(dp1\n.",
        "acl" : 2,
        "create_timestamp" : "2012-01-13 02:16:29",
        "final_type" : [ "pr_services",
            "acmethodcall"
          ],
        "owner" : null,
        "save_timestamp" : "2012-01-13 02:16:29"
      },
    "model" : "pr_services.acmethodcall",
    "pk" : 3
  },
  { "fields" : { "ac_check_method" : 2,
        "ac_check_parameters" : "(dp1\n.",
        "acl" : 2,
        "create_timestamp" : "2012-01-13 02:16:29",
        "final_type" : [ "pr_services",
            "acmethodcall"
          ],
        "owner" : null,
        "save_timestamp" : "2012-01-13 02:16:29"
      },
    "model" : "pr_services.acmethodcall",
    "pk" : 4
  },
  { "fields" : { "ac_check_method" : 35,
        "ac_check_parameters" : "(dp1\n.",
        "acl" : 2,
        "create_timestamp" : "2012-01-13 02:16:29",
        "final_type" : [ "pr_services",
            "acmethodcall"
          ],
        "owner" : null,
        "save_timestamp" : "2012-01-13 02:16:29"
      },
    "model" : "pr_services.acmethodcall",
    "pk" : 5
  },
  { "fields" : { "ac_check_method" : 36,
        "ac_check_parameters" : "(dp1\n.",
        "acl" : 2,
        "create_timestamp" : "2012-01-13 02:16:29",
        "final_type" : [ "pr_services",
            "acmethodcall"
          ],
        "owner" : null,
        "save_timestamp" : "2012-01-13 02:16:29"
      },
    "model" : "pr_services.acmethodcall",
    "pk" : 6
  },
  { "fields" : { "ac_check_method" : 12,
        "ac_check_parameters" : "(dp1\n.",
        "acl" : 2,
        "create_timestamp" : "2012-01-13 02:16:29",
        "final_type" : [ "pr_services",
            "acmethodcall"
          ],
        "owner" : null,
        "save_timestamp" : "2012-01-13 02:16:29"
      },
    "model" : "pr_services.acmethodcall",
    "pk" : 7
  },
  { "fields" : { "ac_check_method" : 37,
        "ac_check_parameters" : "(dp1\n.",
        "acl" : 2,
        "create_timestamp" : "2012-01-13 02:16:29",
        "final_type" : [ "pr_services",
            "acmethodcall"
          ],
        "owner" : null,
        "save_timestamp" : "2012-01-13 02:16:29"
      },
    "model" : "pr_services.acmethodcall",
    "pk" : 8
  },
  { "fields" : { "ac_check_method" : 38,
        "ac_check_parameters" : "(dp1\n.",
        "acl" : 2,
        "create_timestamp" : "2012-01-13 02:16:29",
        "final_type" : [ "pr_services",
            "acmethodcall"
          ],
        "owner" : null,
        "save_timestamp" : "2012-01-13 02:16:29"
      },
    "model" : "pr_services.acmethodcall",
    "pk" : 9
  },
  { "fields" : { "ac_check_method" : 33,
        "ac_check_parameters" : "(dp1\n.",
        "acl" : 2,
        "create_timestamp" : "2012-01-13 02:16:29",
        "final_type" : [ "pr_services",
            "acmethodcall"
          ],
        "owner" : null,
        "save_timestamp" : "2012-01-13 02:16:29"
      },
    "model" : "pr_services.acmethodcall",
    "pk" : 10
  },
  { "fields" : { "ac_check_method" : 44,
        "ac_check_parameters" : "(dp1\n.",
        "acl" : 2,
        "create_timestamp" : "2012-01-13 02:16:29",
        "final_type" : [ "pr_services",
            "acmethodcall"
          ],
        "owner" : null,
        "save_timestamp" : "2012-01-13 02:16:29"
      },
    "model" : "pr_services.acmethodcall",
    "pk" : 11
  },
  { "fields" : { "ac_check_method" : 40,
        "ac_check_parameters" : "(dp1\n.",
        "acl" : 2,
        "create_timestamp" : "2012-01-13 02:16:29",
        "final_type" : [ "pr_services",
            "acmethodcall"
          ],
        "owner" : null,
        "save_timestamp" : "2012-01-13 02:16:29"
      },
    "model" : "pr_services.acmethodcall",
    "pk" : 12
  },
  { "fields" : { "ac_check_method" : 5,
        "ac_check_parameters" : "(dp1\n.",
        "acl" : 2,
        "create_timestamp" : "2012-01-13 02:16:29",
        "final_type" : [ "pr_services",
            "acmethodcall"
          ],
        "owner" : null,
        "save_timestamp" : "2012-01-13 02:16:29"
      },
    "model" : "pr_services.acmethodcall",
    "pk" : 13
  },
  { "fields" : { "ac_check_method" : 6,
        "ac_check_parameters" : "(dp1\n.",
        "acl" : 2,
        "create_timestamp" : "2012-01-13 02:16:29",
        "final_type" : [ "pr_services",
            "acmethodcall"
          ],
        "owner" : null,
        "save_timestamp" : "2012-01-13 02:16:29"
      },
    "model" : "pr_services.acmethodcall",
    "pk" : 14
  },
  { "fields" : { "ac_check_method" : 30,
        "ac_check_parameters" : "(dp1\n.",
        "acl" : 2,
        "create_timestamp" : "2012-01-13 02:16:29",
        "final_type" : [ "pr_services",
            "acmethodcall"
          ],
        "owner" : null,
        "save_timestamp" : "2012-01-13 02:16:29"
      },
    "model" : "pr_services.acmethodcall",
    "pk" : 15
  },
  { "fields" : { "ac_check_method" : 3,
        "ac_check_parameters" : "(dp1\n.",
        "acl" : 3,
        "create_timestamp" : "2012-01-13 02:16:29",
        "final_type" : [ "pr_services",
            "acmethodcall"
          ],
        "owner" : null,
        "save_timestamp" : "2012-01-13 02:16:29"
      },
    "model" : "pr_services.acmethodcall",
    "pk" : 16
  },
  { "fields" : { "ac_check_method" : 8,
        "ac_check_parameters" : "(dp1\n.",
        "acl" : 3,
        "create_timestamp" : "2012-01-13 02:16:29",
        "final_type" : [ "pr_services",
            "acmethodcall"
          ],
        "owner" : null,
        "save_timestamp" : "2012-01-13 02:16:29"
      },
    "model" : "pr_services.acmethodcall",
    "pk" : 17
  },
  { "fields" : { "ac_check_method" : 9,
        "ac_check_parameters" : "(dp1\n.",
        "acl" : 4,
        "create_timestamp" : "2012-01-13 02:16:29",
        "final_type" : [ "pr_services",
            "acmethodcall"
          ],
        "owner" : null,
        "save_timestamp" : "2012-01-13 02:16:29"
      },
    "model" : "pr_services.acmethodcall",
    "pk" : 18
  },
  { "fields" : { "ac_check_method" : 11,
        "ac_check_parameters" : "(dp1\nS'group_id'\np2\nI2\ns.",
        "acl" : 5,
        "create_timestamp" : "2012-01-13 02:16:30",
        "final_type" : [ "pr_services",
            "acmethodcall"
          ],
        "owner" : null,
        "save_timestamp" : "2012-01-13 02:16:30"
      },
    "model" : "pr_services.acmethodcall",
    "pk" : 19
  },
  { "fields" : { "ac_check_method" : 49,
        "ac_check_parameters" : "(dp1\n.",
        "acl" : 5,
        "create_timestamp" : "2012-01-13 02:16:30",
        "final_type" : [ "pr_services",
            "acmethodcall"
          ],
        "owner" : null,
        "save_timestamp" : "2012-01-13 02:16:30"
      },
    "model" : "pr_services.acmethodcall",
    "pk" : 20
  },
  { "fields" : { "ac_check_method" : 11,
        "ac_check_parameters" : "(dp1\nS'group_id'\np2\nI2\ns.",
        "acl" : 6,
        "create_timestamp" : "2012-01-13 02:16:30",
        "final_type" : [ "pr_services",
            "acmethodcall"
          ],
        "owner" : null,
        "save_timestamp" : "2012-01-13 02:16:30"
      },
    "model" : "pr_services.acmethodcall",
    "pk" : 21
  },
  { "fields" : { "ac_check_method" : 42,
        "ac_check_parameters" : "(dp1\nS'foreign_object_attribute_name'\np2\nS'deleted'\np3\nsS'foreign_object_attribute_value'\np4\nI00\nsS'attribute_name'\np5\nS'video'\np6\nsS'actee_model_name'\np7\nS'VideoCategory'\np8\ns.",
        "acl" : 6,
        "create_timestamp" : "2012-01-13 02:16:30",
        "final_type" : [ "pr_services",
            "acmethodcall"
          ],
        "owner" : null,
        "save_timestamp" : "2012-01-13 02:16:30"
      },
    "model" : "pr_services.acmethodcall",
    "pk" : 22
  },
  { "fields" : { "ac_check_method" : 51,
        "ac_check_parameters" : "(dp1\n.",
        "acl" : 7,
        "create_timestamp" : "2012-01-13 02:16:30",
        "final_type" : [ "pr_services",
            "acmethodcall"
          ],
        "owner" : null,
        "save_timestamp" : "2012-01-13 02:16:30"
      },
    "model" : "pr_services.acmethodcall",
    "pk" : 23
  },
  { "fields" : { "ac_check_method" : 44,
        "ac_check_parameters" : "(dp1\n.",
        "acl" : 7,
        "create_timestamp" : "2012-01-13 02:16:30",
        "final_type" : [ "pr_services",
            "acmethodcall"
          ],
        "owner" : null,
        "save_timestamp" : "2012-01-13 02:16:30"
      },
    "model" : "pr_services.acmethodcall",
    "pk" : 24
  },
  { "fields" : { "ac_check_method" : 41,
        "ac_check_parameters" : "(dp1\nS'attribute_value'\np2\nI00\nsS'attribute_name'\np3\nS'deleted'\np4\nsS'actee_model_name'\np5\nS'Video'\np6\ns.",
        "acl" : 7,
        "create_timestamp" : "2012-01-13 02:16:30",
        "final_type" : [ "pr_services",
            "acmethodcall"
          ],
        "owner" : null,
        "save_timestamp" : "2012-01-13 02:16:30"
      },
    "model" : "pr_services.acmethodcall",
    "pk" : 25
  },
  { "fields" : { "ac_check_method" : 50,
        "ac_check_parameters" : "(dp1\n.",
        "acl" : 8,
        "create_timestamp" : "2012-01-13 02:16:30",
        "final_type" : [ "pr_services",
            "acmethodcall"
          ],
        "owner" : null,
        "save_timestamp" : "2012-01-13 02:16:30"
      },
    "model" : "pr_services.acmethodcall",
    "pk" : 26
  },
  { "fields" : { "ac_check_method" : 37,
        "ac_check_parameters" : "(dp1\n.",
        "acl" : 8,
        "create_timestamp" : "2012-01-13 02:16:30",
        "final_type" : [ "pr_services",
            "acmethodcall"
          ],
        "owner" : null,
        "save_timestamp" : "2012-01-13 02:16:30"
      },
    "model" : "pr_services.acmethodcall",
    "pk" : 27
  },
  { "fields" : { "ac_check_method" : 37,
        "ac_check_parameters" : "(dp1\n.",
        "acl" : 9,
        "create_timestamp" : "2012-01-13 02:16:30",
        "final_type" : [ "pr_services",
            "acmethodcall"
          ],
        "owner" : null,
        "save_timestamp" : "2012-01-13 02:16:30"
      },
    "model" : "pr_services.acmethodcall",
    "pk" : 28
  },
  { "fields" : { "ac_check_method" : 38,
        "ac_check_parameters" : "(dp1\n.",
        "acl" : 9,
        "create_timestamp" : "2012-01-13 02:16:30",
        "final_type" : [ "pr_services",
            "acmethodcall"
          ],
        "owner" : null,
        "save_timestamp" : "2012-01-13 02:16:30"
      },
    "model" : "pr_services.acmethodcall",
    "pk" : 29
  },
  { "fields" : { "ac_check_method" : 52,
        "ac_check_parameters" : "(dp1\n.",
        "acl" : 9,
        "create_timestamp" : "2012-01-13 02:16:30",
        "final_type" : [ "pr_services",
            "acmethodcall"
          ],
        "owner" : null,
        "save_timestamp" : "2012-01-13 02:16:30"
      },
    "model" : "pr_services.acmethodcall",
    "pk" : 30
  },
  { "fields" : { "ac_check_method" : 37,
        "ac_check_parameters" : "(dp1\n.",
        "acl" : 10,
        "create_timestamp" : "2012-01-13 02:16:30",
        "final_type" : [ "pr_services",
            "acmethodcall"
          ],
        "owner" : null,
        "save_timestamp" : "2012-01-13 02:16:30"
      },
    "model" : "pr_services.acmethodcall",
    "pk" : 31
  },
  { "fields" : { "ac_check_method" : 38,
        "ac_check_parameters" : "(dp1\n.",
        "acl" : 10,
        "create_timestamp" : "2012-01-13 02:16:30",
        "final_type" : [ "pr_services",
            "acmethodcall"
          ],
        "owner" : null,
        "save_timestamp" : "2012-01-13 02:16:30"
      },
    "model" : "pr_services.acmethodcall",
    "pk" : 32
  },
  { "fields" : { "ac_check_method" : 52,
        "ac_check_parameters" : "(dp1\n.",
        "acl" : 10,
        "create_timestamp" : "2012-01-13 02:16:30",
        "final_type" : [ "pr_services",
            "acmethodcall"
          ],
        "owner" : null,
        "save_timestamp" : "2012-01-13 02:16:30"
      },
    "model" : "pr_services.acmethodcall",
    "pk" : 33
  },
  { "fields" : { "ac_check_method" : 37,
        "ac_check_parameters" : "(dp1\n.",
        "acl" : 11,
        "create_timestamp" : "2012-01-13 02:16:30",
        "final_type" : [ "pr_services",
            "acmethodcall"
          ],
        "owner" : null,
        "save_timestamp" : "2012-01-13 02:16:30"
      },
    "model" : "pr_services.acmethodcall",
    "pk" : 34
  },
  { "fields" : { "ac_check_method" : 38,
        "ac_check_parameters" : "(dp1\n.",
        "acl" : 11,
        "create_timestamp" : "2012-01-13 02:16:30",
        "final_type" : [ "pr_services",
            "acmethodcall"
          ],
        "owner" : null,
        "save_timestamp" : "2012-01-13 02:16:30"
      },
    "model" : "pr_services.acmethodcall",
    "pk" : 35
  },
  { "fields" : { "ac_check_method" : 52,
        "ac_check_parameters" : "(dp1\n.",
        "acl" : 11,
        "create_timestamp" : "2012-01-13 02:16:30",
        "final_type" : [ "pr_services",
            "acmethodcall"
          ],
        "owner" : null,
        "save_timestamp" : "2012-01-13 02:16:30"
      },
    "model" : "pr_services.acmethodcall",
    "pk" : 36
  },
  { "fields" : { "ac_check_method" : 37,
        "ac_check_parameters" : "(dp1\n.",
        "acl" : 12,
        "create_timestamp" : "2012-01-13 02:16:30",
        "final_type" : [ "pr_services",
            "acmethodcall"
          ],
        "owner" : null,
        "save_timestamp" : "2012-01-13 02:16:30"
      },
    "model" : "pr_services.acmethodcall",
    "pk" : 37
  },
  { "fields" : { "ac_check_method" : 38,
        "ac_check_parameters" : "(dp1\n.",
        "acl" : 12,
        "create_timestamp" : "2012-01-13 02:16:30",
        "final_type" : [ "pr_services",
            "acmethodcall"
          ],
        "owner" : null,
        "save_timestamp" : "2012-01-13 02:16:30"
      },
    "model" : "pr_services.acmethodcall",
    "pk" : 38
  },
  { "fields" : { "ac_check_method" : 52,
        "ac_check_parameters" : "(dp1\n.",
        "acl" : 12,
        "create_timestamp" : "2012-01-13 02:16:30",
        "final_type" : [ "pr_services",
            "acmethodcall"
          ],
        "owner" : null,
        "save_timestamp" : "2012-01-13 02:16:30"
      },
    "model" : "pr_services.acmethodcall",
    "pk" : 39
  },
  { "fields" : { "ac_check_method" : 53,
        "ac_check_parameters" : "(dp1\n.",
        "acl" : 12,
        "create_timestamp" : "2012-01-13 02:16:30",
        "final_type" : [ "pr_services",
            "acmethodcall"
          ],
        "owner" : null,
        "save_timestamp" : "2012-01-13 02:16:30"
      },
    "model" : "pr_services.acmethodcall",
    "pk" : 40
  },
  { "fields" : { "acl" : "(dp1\nS'Category'\np2\n(dp3\nS'c'\nI01\nsS'r'\nc__builtin__\nset\np4\n((lp5\nS'locked'\np6\naS'name'\np7\naS'videos'\np8\naS'save_timestamp'\np9\naS'approved_videos'\np10\naS'create_timestamp'\np11\naS'content_type'\np12\naS'managers'\np13\naS'authorized_groups'\np14\naS'id'\np15\natRp16\nsS'u'\ng4\n((lp17\nS'locked'\np18\nag14\naS'managers'\np19\nag7\nag8\natRp20\nsS'd'\nI01\nssS'ExamSession'\np21\n(dp22\nS'c'\nI01\nsS'r'\ng4\n((lp23\nS'date_completed'\np24\naS'exam'\np25\naS'number_correct'\np26\naS'response_questions'\np27\naS'passing_score'\np28\nag12\naS'user'\np29\naS'passed'\np30\nag9\naS'date_started'\np31\naS'score'\np32\nag15\nag11\natRp33\nsS'u'\ng4\n((lp34\nS'date_completed'\np35\natRp36\nsS'd'\nI01\nssS'Response'\np37\n(dp38\nS'c'\nI01\nsS'r'\ng4\n((lp39\ng9\naS'exam_session'\np40\naS'question'\np41\naS'value'\np42\nag15\naS'valid'\np43\nag11\nag12\naS'text'\np44\naS'correct'\np45\natRp46\nsS'u'\ng4\n((ltRp47\nsS'd'\nI01\nssS'FileDownload'\np48\n(dp49\nS'c'\nI01\nsS'r'\ng4\n((lp50\nS'achievements'\np51\nag9\nag7\naS'title'\np52\naS'deleted'\np53\naS'file_url'\np54\nag11\nag12\naS'file_size'\np55\nag15\naS'description'\np56\natRp57\nsS'u'\ng4\n((lp58\nS'achievements'\np59\naS'title'\np60\nag7\naS'description'\np61\natRp62\nsS'd'\nI01\nssS'EncodedVideo'\np63\n(dp64\nS'c'\nI01\nsS'r'\ng4\n((lp65\ng9\naS'url'\np66\naS'video'\np67\nag11\nag12\naS'http_url'\np68\naS'bitrate'\np69\nag15\natRp70\nsS'u'\ng4\n((ltRp71\nsS'd'\nI01\nssS'ResourceType'\np72\n(dp73\nS'c'\nI01\nsS'r'\ng4\n((lp74\ng9\nag7\naS'notes'\np75\nag11\nag12\naS'sessiontemplateresourcetypereqs'\np76\nag15\naS'resources'\np77\naS'sessionresourcetyperequirements'\np78\natRp79\nsS'u'\ng4\n((lp80\nS'sessiontemplateresourcetypereqs'\np81\nag7\naS'resources'\np82\naS'sessionresourcetyperequirements'\np83\natRp84\nsS'd'\nI01\nssS'SessionUserRole'\np85\n(dp86\nS'c'\nI01\nsS'r'\ng4\n((lp87\ng9\nag7\naS'session_user_role_requirements'\np88\nag12\nag15\nag11\natRp89\nsS'u'\ng4\n((lp90\ng7\naS'session_user_role_requirements'\np91\natRp92\nsS'd'\nI01\nssS'ConditionTestCollection'\np93\n(dp94\nS'c'\nI01\nsS'r'\ng4\n((lp95\ng9\nag7\nag12\naS'condition_tests'\np96\nag15\nag11\natRp97\nsS'u'\ng4\n((lp98\ng7\natRp99\nsS'd'\nI01\nssS'CurriculumEnrollment'\np100\n(dp101\nS'c'\nI01\nsS'r'\ng4\n((lp102\nS'end'\np103\naS'users'\np104\naS'start'\np105\naS'curriculum_name'\np106\naS'curriculum'\np107\naS'assignments'\np108\nag11\nag12\nag9\nag15\naS'user_completion_statuses'\np109\natRp110\nsS'u'\ng4\n((lp111\nS'start'\np112\naS'curriculum'\np113\naS'end'\np114\naS'users'\np115\natRp116\nsS'd'\nI01\nssS'forum.ForumPostAttachment'\np117\n(dp118\nS'c'\nI01\nsS'r'\ng4\n((lp119\ng9\naS'description'\np120\nag12\naS'post'\np121\nag11\nag15\nag7\natRp122\nsS'u'\ng4\n((lp123\nS'post'\np124\naS'description'\np125\nag7\natRp126\nsS'd'\nI01\nssS'Note'\np127\n(dp128\nS'c'\nI01\nsS'r'\ng4\n((lp129\nS'text'\np130\nag9\nag15\nag12\nag11\natRp131\nsS'u'\ng4\n((lp132\nS'text'\np133\natRp134\nsS'd'\nI01\nssS'PurchaseOrder'\np135\n(dp136\nS'c'\nI01\nsS'r'\ng4\n((lp137\nS'training_units_price'\np138\naS'total_price'\np139\nag9\naS'promo_code'\np140\naS'training_units_purchased'\np141\naS'is_paid'\np142\naS'product_offers'\np143\naS'payments'\np144\naS'products'\np145\naS'user'\np146\nag12\naS'product_discounts'\np147\naS'organization'\np148\nag11\nag15\naS'expiration'\np149\natRp150\nsS'u'\ng4\n((lp151\nS'training_units_price'\np152\naS'promo_code'\np153\naS'training_units_purchased'\np154\naS'expiration'\np155\naS'organization'\np156\naS'user'\np157\natRp158\nsS'd'\nI01\nssS'FileUpload'\np159\n(dp160\nS'c'\nI01\nsS'r'\ng4\n((lp161\nS'achievements'\np162\nag9\nag7\nag12\nag11\nag15\naS'description'\np163\natRp164\nsS'u'\ng4\n((lp165\nS'achievements'\np166\nag7\naS'description'\np167\natRp168\nsS'd'\nI01\nssS'Role'\np169\n(dp170\nS'c'\nI01\nsS'r'\ng4\n((lp171\nS'ac_check_methods'\np172\nag9\nag7\naS'notes'\np173\naS'acl'\np174\nag11\nag12\nag15\natRp175\nsS'u'\ng4\n((lp176\nS'notes'\np177\naS'ac_check_methods'\np178\nag7\naS'acl'\np179\natRp180\nsS'd'\nI01\nssS'CSVData'\np181\n(dp182\nS'c'\nI01\nsS'r'\ng4\n((lp183\ng9\nag15\nag12\nag11\natRp184\nsS'u'\ng4\n((ltRp185\nsS'd'\nI01\nssS'Answer'\np186\n(dp187\nS'c'\nI01\nsS'r'\ng4\n((lp188\nS'text_response'\np189\nag9\naS'end_question_pool'\np190\naS'end_exam'\np191\naS'question'\np192\naS'next_question_pool'\np193\naS'value'\np194\naS'correct'\np195\nag11\nag12\nag15\naS'label'\np196\naS'order'\np197\natRp198\nsS'u'\ng4\n((lp199\nS'text_response'\np200\naS'end_question_pool'\np201\naS'end_exam'\np202\naS'question'\np203\naS'next_question_pool'\np204\naS'value'\np205\naS'correct'\np206\naS'label'\np207\naS'order'\np208\natRp209\nsS'd'\nI01\nssS'Group'\np210\n(dp211\nS'c'\nI01\nsS'r'\ng4\n((lp212\nS'managers'\np213\nag7\naS'default'\np214\naS'notes'\np215\nag11\nag12\nag9\nag15\naS'categories'\np216\naS'users'\np217\natRp218\nsS'u'\ng4\n((lp219\ng214\naS'managers'\np220\nag7\naS'categories'\np221\naS'users'\np222\natRp223\nsS'd'\nI01\nssS'Region'\np224\n(dp225\nS'c'\nI01\nsS'r'\ng4\n((lp226\ng9\nag7\naS'notes'\np227\naS'venues'\np228\nag15\nag11\nag12\naS'events'\np229\natRp230\nsS'u'\ng4\n((lp231\ng7\naS'venues'\np232\naS'events'\np233\natRp234\nsS'd'\nI01\nssS'TrainingUnitAccount'\np235\n(dp236\nS'c'\nI01\nsS'r'\ng4\n((lp237\ng9\naS'training_unit_transactions'\np238\naS'user'\np239\nag12\naS'organization'\np240\naS'balance'\np241\nag15\nag11\natRp242\nsS'u'\ng4\n((lp243\nS'organization'\np244\naS'starting_value'\np245\naS'user'\np246\natRp247\nsS'd'\nI01\nssS'ScoSession'\np248\n(dp249\nS'c'\nI01\nsS'r'\ng4\n((lp250\nS'sco'\np251\naS'date_completed'\np252\nag12\naS'cmi_core_score_max'\np253\naS'cmi_core_score_min'\np254\naS'shared_object'\np255\naS'cmi_core_lesson_status'\np256\nag11\naS'cmi_core_lesson_location'\np257\nag9\naS'date_started'\np258\nag15\natRp259\nsS'u'\ng4\n((lp260\nS'date_started'\np261\naS'date_completed'\np262\natRp263\nsS'd'\nI01\nssS'Credential'\np264\n(dp265\nS'c'\nI01\nsS'r'\ng4\n((lp266\nS'status'\np267\nag9\naS'date_expires'\np268\naS'notes'\np269\naS'authority'\np270\naS'credential_type'\np271\naS'user'\np272\nag12\naS'serial_number'\np273\naS'date_started'\np274\naS'date_granted'\np275\nag15\naS'date_assigned'\np276\nag11\natRp277\nsS'u'\ng4\n((lp278\ng267\naS'date_expires'\np279\naS'authority'\np280\naS'credential_type'\np281\naS'user'\np282\naS'serial_number'\np283\naS'date_started'\np284\naS'date_granted'\np285\naS'date_assigned'\np286\natRp287\nsS'd'\nI01\nssS'Product'\np288\n(dp289\nS'c'\nI01\nsS'r'\ng4\n((lp290\nS'sku'\np291\naS'custom_actions'\np292\naS'training_units'\np293\naS'description'\np294\naS'display_order'\np295\naS'starting_quantity'\np296\nag15\naS'cost'\np297\naS'inventory'\np298\nag12\nag9\nag11\naS'price'\np299\nag7\natRp300\nsS'u'\ng4\n((lp301\nS'sku'\np302\naS'custom_actions'\np303\naS'training_units'\np304\naS'description'\np305\naS'price'\np306\naS'cost'\np307\naS'starting_quantity'\np308\naS'display_order'\np309\nag7\natRp310\nsS'd'\nI01\nssS'ProductLine'\np311\n(dp312\nS'c'\nI01\nsS'r'\ng4\n((lp313\nS'managers'\np314\nag7\naS'notes'\np315\naS'instructors'\np316\nag11\nag12\nag9\naS'instructor_managers'\np317\nag15\natRp318\nsS'u'\ng4\n((lp319\nS'instructors'\np320\naS'instructor_managers'\np321\naS'managers'\np322\nag7\natRp323\nsS'd'\nI01\nssS'Exam'\np324\n(dp325\nS'c'\nI01\nsS'r'\ng4\n((lp326\nS'achievements'\np327\naS'question_pools'\np328\nag9\naS'description'\np329\naS'title'\np330\naS'prerequisite_tasks'\np331\naS'version_id'\np332\naS'version_comment'\np333\naS'passing_score'\np334\nag12\nag11\naS'version_label'\np335\naS'type'\np336\nag15\nag7\natRp337\nsS'u'\ng4\n((lp338\nS'achievements'\np339\naS'question_pools'\np340\naS'description'\np341\naS'title'\np342\naS'prerequisite_tasks'\np343\naS'version_id'\np344\naS'version_comment'\np345\naS'passing_score'\np346\naS'version_label'\np347\nag7\natRp348\nsS'd'\nI01\nssS'FormPage'\np349\n(dp350\nS'c'\nI01\nsS'r'\ng4\n((lp351\nS'form_widgets'\np352\naS'exam'\np353\naS'photo'\np354\naS'number'\np355\nag11\nag12\nag9\nag15\natRp356\nsS'u'\ng4\n((lp357\nS'form_widgets'\np358\naS'exam'\np359\naS'number'\np360\natRp361\nsS'd'\nI01\nssS'SessionUserRoleRequirement'\np362\n(dp363\nS'c'\nI01\nsS'r'\ng4\n((lp364\nS'achievements'\np365\nag9\naS'remaining_capacity'\np366\naS'min'\np367\naS'max'\np368\naS'session'\np369\naS'session_user_role'\np370\nag11\nag12\naS'credential_types'\np371\naS'role_name'\np372\naS'ignore_room_capacity'\np373\nag15\naS'users'\np374\natRp375\nsS'u'\ng4\n((lp376\nS'achievements'\np377\naS'users'\np378\naS'min'\np379\naS'max'\np380\naS'session'\np381\naS'session_user_role'\np382\naS'credential_types'\np383\naS'ignore_room_capacity'\np384\natRp385\nsS'd'\nI01\nssS'Assignment'\np386\n(dp387\nS'c'\nI01\nsS'r'\ng4\n((lp388\ng267\naS'due_date'\np389\naS'task'\np390\naS'date_completed'\np391\naS'status_change_log'\np392\naS'task_content_type'\np393\naS'effective_date_assigned'\np394\naS'prerequisites_met'\np395\naS'user'\np396\nag12\nag9\naS'date_started'\np397\nag11\nag15\naS'assignment_attempts'\np398\natRp399\nsS'u'\ng4\n((lp400\ng267\naS'due_date'\np401\naS'effective_date_assigned'\np402\naS'date_completed'\np403\naS'date_started'\np404\natRp405\nsS'd'\nI01\nssS'FileDownloadAttempt'\np406\n(dp407\nS'c'\nI01\nsS'r'\ng4\n((lp408\nS'date_completed'\np409\naS'file_download'\np410\naS'assignment'\np411\naS'user'\np412\nag12\nag9\naS'date_started'\np413\nag15\nag11\natRp414\nsS'u'\ng4\n((lp415\nS'date_completed'\np416\natRp417\nsS'd'\nI01\nssS'Curriculum'\np418\n(dp419\nS'c'\nI01\nsS'r'\ng4\n((lp420\nS'achievements'\np421\naS'curriculum_task_associations'\np422\naS'tasks'\np423\nag9\nag7\nag11\nag12\naS'organization'\np424\nag15\natRp425\nsS'u'\ng4\n((lp426\nS'achievements'\np427\naS'organization'\np428\naS'tasks'\np429\nag7\natRp430\nsS'd'\nI01\nssS'CurriculumTaskAssociation'\np431\n(dp432\nS'c'\nI01\nsS'r'\ng4\n((lp433\nS'task_bundle'\np434\naS'task'\np435\nag9\nag12\naS'presentation_order'\np436\naS'curriculum'\np437\naS'days_before_start'\np438\naS'continue_automatically'\np439\nag11\naS'task_name'\np440\naS'days_to_complete'\np441\nag15\natRp442\nsS'u'\ng4\n((lp443\nS'task_bundle'\np444\naS'task'\np445\naS'presentation_order'\np446\naS'curriculum'\np447\naS'days_before_start'\np448\naS'continue_automatically'\np449\naS'days_to_complete'\np450\natRp451\nsS'd'\nI01\nssS'VideoSession'\np452\n(dp453\nS'c'\nI01\nsS'r'\ng4\n((lp454\nS'date_completed'\np455\naS'assignment'\np456\nag67\naS'user'\np457\nag12\nag9\naS'date_started'\np458\nag15\nag11\natRp459\nsS'u'\ng4\n((lp460\nS'date_started'\np461\naS'date_completed'\np462\natRp463\nsS'd'\nI01\nssS'Task'\np464\n(dp465\nS'c'\nI01\nsS'r'\ng4\n((lp466\nS'achievements'\np467\naS'yielded_tasks'\np468\nag9\naS'remaining_capacity'\np469\naS'title'\np470\naS'max'\np471\naS'prerequisite_tasks'\np472\naS'version_id'\np473\nag7\naS'version_comment'\np474\nag11\nag12\naS'min'\np475\naS'version_label'\np476\naS'type'\np477\nag15\naS'description'\np478\natRp479\nsS'u'\ng4\n((lp480\nS'achievements'\np481\naS'yielded_tasks'\np482\naS'description'\np483\naS'title'\np484\naS'max'\np485\naS'prerequisite_tasks'\np486\naS'version_id'\np487\naS'version_comment'\np488\naS'min'\np489\naS'version_label'\np490\nag7\natRp491\nsS'd'\nI01\nssS'User'\np492\n(dp493\nS'c'\nI01\nsS'r'\ng4\n((lp494\ng267\naS'product_lines_managed'\np495\naS'last_name'\np496\nag9\nag12\naS'is_staff'\np497\nag11\naS'full_name'\np498\naS'default_username_and_domain'\np499\naS'product_lines_instructor_manager_for'\np500\naS'email2'\np501\nag15\naS'biography'\np502\naS'alleged_organization'\np503\naS'first_name'\np504\naS'middle_name'\np505\naS'title'\np506\naS'enable_paypal'\np507\naS'product_lines_instructor_for'\np508\naS'email'\np509\naS'username'\np510\naS'billing_address'\np511\naS'color_code'\np512\naS'phone2'\np513\naS'phone3'\np514\naS'phone'\np515\naS'groups'\np516\naS'credentials'\np517\naS'owned_userorgroles'\np518\naS'preferred_venues'\np519\naS'photo_url'\np520\naS'organizations'\np521\naS'session_user_role_requirements'\np522\naS'roles'\np523\naS'url'\np524\naS'name_suffix'\np525\naS'completed_curriculum_enrollments'\np526\naS'suppress_emails'\np527\naS'incomplete_curriculum_enrollments'\np528\naS'paypal_address'\np529\naS'shipping_address'\np530\naS'domains'\np531\natRp532\nsS'u'\ng4\n((lp533\ng496\naS'is_staff'\np534\naS'email2'\np535\naS'biography'\np536\nag504\naS'middle_name'\np537\naS'title'\np538\naS'enable_paypal'\np539\nag509\nag267\naS'billing_address'\np540\naS'color_code'\np541\naS'phone2'\np542\naS'phone3'\np543\naS'phone'\np544\naS'groups'\np545\naS'credentials'\np546\naS'preferred_venues'\np547\naS'photo_url'\np548\naS'organizations'\np549\naS'roles'\np550\naS'url'\np551\naS'name_suffix'\np552\naS'suppress_emails'\np553\naS'alleged_organization'\np554\naS'paypal_address'\np555\naS'shipping_address'\np556\natRp557\nsS'd'\nI01\nssS'forum.ForumCategory'\np558\n(dp559\nS'c'\nI01\nsS'r'\ng4\n((lp560\ng9\nag7\nag12\naS'forums'\np561\nag15\nag11\natRp562\nsS'u'\ng4\n((lp563\ng7\natRp564\nsS'd'\nI01\nssS'TrainingUnitTransaction'\np565\n(dp566\nS'c'\nI01\nsS'r'\ng4\n((lp567\nS'purchase_order'\np568\naS'training_unit_authorizations'\np569\nag11\nag12\nag9\nag15\naS'value'\np570\natRp571\nsS'u'\ng4\n((lp572\nS'training_unit_authorizations'\np573\natRp574\nsS'd'\nI01\nssS'forum.ForumTopic'\np575\n(dp576\nS'c'\nI01\nsS'r'\ng4\n((lp577\ng9\nag7\naS'forum'\np578\naS'posts'\np579\naS'sticky'\np580\nag12\nag11\naS'closed'\np581\nag15\natRp582\nsS'u'\ng4\n((lp583\nS'sticky'\np584\naS'forum'\np585\naS'closed'\np586\nag7\natRp587\nsS'd'\nI01\nssS'SessionTemplate'\np588\n(dp589\nS'c'\nI01\nsS'r'\ng4\n((lp590\nS'product_line'\np591\nag9\naS'description'\np592\naS'sequence'\np593\naS'price'\np594\naS'event_template'\np595\naS'session_template_resource_type_requirements'\np596\naS'modality'\np597\naS'session_template_user_role_requirements'\np598\naS'duration'\np599\naS'audience'\np600\naS'version'\np601\nag15\naS'sessions'\np602\nag12\naS'active'\np603\naS'fullname'\np604\nag11\naS'shortname'\np605\naS'lead_time'\np606\natRp607\nsS'u'\ng4\n((lp608\nS'product_line'\np609\naS'description'\np610\naS'event_template'\np611\naS'price'\np612\naS'sequence'\np613\naS'modality'\np614\naS'duration'\np615\naS'audience'\np616\naS'version'\np617\naS'active'\np618\naS'fullname'\np619\naS'shortname'\np620\naS'lead_time'\np621\natRp622\nsS'd'\nI01\nssS'Achievement'\np623\n(dp624\nS'c'\nI01\nsS'r'\ng4\n((lp625\ng9\naS'users'\np626\naS'component_achievements'\np627\naS'description'\np628\nag7\nag11\nag12\nag15\naS'yielded_achievements'\np629\natRp630\nsS'u'\ng4\n((lp631\nS'users'\np632\naS'component_achievements'\np633\naS'yielded_achievements'\np634\naS'description'\np635\nag7\natRp636\nsS'd'\nI01\nssS'TrainingVoucher'\np637\n(dp638\nS'c'\nI01\nsS'r'\ng4\n((lp639\nS'code'\np640\naS'session_user_role_requirement'\np641\naS'price'\np642\naS'purchase_order'\np643\nag11\nag12\nag9\nag15\natRp644\nsS'u'\ng4\n((lp645\nS'purchase_order'\np646\naS'session_user_role_requirement'\np647\natRp648\nsS'd'\nI01\nssS'TaskBundle'\np649\n(dp650\nS'c'\nI01\nsS'r'\ng4\n((lp651\nS'tasks'\np652\nag9\nag7\nag12\nag11\nag15\naS'description'\np653\natRp654\nsS'u'\ng4\n((lp655\nS'tasks'\np656\nag7\naS'description'\np657\natRp658\nsS'd'\nI01\nssS'SessionTemplateUserRoleReq'\np659\n(dp660\nS'c'\nI01\nsS'r'\ng4\n((lp661\ng9\naS'session_template'\np662\naS'min'\np663\naS'max'\np664\naS'session_user_role'\np665\nag11\nag12\nag15\natRp666\nsS'u'\ng4\n((lp667\nS'max'\np668\naS'session_user_role'\np669\naS'session_template'\np670\naS'min'\np671\natRp672\nsS'd'\nI01\nssS'Resource'\np673\n(dp674\nS'c'\nI01\nsS'r'\ng4\n((lp675\nS'session_resource_type_requirements'\np676\naS'resource_types'\np677\nag7\naS'notes'\np678\nag11\nag12\nag9\nag15\naS'description'\np679\natRp680\nsS'u'\ng4\n((lp681\nS'session_resource_type_requirements'\np682\naS'resource_types'\np683\nag7\naS'description'\np684\natRp685\nsS'd'\nI01\nssS'Room'\np686\n(dp687\nS'c'\nI01\nsS'r'\ng4\n((lp688\nS'capacity'\np689\nag7\naS'venue_name'\np690\naS'venue_address'\np691\naS'venue'\np692\nag11\nag12\nag9\nag15\natRp693\nsS'u'\ng4\n((lp694\nS'venue'\np695\naS'capacity'\np696\nag7\natRp697\nsS'd'\nI01\nssS'ProductClaim'\np698\n(dp699\nS'c'\nI01\nsS'r'\ng4\n((lp700\nS'product'\np701\nag9\nag11\nag12\nag15\naS'purchase_order'\np702\naS'quantity'\np703\natRp704\nsS'u'\ng4\n((lp705\nS'quantity'\np706\natRp707\nsS'd'\nI01\nssS'forum.Forum'\np708\n(dp709\nS'c'\nI01\nsS'r'\ng4\n((lp710\nS'category'\np711\nag9\naS'description'\np712\naS'topics'\np713\nag11\nag12\nag15\nag7\natRp714\nsS'u'\ng4\n((lp715\nS'category'\np716\naS'description'\np717\nag7\natRp718\nsS'd'\nI01\nssS'ConditionTest'\np719\n(dp720\nS'c'\nI01\nsS'r'\ng4\n((lp721\nS'match_all_defined_parameters'\np722\nag12\naS'session_user_role_requirements'\np723\naS'sequence'\np724\naS'condition_test_collection'\np725\naS'sessions'\np726\nag9\nag15\naS'end'\np727\naS'start'\np728\nag11\naS'groups'\np729\naS'credentials'\np730\naS'events'\np731\natRp732\nsS'u'\ng4\n((lp733\nS'match_all_defined_parameters'\np734\naS'session_user_role_requirements'\np735\naS'sequence'\np736\naS'condition_test_collection'\np737\naS'sessions'\np738\naS'end'\np739\naS'start'\np740\naS'groups'\np741\naS'credentials'\np742\naS'events'\np743\natRp744\nsS'd'\nI01\nssS'DomainAffiliation'\np745\n(dp746\nS'c'\nI01\nsS'r'\ng4\n((lp747\ng510\naS'domain'\np748\nag9\nag214\naS'user'\np749\nag12\naS'may_log_me_in'\np750\nag15\nag11\natRp751\nsS'u'\ng4\n((lp752\ng214\naS'may_log_me_in'\np753\nag748\nag510\naS'user'\np754\natRp755\nsS'd'\nI01\nssS'Venue'\np756\n(dp757\nS'c'\nI01\nsS'r'\ng4\n((lp758\ng9\nag7\naS'region'\np759\naS'hours_of_operation'\np760\nag15\naS'phone'\np761\naS'contact'\np762\naS'rooms'\np763\nag12\naS'address'\np764\naS'owner'\np765\naS'events'\np766\nag11\natRp767\nsS'u'\ng4\n((lp768\ng7\naS'region'\np769\naS'hours_of_operation'\np770\naS'phone'\np771\naS'contact'\np772\naS'address'\np773\naS'owner'\np774\naS'events'\np775\natRp776\nsS'd'\nI01\nssS'CredentialType'\np777\n(dp778\nS'c'\nI01\nsS'r'\ng4\n((lp779\nS'min_required_tasks'\np780\nag9\naS'description'\np781\naS'notes'\np782\nag7\naS'prerequisite_credential_types'\np783\nag11\nag12\nag15\naS'required_achievements'\np784\natRp785\nsS'u'\ng4\n((lp786\ng780\naS'description'\np787\naS'notes'\np788\nag7\naS'prerequisite_credential_types'\np789\naS'required_achievements'\np790\natRp791\nsS'd'\nI01\nssS'SessionResourceTypeRequirement'\np792\n(dp793\nS'c'\nI01\nsS'r'\ng4\n((lp794\ng9\naS'min'\np795\naS'max'\np796\naS'session'\np797\naS'resource_type'\np798\nag12\nag15\naS'resources'\np799\nag11\natRp800\nsS'u'\ng4\n((lp801\nS'max'\np802\naS'session'\np803\naS'resources'\np804\naS'resource_type'\np805\naS'min'\np806\natRp807\nsS'd'\nI01\nssS'ProductDiscount'\np808\n(dp809\nS'c'\nI01\nsS'r'\ng4\n((lp810\nS'product_offers'\np811\nag9\naS'promo_code'\np812\naS'condition_test_collection'\np813\naS'cumulative'\np814\naS'currency'\np815\naS'products'\np816\nag11\nag12\naS'percentage'\np817\nag15\natRp818\nsS'u'\ng4\n((lp819\nS'product_offers'\np820\naS'promo_code'\np821\naS'condition_test_collection'\np822\naS'cumulative'\np823\naS'currency'\np824\naS'products'\np825\naS'percentage'\np826\natRp827\nsS'd'\nI01\nssS'FormWidget'\np828\n(dp829\nS'c'\nI01\nsS'r'\ng4\n((lp830\ng9\naS'y'\naS'form_page'\np831\naS'question'\np832\naS'height'\np833\naS'width'\np834\nag11\nag12\naS'answer'\np835\naS'x'\nag15\natRp836\nsS'u'\ng4\n((lp837\nS'y'\naS'form_page'\np838\naS'question'\np839\naS'height'\np840\naS'width'\np841\naS'answer'\np842\naS'x'\natRp843\nsS'd'\nI01\nssS'OrgRole'\np844\n(dp845\nS'c'\nI01\nsS'r'\ng4\n((lp846\nS'organizations'\np847\nag9\nag7\naS'user_org_roles'\np848\nag11\nag12\nag15\naS'users'\np849\natRp850\nsS'u'\ng4\n((lp851\nS'organizations'\np852\nag7\naS'users'\np853\natRp854\nsS'd'\nI01\nssS'FileUploadAttempt'\np855\n(dp856\nS'c'\nI01\nsS'r'\ng4\n((lp857\nS'file_upload'\np858\naS'date_completed'\np859\naS'deleted'\np860\naS'file_name'\np861\naS'file_size'\np862\naS'file_url'\np863\naS'user'\np864\nag12\naS'assignment'\np865\nag9\naS'date_started'\np866\nag15\nag11\natRp867\nsS'u'\ng4\n((lp868\nS'date_completed'\np869\natRp870\nsS'd'\nI01\nssS'Organization'\np871\n(dp872\nS'c'\nI01\nsS'r'\ng4\n((lp873\ng9\naS'user_org_roles'\np874\naS'primary_contact_cell_phone'\np875\nag11\naS'primary_contact_first_name'\np876\naS'children'\np877\naS'users'\np878\naS'ancestors'\np879\naS'org_email_domains'\np880\naS'primary_contact_email'\np881\nag15\naS'training_unit_accounts'\np882\naS'department'\np883\nag509\naS'fax'\np884\naS'description'\np885\naS'parent'\np886\naS'descendants'\np887\naS'purchase_orders'\np888\naS'primary_contact_other_phone'\np889\naS'phone'\np890\nag12\naS'address'\np891\naS'photo_url'\np892\nag7\naS'roles'\np893\naS'primary_contact_office_phone'\np894\naS'url'\np895\naS'notes'\np896\naS'primary_contact_last_name'\np897\natRp898\nsS'u'\ng4\n((lp899\nS'fax'\np900\naS'description'\np901\naS'parent'\np902\naS'primary_contact_office_phone'\np903\naS'url'\np904\naS'primary_contact_cell_phone'\np905\naS'notes'\np906\naS'primary_contact_email'\np907\naS'primary_contact_other_phone'\np908\naS'phone'\np909\naS'primary_contact_last_name'\np910\naS'address'\np911\naS'department'\np912\naS'roles'\np913\naS'users'\np914\naS'photo_url'\np915\naS'primary_contact_first_name'\np916\nag509\nag7\natRp917\nsS'd'\nI01\nssS'QuestionPool'\np918\n(dp919\nS'c'\nI01\nsS'r'\ng4\n((lp920\ng9\naS'exam'\np921\naS'title'\np922\naS'randomize_questions'\np923\nag15\nag12\nag11\naS'questions'\np924\naS'order'\np925\naS'number_to_answer'\np926\nag7\natRp927\nsS'u'\ng4\n((lp928\nS'exam'\np929\naS'title'\np930\naS'randomize_questions'\np931\naS'questions'\np932\naS'order'\np933\naS'number_to_answer'\np934\nag7\natRp935\nsS'd'\nI01\nssS'CustomAction'\np936\n(dp937\nS'c'\nI01\nsS'r'\ng4\n((lp938\ng9\nag7\nag12\naS'description'\np939\nag11\nag15\naS'function_name'\np940\natRp941\nsS'u'\ng4\n((lp942\nS'function_name'\np943\nag7\naS'description'\np944\natRp945\nsS'd'\nI01\nssS'Refund'\np946\n(dp947\nS'c'\nI01\nsS'r'\ng4\n((lp948\ng9\nag15\nag12\nag11\natRp949\nsS'u'\ng4\n((ltRp950\nsS'd'\nI00\nssS'Domain'\np951\n(dp952\nS'c'\nI01\nsS'r'\ng4\n((lp953\ng9\nag7\nag12\naS'authentication_ip'\np954\nag11\nag15\naS'users'\np955\natRp956\nsS'u'\ng4\n((lp957\nS'authentication_ip'\np958\naS'authentication_password_hash'\np959\nag7\natRp960\nsS'd'\nI01\nssS'OrgEmailDomain'\np961\n(dp962\nS'c'\nI01\nsS'r'\ng4\n((lp963\nS'effective_role'\np964\naS'effective_role_name'\np965\nag9\naS'role'\np966\nag11\nag12\naS'email_domain'\np967\naS'organization'\np968\nag15\natRp969\nsS'u'\ng4\n((lp970\nS'organization'\np971\naS'role'\np972\naS'email_domain'\np973\natRp974\nsS'd'\nI01\nssS'forum.ForumPost'\np975\n(dp976\nS'c'\nI01\nsS'r'\ng4\n((lp977\nS'topic'\np978\naS'body'\np979\nag9\naS'attachments'\np980\nag12\nag15\nag11\natRp981\nsS'u'\ng4\n((lp982\nS'topic'\np983\naS'body'\np984\natRp985\nsS'd'\nI01\nssS'Video'\np986\n(dp987\nS'c'\nI01\nsS'r'\ng4\n((lp988\ng9\naS'encoded_videos'\np989\naS'create_timestamp'\np990\naS'version_label'\np991\naS'owner'\np992\naS'id'\np993\naS'category_relationships'\np994\naS'author'\np995\naS'num_views'\np996\naS'live'\np997\naS'is_ready'\np998\naS'public'\np999\nag267\naS'description'\np1000\naS'tags'\np1001\naS'deleted'\np1002\naS'prerequisite_tasks'\np1003\naS'version_id'\np1004\nag12\naS'categories'\np1005\naS'photo_url'\np1006\nag7\naS'users_who_watched'\np1007\naS'src_file_size'\np1008\naS'approved_categories'\np1009\naS'version_comment'\np1010\naS'length'\np1011\naS'aspect_ratio'\np1012\naS'title'\np1013\natRp1014\nsS'u'\ng4\n((lp1015\nS'prerequisite_tasks'\np1016\naS'description'\np1017\nag995\naS'title'\np1018\nag997\naS'version_id'\np1019\nag989\naS'owner'\np1020\naS'length'\np1021\naS'tags'\np1022\naS'version_label'\np1023\naS'version_comment'\np1024\naS'aspect_ratio'\np1025\naS'photo_url'\np1026\naS'public'\np1027\naS'categories'\np1028\nag7\natRp1029\nsS'd'\nI01\nssS'Question'\np1030\n(dp1031\nS'c'\nI01\nsS'r'\ng4\n((lp1032\nS'rejoinder'\np1033\naS'widget'\np1034\nag9\naS'text_response_label'\np1035\naS'max_value'\np1036\naS'min_value'\np1037\naS'max_answers'\np1038\naS'answers'\np1039\naS'help_text'\np1040\naS'min_answers'\np1041\nag11\nag12\naS'question_pool'\np1042\nag15\naS'text_response'\np1043\naS'min_length'\np1044\naS'required'\np1045\naS'label'\np1046\naS'max_length'\np1047\naS'question_type'\np1048\naS'text_regex'\np1049\naS'order'\np1050\natRp1051\nsS'u'\ng4\n((lp1052\nS'text_response'\np1053\naS'rejoinder'\np1054\naS'widget'\np1055\naS'required'\np1056\naS'min_length'\np1057\naS'max_value'\np1058\naS'min_value'\np1059\naS'max_answers'\np1060\naS'answers'\np1061\naS'label'\np1062\naS'question_pool'\np1063\naS'min_answers'\np1064\naS'question_type'\np1065\naS'text_regex'\np1066\naS'help_text'\np1067\naS'max_length'\np1068\naS'order'\np1069\naS'text_response_label'\np1070\natRp1071\nsS'd'\nI01\nssS'UserOrgRole'\np1072\n(dp1073\nS'c'\nI01\nsS'r'\ng4\n((lp1074\ng9\naS'parent'\np1075\naS'title'\np1076\naS'persistent'\np1077\nag15\naS'organization_name'\np1078\naS'role_name'\np1079\naS'role'\np1080\nag11\nag12\naS'owner'\np1081\naS'organization'\np1082\naS'children'\np1083\natRp1084\nsS'u'\ng4\n((lp1085\nS'parent'\np1086\naS'title'\np1087\naS'persistent'\np1088\naS'role'\np1089\naS'owner'\np1090\naS'organization'\np1091\natRp1092\nsS'd'\nI01\nssS'Payment'\np1093\n(dp1094\nS'c'\nI01\nsS'r'\ng4\n((lp1095\nS'city'\np1096\nag504\nag496\nag9\naS'zip'\np1097\naS'refunds'\np1098\naS'country'\np1099\nag15\naS'state'\np1100\naS'purchase_order'\np1101\naS'card_type'\np1102\naS'amount'\np1103\naS'exp_date'\np1104\nag11\nag12\naS'sales_tax'\np1105\naS'date'\np1106\naS'invoice_number'\np1107\naS'result_message'\np1108\naS'transaction_id'\np1109\natRp1110\nsS'u'\ng4\n((ltRp1111\nsS'd'\nI00\nssS'VideoCategory'\np1112\n(dp1113\nS'c'\nI01\nsS'r'\ng4\n((lp1114\ng267\naS'category'\np1115\nag9\nag67\nag11\nag12\nag15\naS'category_name'\np1116\natRp1117\nsS'u'\ng4\n((lp1118\ng267\natRp1119\nsS'd'\nI01\nssS'TrainingUnitAuthorization'\np1120\n(dp1121\nS'c'\nI01\nsS'r'\ng4\n((lp1122\nS'end'\np1123\naS'max_value'\np1124\naS'used_value'\np1125\naS'start'\np1126\naS'user'\np1127\nag12\nag9\naS'training_unit_account'\np1128\nag15\nag11\natRp1129\nsS'u'\ng4\n((lp1130\nS'start'\np1131\naS'training_unit_account'\np1132\naS'end'\np1133\naS'user'\np1134\naS'max_value'\np1135\natRp1136\nsS'd'\nI01\nssS'Session'\np1137\n(dp1138\nS'c'\nI01\nsS'r'\ng4\n((lp1139\nS'default_price'\np1140\nag267\nag9\naS'description'\np1141\naS'paypal_url'\np1142\nag11\nag12\nag15\naS'event'\np1143\naS'room'\np1144\naS'confirmed'\np1145\naS'session_resource_type_requirements'\np1146\naS'end'\np1147\naS'session_template'\np1148\naS'session_user_role_requirements'\np1149\naS'title'\np1150\naS'url'\np1151\naS'fullname'\np1152\naS'session_user_roles'\np1153\naS'modality'\np1154\naS'start'\np1155\naS'audience'\np1156\naS'shortname'\np1157\naS'evaluation'\np1158\naS'lead_time'\np1159\natRp1160\nsS'u'\ng4\n((lp1161\nS'default_price'\np1162\nag267\naS'confirmed'\np1163\naS'session_resource_type_requirements'\np1164\naS'end'\np1165\naS'session_template'\np1166\naS'session_user_role_requirements'\np1167\naS'room'\np1168\naS'url'\np1169\naS'title'\np1170\naS'session_user_roles'\np1171\naS'event'\np1172\naS'start'\np1173\naS'audience'\np1174\naS'shortname'\np1175\naS'fullname'\np1176\naS'lead_time'\np1177\naS'modality'\np1178\naS'description'\np1179\natRp1180\nsS'd'\nI01\nssS'AchievementAward'\np1181\n(dp1182\nS'c'\nI01\nsS'r'\ng4\n((lp1183\ng9\naS'assignment'\np1184\naS'user'\np1185\nag12\naS'date'\np1186\nag15\naS'achievement'\np1187\nag11\natRp1188\nsS'u'\ng4\n((lp1189\nS'date'\np1190\naS'assignment'\np1191\naS'user'\np1192\naS'achievement'\np1193\natRp1194\nsS'd'\nI01\nssS'CurriculumEnrollmentUserAssociation'\np1195\n(dp1196\nS'c'\nI01\nsS'r'\ng4\n((lp1197\ng9\nag15\nag12\nag11\natRp1198\nsS'u'\ng4\n((ltRp1199\nsS'd'\nI01\nssS'TaskFee'\np1200\n(dp1201\nS'c'\nI01\nsS'r'\ng4\n((lp1202\nS'sku'\np1203\naS'custom_actions'\np1204\naS'training_units'\np1205\naS'description'\np1206\naS'display_order'\np1207\naS'starting_quantity'\np1208\naS'task'\np1209\naS'cost'\np1210\naS'inventory'\np1211\nag12\nag15\nag9\nag11\naS'price'\np1212\nag7\natRp1213\nsS'u'\ng4\n((lp1214\nS'sku'\np1215\naS'custom_actions'\np1216\naS'training_units'\np1217\naS'description'\np1218\naS'price'\np1219\naS'task'\np1220\naS'cost'\np1221\naS'starting_quantity'\np1222\naS'display_order'\np1223\nag7\natRp1224\nsS'd'\nI01\nssS'AssignmentAttempt'\np1225\n(dp1226\nS'c'\nI01\nsS'r'\ng4\n((lp1227\nS'date_completed'\np1228\nag11\nag12\naS'assignment'\np1229\naS'date_started'\np1230\nag15\nag9\natRp1231\nsS'u'\ng4\n((lp1232\nS'date_started'\np1233\naS'date_completed'\np1234\natRp1235\nsS'd'\nI01\nssS'Sco'\np1236\n(dp1237\nS'c'\nI01\nsS'r'\ng4\n((lp1238\nS'achievements'\np1239\nag9\naS'description'\np1240\naS'title'\np1241\naS'url'\np1242\naS'data'\np1243\naS'prerequisite_tasks'\np1244\naS'version_id'\np1245\naS'course'\np1246\nag12\nag11\naS'version_label'\np1247\naS'version_comment'\np1248\naS'completion_requirement'\np1249\nag15\nag7\natRp1250\nsS'u'\ng4\n((lp1251\nS'achievements'\np1252\naS'description'\np1253\naS'title'\np1254\naS'prerequisite_tasks'\np1255\naS'version_id'\np1256\naS'version_comment'\np1257\naS'version_label'\np1258\naS'completion_requirement'\np1259\nag7\natRp1260\nsS'd'\nI01\nssS'SessionTemplateResourceTypeReq'\np1261\n(dp1262\nS'c'\nI01\nsS'r'\ng4\n((lp1263\ng9\naS'session_template'\np1264\naS'min'\np1265\naS'max'\np1266\nag11\nag12\nag15\naS'resource_type'\np1267\natRp1268\nsS'u'\ng4\n((lp1269\nS'max'\np1270\naS'session_template'\np1271\naS'resource_type'\np1272\naS'min'\np1273\natRp1274\nsS'd'\nI01\nssS'EventTemplate'\np1275\n(dp1276\nS'c'\nI01\nsS'r'\ng4\n((lp1277\nS'product_line'\np1278\nag9\naS'external_reference'\np1279\naS'title'\np1280\naS'url'\np1281\naS'description'\np1282\naS'session_templates'\np1283\naS'facebook_message'\np1284\naS'lag_time'\np1285\nag11\nag12\nag15\naS'organization'\np1286\naS'twitter_message'\np1287\naS'name_prefix'\np1288\naS'events'\np1289\naS'lead_time'\np1290\natRp1291\nsS'u'\ng4\n((lp1292\nS'product_line'\np1293\naS'external_reference'\np1294\naS'title'\np1295\naS'url'\np1296\naS'description'\np1297\naS'facebook_message'\np1298\naS'lag_time'\np1299\naS'organization'\np1300\naS'twitter_message'\np1301\naS'name_prefix'\np1302\naS'lead_time'\np1303\natRp1304\nsS'd'\nI01\nssS'Event'\np1305\n(dp1306\nS'c'\nI01\nsS'r'\ng4\n((lp1307\ng267\nag9\naS'description'\np1308\naS'sessions'\np1309\naS'facebook_message'\np1310\nag11\nag12\naS'owner'\np1311\nag15\nag7\naS'product_line'\np1312\naS'end'\np1313\naS'external_reference'\np1314\naS'event_template'\np1315\naS'url'\np1316\naS'region'\np1317\naS'title'\np1318\naS'venue'\np1319\naS'start'\np1320\naS'lag_time'\np1321\naS'organization'\np1322\naS'twitter_message'\np1323\naS'lead_time'\np1324\natRp1325\nsS'u'\ng4\n((lp1326\nS'description'\np1327\naS'product_line'\np1328\naS'end'\np1329\naS'external_reference'\np1330\naS'event_template'\np1331\naS'url'\np1332\naS'facebook_message'\np1333\naS'region'\np1334\naS'title'\np1335\naS'venue'\np1336\naS'start'\np1337\naS'lag_time'\np1338\naS'owner'\np1339\naS'organization'\np1340\naS'twitter_message'\np1341\naS'lead_time'\np1342\nag7\natRp1343\nsS'd'\nI01\nssS'ProductOffer'\np1344\n(dp1345\nS'c'\nI01\nsS'r'\ng4\n((lp1346\nS'product'\np1347\nag9\naS'description'\np1348\naS'price'\np1349\naS'seller'\np1350\nag11\nag12\nag15\natRp1351\nsS'u'\ng4\n((lp1352\nS'price'\np1353\naS'product'\np1354\naS'description'\np1355\naS'seller'\np1356\natRp1357\nsS'd'\nI01\nss.",
        "arbitrary_perm_list" : "(lp1\nS'access_db_settings'\np2\naS'change_password_of_other_users'\np3\naS'check_usernames'\np4\naS'exceed_enrollment_capacity'\np5\naS'export_exam_to_xml'\np6\naS'import_exam_from_xml'\np7\naS'logging'\np8\naS'read_reports'\np9\naS'regenerate_payment_confirmations'\np10\naS'resend_payment_confirmations'\np11\naS'send_email'\np12\naS'upload_scorm_course'\np13\na.",
        "create_timestamp" : "2012-01-13 02:16:29",
        "final_type" : [ "pr_services",
            "acl"
          ],
        "owner" : null,
        "role" : 1,
        "save_timestamp" : "2012-01-13 02:16:29"
      },
    "model" : "pr_services.acl",
    "pk" : 1
  },
  { "fields" : { "acl" : "(dp1\nS'ExamSession'\np2\n(dp3\nS'c'\nI01\nsS'r'\nc__builtin__\nset\np4\n((lp5\nS'date_completed'\np6\naS'score'\np7\naS'number_correct'\np8\naS'response_questions'\np9\naS'passing_score'\np10\naS'content_type'\np11\naS'create_timestamp'\np12\naS'passed'\np13\naS'save_timestamp'\np14\naS'date_started'\np15\naS'id'\np16\naS'exam'\np17\natRp18\nsS'u'\ng4\n((lp19\nS'date_completed'\np20\natRp21\nsS'd'\nI00\nssS'ScoSession'\np22\n(dp23\nS'c'\nI01\nsS'r'\ng4\n((lp24\nS'sco'\np25\naS'date_completed'\np26\nag12\nag11\nag14\naS'date_started'\np27\naS'id'\np28\natRp29\nsS'u'\ng4\n((ltRp30\nsS'd'\nI00\nssS'Venue'\np31\n(dp32\nS'c'\nI00\nsS'r'\ng4\n((lp33\ng14\nag12\nag11\naS'address'\np34\naS'region'\np35\nag28\natRp36\nsS'u'\ng4\n((ltRp37\nsS'd'\nI00\nssS'UserOrgRole'\np38\n(dp39\nS'c'\nI00\nsS'r'\ng4\n((lp40\ng14\naS'parent'\np41\nag28\naS'organization_name'\np42\naS'role_name'\np43\naS'role'\np44\nag12\nag11\naS'owner'\np45\naS'organization'\np46\naS'children'\np47\natRp48\nsS'u'\ng4\n((ltRp49\nsS'd'\nI00\nssS'VideoSession'\np50\n(dp51\nS'c'\nI01\nsS'r'\ng4\n((lp52\nS'date_completed'\np53\nag12\nag11\naS'assignment'\np54\naS'date_started'\np55\nag28\nag14\natRp56\nsS'u'\ng4\n((ltRp57\nsS'd'\nI00\nssS'Credential'\np58\n(dp59\nS'c'\nI00\nsS'r'\ng4\n((lp60\nS'status'\np61\nag14\naS'date_expires'\np62\naS'authority'\np63\naS'credential_type'\np64\naS'user'\np65\nag11\naS'serial_number'\np66\naS'date_started'\np67\naS'date_granted'\np68\nag28\naS'date_assigned'\np69\nag12\natRp70\nsS'u'\ng4\n((ltRp71\nsS'd'\nI00\nssS'Assignment'\np72\n(dp73\nS'c'\nI01\nsS'r'\ng4\n((lp74\nS'status'\np75\naS'due_date'\np76\naS'task'\np77\naS'date_completed'\np78\naS'task_content_type'\np79\naS'effective_date_assigned'\np80\naS'prerequisites_met'\np81\naS'user'\np82\nag11\nag14\naS'date_started'\np83\nag12\nag28\naS'assignment_attempts'\np84\natRp85\nsS'u'\ng4\n((ltRp86\nsS'd'\nI00\nssS'FileDownloadAttempt'\np87\n(dp88\nS'c'\nI01\nsS'r'\ng4\n((lp89\nS'date_completed'\np90\naS'file_download'\np91\naS'assignment'\np92\nag12\nag11\nag14\naS'date_started'\np93\nag28\natRp94\nsS'u'\ng4\n((ltRp95\nsS'd'\nI00\nssS'AchievementAward'\np96\n(dp97\nS'c'\nI00\nsS'r'\ng4\n((lp98\ng14\naS'assignment'\np99\naS'user'\np100\nag11\naS'date'\np101\nag28\naS'achievement'\np102\nag12\natRp103\nsS'u'\ng4\n((ltRp104\nsS'd'\nI00\nssS'User'\np105\n(dp106\nS'c'\nI01\nsS'r'\ng4\n((lp107\nS'status'\np108\naS'product_lines_managed'\np109\naS'last_name'\np110\nag14\nag11\nag12\naS'full_name'\np111\naS'default_username_and_domain'\np112\naS'product_lines_instructor_manager_for'\np113\naS'email2'\np114\nag28\naS'biography'\np115\naS'first_name'\np116\naS'middle_name'\np117\naS'title'\np118\naS'product_lines_instructor_for'\np119\naS'email'\np120\naS'username'\np121\naS'billing_address'\np122\naS'color_code'\np123\naS'phone2'\np124\naS'phone3'\np125\naS'phone'\np126\naS'groups'\np127\naS'credentials'\np128\naS'owned_userorgroles'\np129\naS'preferred_venues'\np130\naS'photo_url'\np131\naS'organizations'\np132\naS'session_user_role_requirements'\np133\naS'roles'\np134\naS'url'\np135\naS'name_suffix'\np136\naS'suppress_emails'\np137\naS'alleged_organization'\np138\naS'shipping_address'\np139\natRp140\nsS'u'\ng4\n((lp141\nS'alleged_organization'\np142\naS'first_name'\np143\naS'last_name'\np144\naS'middle_name'\np145\naS'color_code'\np146\naS'title'\np147\naS'url'\np148\naS'phone3'\np149\naS'name_suffix'\np150\naS'email2'\np151\naS'suppress_emails'\np152\naS'phone'\np153\naS'billing_address'\np154\naS'preferred_venues'\np155\naS'shipping_address'\np156\naS'phone2'\np157\naS'email'\np158\naS'biography'\np159\naS'photo_url'\np160\natRp161\nsS'd'\nI00\nssS'AssignmentAttempt'\np162\n(dp163\nS'c'\nI01\nsS'r'\ng4\n((lp164\nS'date_completed'\np165\nag12\nag11\naS'assignment'\np166\naS'date_started'\np167\nag28\nag14\natRp168\nsS'u'\ng4\n((ltRp169\nsS'd'\nI00\nssS'FileUploadAttempt'\np170\n(dp171\nS'c'\nI01\nsS'r'\ng4\n((lp172\nS'file_upload'\np173\naS'date_completed'\np174\naS'assignment'\np175\nag12\nag11\nag14\naS'date_started'\np176\nag28\natRp177\nsS'u'\ng4\n((ltRp178\nsS'd'\nI00\nssS'Response'\np179\n(dp180\nS'c'\nI01\nsS'r'\ng4\n((lp181\ng14\naS'exam_session'\np182\naS'question'\np183\naS'value'\np184\naS'valid'\np185\nag12\nag11\naS'text'\np186\nag28\natRp187\nsS'u'\ng4\n((ltRp188\nsS'd'\nI00\nssS'Achievement'\np189\n(dp190\nS'c'\nI00\nsS'r'\ng4\n((lp191\ng14\naS'description'\np192\nag11\nag12\nag28\naS'name'\np193\natRp194\nsS'u'\ng4\n((ltRp195\nsS'd'\nI00\nss.",
        "arbitrary_perm_list" : "",
        "create_timestamp" : "2012-01-13 02:16:29",
        "final_type" : [ "pr_services",
            "acl"
          ],
        "owner" : null,
        "role" : 2,
        "save_timestamp" : "2012-01-13 02:16:29"
      },
    "model" : "pr_services.acl",
    "pk" : 2
  },
  { "fields" : { "acl" : "(dp1\nS'Group'\np2\n(dp3\nS'c'\nI00\nsS'r'\nc__builtin__\nset\np4\n((lp5\nS'create_timestamp'\np6\naS'save_timestamp'\np7\naS'name'\np8\naS'content_type'\np9\naS'id'\np10\natRp11\nsS'u'\ng4\n((ltRp12\nsS'd'\nI00\nss.",
        "arbitrary_perm_list" : "",
        "create_timestamp" : "2012-01-13 02:16:29",
        "final_type" : [ "pr_services",
            "acl"
          ],
        "owner" : null,
        "role" : 3,
        "save_timestamp" : "2012-01-13 02:16:29"
      },
    "model" : "pr_services.acl",
    "pk" : 3
  },
  { "fields" : { "acl" : "(dp1\n.",
        "arbitrary_perm_list" : "(lp1\nS'check_usernames'\np2\na.",
        "create_timestamp" : "2012-01-13 02:16:29",
        "final_type" : [ "pr_services",
            "acl"
          ],
        "owner" : null,
        "role" : 4,
        "save_timestamp" : "2012-01-13 02:16:29"
      },
    "model" : "pr_services.acl",
    "pk" : 4
  },
  { "fields" : { "acl" : "(dp1\nS'Category'\np2\n(dp3\nS'c'\nI00\nsS'r'\nc__builtin__\nset\np4\n((lp5\nS'managers'\np6\naS'name'\np7\naS'videos'\np8\naS'save_timestamp'\np9\naS'approved_videos'\np10\naS'create_timestamp'\np11\naS'content_type'\np12\naS'locked'\np13\naS'authorized_groups'\np14\naS'id'\np15\natRp16\nsS'u'\ng4\n((lp17\nS'authorized_groups'\np18\natRp19\nsS'd'\nI00\nssS'VideoCategory'\np20\n(dp21\nS'c'\nI01\nsS'r'\ng4\n((lp22\nS'status'\np23\naS'category'\np24\nag9\naS'video'\np25\nag11\nag12\nag15\naS'category_name'\np26\natRp27\nsS'u'\ng4\n((lp28\nS'status'\np29\natRp30\nsS'd'\nI00\nssS'VideoSession'\np31\n(dp32\nS'c'\nI00\nsS'r'\ng4\n((lp33\nS'date_completed'\np34\naS'assignment'\np35\naS'video'\np36\naS'user'\np37\nag12\nag9\naS'date_started'\np38\nag15\nag11\natRp39\nsS'u'\ng4\n((ltRp40\nsS'd'\nI00\nssS'Group'\np41\n(dp42\nS'c'\nI00\nsS'r'\ng4\n((lp43\ng11\nag9\nag7\nag12\nag15\natRp44\nsS'u'\ng4\n((ltRp45\nsS'd'\nI00\nssS'User'\np46\n(dp47\nS'c'\nI00\nsS'r'\ng4\n((lp48\nS'username'\np49\naS'first_name'\np50\naS'last_name'\np51\nag9\naS'default_username_and_domain'\np52\nag15\nag11\nag12\naS'email'\np53\natRp54\nsS'u'\ng4\n((ltRp55\nsS'd'\nI00\nssS'EncodedVideo'\np56\n(dp57\nS'c'\nI00\nsS'r'\ng4\n((lp58\nS'video'\np59\nag11\nag12\naS'url'\np60\nag9\naS'bitrate'\np61\nag15\natRp62\nsS'u'\ng4\n((ltRp63\nsS'd'\nI00\nssS'Assignment'\np64\n(dp65\nS'c'\nI01\nsS'r'\ng4\n((lp66\nS'status'\np67\naS'due_date'\np68\naS'task'\np69\naS'date_completed'\np70\naS'task_content_type'\np71\naS'effective_date_assigned'\np72\naS'prerequisites_met'\np73\naS'user'\np74\nag12\nag9\naS'date_started'\np75\nag11\nag15\naS'assignment_attempts'\np76\natRp77\nsS'u'\ng4\n((ltRp78\nsS'd'\nI00\nssS'Video'\np79\n(dp80\nS'c'\nI00\nsS'r'\ng4\n((lp81\nS'status'\np82\naS'prerequisite_tasks'\np83\nag9\naS'description'\np84\naS'author'\np85\naS'src_file_size'\np86\naS'num_views'\np87\naS'approved_categories'\np88\naS'categories'\np89\naS'live'\np90\naS'encoded_videos'\np91\naS'length'\np92\naS'tags'\np93\naS'create_timestamp'\np94\nag12\nag15\naS'photo_url'\np95\naS'public'\np96\naS'category_relationships'\np97\nag7\natRp98\nsS'u'\ng4\n((lp99\ng7\naS'author'\np100\naS'tags'\np101\naS'live'\np102\naS'length'\np103\naS'photo_url'\np104\naS'public'\np105\naS'categories'\np106\naS'description'\np107\natRp108\nsS'd'\nI00\nss.",
        "arbitrary_perm_list" : "",
        "create_timestamp" : "2012-01-13 02:16:29",
        "final_type" : [ "pr_services",
            "acl"
          ],
        "owner" : null,
        "role" : 5,
        "save_timestamp" : "2012-01-13 02:16:29"
      },
    "model" : "pr_services.acl",
    "pk" : 5
  },
  { "fields" : { "acl" : "(dp1\nS'VideoCategory'\np2\n(dp3\nS'c'\nI01\nsS'r'\nc__builtin__\nset\np4\n((lp5\nS'status'\np6\naS'category'\np7\naS'save_timestamp'\np8\naS'video'\np9\naS'create_timestamp'\np10\naS'content_type'\np11\naS'id'\np12\naS'category_name'\np13\natRp14\nsS'u'\ng4\n((ltRp15\nsS'd'\nI00\nss.",
        "arbitrary_perm_list" : "",
        "create_timestamp" : "2012-01-13 02:16:30",
        "final_type" : [ "pr_services",
            "acl"
          ],
        "owner" : null,
        "role" : 5,
        "save_timestamp" : "2012-01-13 02:16:30"
      },
    "model" : "pr_services.acl",
    "pk" : 6
  },
  { "fields" : { "acl" : "(dp1\nS'Category'\np2\n(dp3\nS'c'\nI00\nsS'r'\nc__builtin__\nset\np4\n((lp5\nS'locked'\np6\naS'name'\np7\naS'content_type'\np8\naS'save_timestamp'\np9\naS'id'\np10\naS'create_timestamp'\np11\natRp12\nsS'u'\ng4\n((ltRp13\nsS'd'\nI00\nssS'Video'\np14\n(dp15\nS'c'\nI01\nsS'r'\ng4\n((lp16\ng9\nag10\nag8\nag11\natRp17\nsS'u'\ng4\n((ltRp18\nsS'd'\nI00\nss.",
        "arbitrary_perm_list" : "",
        "create_timestamp" : "2012-01-13 02:16:30",
        "final_type" : [ "pr_services",
            "acl"
          ],
        "owner" : null,
        "role" : 6,
        "save_timestamp" : "2012-01-13 02:16:30"
      },
    "model" : "pr_services.acl",
    "pk" : 7
  },
  { "fields" : { "acl" : "(dp1\nS'Category'\np2\n(dp3\nS'c'\nI00\nsS'r'\nc__builtin__\nset\np4\n((lp5\nS'locked'\np6\naS'name'\np7\naS'content_type'\np8\naS'save_timestamp'\np9\naS'create_timestamp'\np10\naS'id'\np11\naS'approved_videos'\np12\natRp13\nsS'u'\ng4\n((ltRp14\nsS'd'\nI00\nssS'Assignment'\np15\n(dp16\nS'c'\nI01\nsS'r'\ng4\n((lp17\nS'status'\np18\naS'due_date'\np19\naS'task'\np20\naS'date_completed'\np21\naS'task_content_type'\np22\naS'effective_date_assigned'\np23\naS'prerequisites_met'\np24\naS'user'\np25\nag8\nag9\naS'date_started'\np26\nag10\nag11\naS'assignment_attempts'\np27\natRp28\nsS'u'\ng4\n((ltRp29\nsS'd'\nI00\nssS'Video'\np30\n(dp31\nS'c'\nI00\nsS'r'\ng4\n((lp32\nS'prerequisite_tasks'\np33\nag9\naS'description'\np34\naS'author'\np35\naS'src_file_size'\np36\naS'num_views'\np37\naS'approved_categories'\np38\naS'live'\np39\naS'encoded_videos'\np40\naS'length'\np41\naS'create_timestamp'\np42\nag8\nag11\naS'photo_url'\np43\naS'public'\np44\naS'tags'\np45\naS'name'\np46\natRp47\nsS'u'\ng4\n((ltRp48\nsS'd'\nI00\nssS'EncodedVideo'\np49\n(dp50\nS'c'\nI00\nsS'r'\ng4\n((lp51\nS'video'\np52\nag10\nag8\naS'url'\np53\nag9\naS'bitrate'\np54\nag11\natRp55\nsS'u'\ng4\n((ltRp56\nsS'd'\nI00\nss.",
        "arbitrary_perm_list" : "",
        "create_timestamp" : "2012-01-13 02:16:30",
        "final_type" : [ "pr_services",
            "acl"
          ],
        "owner" : null,
        "role" : 7,
        "save_timestamp" : "2012-01-13 02:16:30"
      },
    "model" : "pr_services.acl",
    "pk" : 8
  },
  { "fields" : { "acl" : "(dp1\nS'Assignment'\np2\n(dp3\nS'c'\nI01\nsS'r'\nc__builtin__\nset\np4\n((lp5\nS'status'\np6\naS'due_date'\np7\naS'task'\np8\naS'date_completed'\np9\naS'task_content_type'\np10\naS'effective_date_assigned'\np11\naS'prerequisites_met'\np12\naS'user'\np13\naS'content_type'\np14\naS'save_timestamp'\np15\naS'date_started'\np16\naS'create_timestamp'\np17\naS'id'\np18\naS'assignment_attempts'\np19\natRp20\nsS'u'\ng4\n((ltRp21\nsS'd'\nI00\nssS'FileDownload'\np22\n(dp23\nS'c'\nI00\nsS'r'\ng4\n((lp24\ng15\naS'description'\np25\naS'author'\np26\naS'prerequisite_tasks'\np27\naS'create_timestamp'\np28\nag14\naS'file_size'\np29\nag18\naS'name'\np30\natRp31\nsS'u'\ng4\n((ltRp32\nsS'd'\nI00\nss.",
        "arbitrary_perm_list" : "",
        "create_timestamp" : "2012-01-13 02:16:30",
        "final_type" : [ "pr_services",
            "acl"
          ],
        "owner" : null,
        "role" : 8,
        "save_timestamp" : "2012-01-13 02:16:30"
      },
    "model" : "pr_services.acl",
    "pk" : 9
  },
  { "fields" : { "acl" : "(dp1\nS'Assignment'\np2\n(dp3\nS'c'\nI01\nsS'r'\nc__builtin__\nset\np4\n((lp5\nS'status'\np6\naS'due_date'\np7\naS'task'\np8\naS'date_completed'\np9\naS'task_content_type'\np10\naS'effective_date_assigned'\np11\naS'prerequisites_met'\np12\naS'user'\np13\naS'content_type'\np14\naS'save_timestamp'\np15\naS'date_started'\np16\naS'create_timestamp'\np17\naS'id'\np18\naS'assignment_attempts'\np19\natRp20\nsS'u'\ng4\n((ltRp21\nsS'd'\nI00\nssS'FileUpload'\np22\n(dp23\nS'c'\nI00\nsS'r'\ng4\n((lp24\ng15\naS'description'\np25\naS'author'\np26\naS'prerequisite_tasks'\np27\naS'create_timestamp'\np28\nag14\nag18\naS'name'\np29\natRp30\nsS'u'\ng4\n((ltRp31\nsS'd'\nI00\nss.",
        "arbitrary_perm_list" : "",
        "create_timestamp" : "2012-01-13 02:16:30",
        "final_type" : [ "pr_services",
            "acl"
          ],
        "owner" : null,
        "role" : 9,
        "save_timestamp" : "2012-01-13 02:16:30"
      },
    "model" : "pr_services.acl",
    "pk" : 10
  },
  { "fields" : { "acl" : "(dp1\nS'Assignment'\np2\n(dp3\nS'c'\nI01\nsS'r'\nc__builtin__\nset\np4\n((lp5\nS'status'\np6\naS'due_date'\np7\naS'task'\np8\naS'date_completed'\np9\naS'task_content_type'\np10\naS'effective_date_assigned'\np11\naS'prerequisites_met'\np12\naS'user'\np13\naS'content_type'\np14\naS'save_timestamp'\np15\naS'date_started'\np16\naS'create_timestamp'\np17\naS'id'\np18\naS'assignment_attempts'\np19\natRp20\nsS'u'\ng4\n((ltRp21\nsS'd'\nI00\nssS'Exam'\np22\n(dp23\nS'c'\nI00\nsS'r'\ng4\n((lp24\ng15\naS'description'\np25\naS'title'\np26\naS'prerequisite_tasks'\np27\naS'create_timestamp'\np28\nag14\naS'author'\np29\nag18\naS'name'\np30\natRp31\nsS'u'\ng4\n((ltRp32\nsS'd'\nI00\nss.",
        "arbitrary_perm_list" : "",
        "create_timestamp" : "2012-01-13 02:16:30",
        "final_type" : [ "pr_services",
            "acl"
          ],
        "owner" : null,
        "role" : 8,
        "save_timestamp" : "2012-01-13 02:16:30"
      },
    "model" : "pr_services.acl",
    "pk" : 11
  },
  { "fields" : { "acl" : "(dp1\nS'SessionUserRoleRequirement'\np2\n(dp3\nS'c'\nI00\nsS'r'\nc__builtin__\nset\np4\n((lp5\nS'save_timestamp'\np6\naS'name'\np7\naS'title'\np8\naS'prerequisite_tasks'\np9\naS'session'\np10\naS'create_timestamp'\np11\naS'content_type'\np12\naS'author'\np13\naS'type'\np14\naS'id'\np15\naS'description'\np16\natRp17\nsS'u'\ng4\n((ltRp18\nsS'd'\nI00\nssS'Assignment'\np19\n(dp20\nS'c'\nI01\nsS'r'\ng4\n((lp21\nS'status'\np22\naS'due_date'\np23\naS'task'\np24\naS'date_completed'\np25\naS'task_content_type'\np26\naS'effective_date_assigned'\np27\naS'prerequisites_met'\np28\naS'user'\np29\nag12\nag6\naS'date_started'\np30\naS'create_timestamp'\np31\nag15\naS'assignment_attempts'\np32\natRp33\nsS'u'\ng4\n((ltRp34\nsS'd'\nI00\nssS'Session'\np35\n(dp36\nS'c'\nI00\nsS'r'\ng4\n((lp37\nS'status'\np38\naS'end'\np39\naS'room'\np40\nag15\naS'start'\np41\nag31\nag12\nag6\naS'event'\np42\natRp43\nsS'u'\ng4\n((ltRp44\nsS'd'\nI00\nss.",
        "arbitrary_perm_list" : "",
        "create_timestamp" : "2012-01-13 02:16:30",
        "final_type" : [ "pr_services",
            "acl"
          ],
        "owner" : null,
        "role" : 10,
        "save_timestamp" : "2012-01-13 02:16:30"
      },
    "model" : "pr_services.acl",
    "pk" : 12
  },
  { "fields" : { "create_timestamp" : "2012-01-13 02:16:29",
        "final_type" : [ "pr_services",
            "role"
          ],
        "name" : "Admin",
        "notes" : [  ],
        "owner" : null,
        "save_timestamp" : "2012-01-13 02:16:29"
      },
    "model" : "pr_services.role",
    "pk" : 1
  },
  { "fields" : { "create_timestamp" : "2012-01-13 02:16:29",
        "final_type" : [ "pr_services",
            "role"
          ],
        "name" : "Object Owner",
        "notes" : [  ],
        "owner" : null,
        "save_timestamp" : "2012-01-13 02:16:29"
      },
    "model" : "pr_services.role",
    "pk" : 2
  },
  { "fields" : { "create_timestamp" : "2012-01-13 02:16:29",
        "final_type" : [ "pr_services",
            "role"
          ],
        "name" : "Authenticated User",
        "notes" : [  ],
        "owner" : null,
        "save_timestamp" : "2012-01-13 02:16:29"
      },
    "model" : "pr_services.role",
    "pk" : 3
  },
  { "fields" : { "create_timestamp" : "2012-01-13 02:16:29",
        "final_type" : [ "pr_services",
            "role"
          ],
        "name" : "Guest",
        "notes" : [  ],
        "owner" : null,
        "save_timestamp" : "2012-01-13 02:16:29"
      },
    "model" : "pr_services.role",
    "pk" : 4
  },
  { "fields" : { "create_timestamp" : "2012-01-13 02:16:29",
        "final_type" : [ "pr_services",
            "role"
          ],
        "name" : "Category Manager",
        "notes" : [  ],
        "owner" : null,
        "save_timestamp" : "2012-01-13 02:16:29"
      },
    "model" : "pr_services.role",
    "pk" : 5
  },
  { "fields" : { "create_timestamp" : "2012-01-13 02:16:30",
        "final_type" : [ "pr_services",
            "role"
          ],
        "name" : "Video Uploader",
        "notes" : [  ],
        "owner" : null,
        "save_timestamp" : "2012-01-13 02:16:30"
      },
    "model" : "pr_services.role",
    "pk" : 6
  },
  { "fields" : { "create_timestamp" : "2012-01-13 02:16:30",
        "final_type" : [ "pr_services",
            "role"
          ],
        "name" : "Video Watcher",
        "notes" : [  ],
        "owner" : null,
        "save_timestamp" : "2012-01-13 02:16:30"
      },
    "model" : "pr_services.role",
    "pk" : 7
  },
  { "fields" : { "create_timestamp" : "2012-01-13 02:16:30",
        "final_type" : [ "pr_services",
            "role"
          ],
        "name" : "File Downloader",
        "notes" : [  ],
        "owner" : null,
        "save_timestamp" : "2012-01-13 02:16:30"
      },
    "model" : "pr_services.role",
    "pk" : 8
  },
  { "fields" : { "create_timestamp" : "2012-01-13 02:16:30",
        "final_type" : [ "pr_services",
            "role"
          ],
        "name" : "File Uploader",
        "notes" : [  ],
        "owner" : null,
        "save_timestamp" : "2012-01-13 02:16:30"
      },
    "model" : "pr_services.role",
    "pk" : 9
  },
  { "fields" : { "create_timestamp" : "2012-01-13 02:16:30",
        "final_type" : [ "pr_services",
            "role"
          ],
        "name" : "Session Participant",
        "notes" : [  ],
        "owner" : null,
        "save_timestamp" : "2012-01-13 02:16:30"
      },
    "model" : "pr_services.role",
    "pk" : 10
  },
  { "fields" : { "create_timestamp" : "2012-01-13 02:16:29",
        "description" : "Returns True if the actor and the actee are both enrolled in the same session, for which actor is in the session_user_role actor_eur, and actee is in the session_user_role actee_eur.  Returns False otherwise.  This method is only for use when the actee is a user.",
        "final_type" : [ "pr_services",
            "accheckmethod"
          ],
        "name" : "actor_actee_enrolled_in_same_session",
        "owner" : null,
        "save_timestamp" : "2012-01-13 02:16:29",
        "title" : "Actor and actee are enrolled in the same session"
      },
    "model" : "pr_services.accheckmethod",
    "pk" : 1
  },
  { "fields" : { "create_timestamp" : "2012-01-13 02:16:29",
        "description" : "Returns True if the actor is an authenticated user who is acting upon themselves.  Only affects permissions for the user object",
        "final_type" : [ "pr_services",
            "accheckmethod"
          ],
        "name" : "actor_is_acting_upon_themselves",
        "owner" : null,
        "save_timestamp" : "2012-01-13 02:16:29",
        "title" : "Actor is acting upon themselves"
      },
    "model" : "pr_services.accheckmethod",
    "pk" : 2
  },
  { "fields" : { "create_timestamp" : "2012-01-13 02:16:29",
        "description" : "Returns True if the actor is an authenticated user",
        "final_type" : [ "pr_services",
            "accheckmethod"
          ],
        "name" : "actor_is_authenticated",
        "owner" : null,
        "save_timestamp" : "2012-01-13 02:16:29",
        "title" : "Actor is authenticated"
      },
    "model" : "pr_services.accheckmethod",
    "pk" : 3
  },
  { "fields" : { "create_timestamp" : "2012-01-13 02:16:29",
        "description" : "Returns True iff the Assignment's prerequisites have been met",
        "final_type" : [ "pr_services",
            "accheckmethod"
          ],
        "name" : "assignment_prerequisites_met",
        "owner" : null,
        "save_timestamp" : "2012-01-13 02:16:29",
        "title" : "Assignment prerequisites have been met"
      },
    "model" : "pr_services.accheckmethod",
    "pk" : 4
  },
  { "fields" : { "create_timestamp" : "2012-01-13 02:16:29",
        "description" : "Returns True iff the AssignmentAttempt's start date is after the Assignment's effective_date_assigned",
        "final_type" : [ "pr_services",
            "accheckmethod"
          ],
        "name" : "assignment_attempt_meets_date_restrictions",
        "owner" : null,
        "save_timestamp" : "2012-01-13 02:16:29",
        "title" : "AssignmentAttempt meets date restrictions"
      },
    "model" : "pr_services.accheckmethod",
    "pk" : 5
  },
  { "fields" : { "create_timestamp" : "2012-01-13 02:16:29",
        "description" : "Returns True iff the AssignmentAttempt's prerequisites have been met",
        "final_type" : [ "pr_services",
            "accheckmethod"
          ],
        "name" : "assignment_attempt_prerequisites_met",
        "owner" : null,
        "save_timestamp" : "2012-01-13 02:16:29",
        "title" : "AssignmentAttempt prerequisites have been met"
      },
    "model" : "pr_services.accheckmethod",
    "pk" : 6
  },
  { "fields" : { "create_timestamp" : "2012-01-13 02:16:29",
        "description" : "Returns True if the actor is the manager of the group they are acting upon",
        "final_type" : [ "pr_services",
            "accheckmethod"
          ],
        "name" : "actor_is_group_manager",
        "owner" : null,
        "save_timestamp" : "2012-01-13 02:16:29",
        "title" : "Actor is the manager of the group in question"
      },
    "model" : "pr_services.accheckmethod",
    "pk" : 7
  },
  { "fields" : { "create_timestamp" : "2012-01-13 02:16:29",
        "description" : "Returns True if the actor is a member of the group they are acting upon",
        "final_type" : [ "pr_services",
            "accheckmethod"
          ],
        "name" : "actor_is_in_actee_which_is_a_group",
        "owner" : null,
        "save_timestamp" : "2012-01-13 02:16:29",
        "title" : "Actor is a user in the group in question"
      },
    "model" : "pr_services.accheckmethod",
    "pk" : 8
  },
  { "fields" : { "create_timestamp" : "2012-01-13 02:16:29",
        "description" : "Returns True if the actor is a guest, which means they have not authenticated or logged in",
        "final_type" : [ "pr_services",
            "accheckmethod"
          ],
        "name" : "actor_is_guest",
        "owner" : null,
        "save_timestamp" : "2012-01-13 02:16:29",
        "title" : "Actor is a guest"
      },
    "model" : "pr_services.accheckmethod",
    "pk" : 9
  },
  { "fields" : { "create_timestamp" : "2012-01-13 02:16:29",
        "description" : "Returns True if the actor is an instructor manager for a product line for which the actee is listed as an instructor",
        "final_type" : [ "pr_services",
            "accheckmethod"
          ],
        "name" : "actor_is_instructor_manager_of_actee",
        "owner" : null,
        "save_timestamp" : "2012-01-13 02:16:29",
        "title" : "Actor is the instructor manager of the actee"
      },
    "model" : "pr_services.accheckmethod",
    "pk" : 10
  },
  { "fields" : { "create_timestamp" : "2012-01-13 02:16:29",
        "description" : "Returns true if the actor is a member of the specified group. Specify a group by passing its ID as 'group_id'",
        "final_type" : [ "pr_services",
            "accheckmethod"
          ],
        "name" : "actor_member_of_group",
        "owner" : null,
        "save_timestamp" : "2012-01-13 02:16:29",
        "title" : "Actor is Member of Group"
      },
    "model" : "pr_services.accheckmethod",
    "pk" : 11
  },
  { "fields" : { "create_timestamp" : "2012-01-13 02:16:29",
        "description" : "Returns True if the actor owns the address in question.  Only affects permissions on the address object",
        "final_type" : [ "pr_services",
            "accheckmethod"
          ],
        "name" : "actor_owns_address",
        "owner" : null,
        "save_timestamp" : "2012-01-13 02:16:29",
        "title" : "Actor owns the address"
      },
    "model" : "pr_services.accheckmethod",
    "pk" : 12
  },
  { "fields" : { "create_timestamp" : "2012-01-13 02:16:29",
        "description" : "Returns True if the actor is the product line manager for the product line being accessed.",
        "final_type" : [ "pr_services",
            "accheckmethod"
          ],
        "name" : "actor_is_product_line_manager_of_product_line",
        "owner" : null,
        "save_timestamp" : "2012-01-13 02:16:29",
        "title" : "Actor is product line manager for a given product line"
      },
    "model" : "pr_services.accheckmethod",
    "pk" : 13
  },
  { "fields" : { "create_timestamp" : "2012-01-13 02:16:29",
        "description" : "Returns True if the actor is the product line manager for the product line of the session being accessed.",
        "final_type" : [ "pr_services",
            "accheckmethod"
          ],
        "name" : "actor_is_product_line_manager_of_session",
        "owner" : null,
        "save_timestamp" : "2012-01-13 02:16:29",
        "title" : "Actor is product line manager for the session_template being accessed"
      },
    "model" : "pr_services.accheckmethod",
    "pk" : 14
  },
  { "fields" : { "create_timestamp" : "2012-01-13 02:16:29",
        "description" : "Returns True if the actor is the product line manager for the product line of the session_template being accessed.",
        "final_type" : [ "pr_services",
            "accheckmethod"
          ],
        "name" : "actor_is_product_line_manager_of_session_template",
        "owner" : null,
        "save_timestamp" : "2012-01-13 02:16:29",
        "title" : "Actor is product line manager for the session being accessed"
      },
    "model" : "pr_services.accheckmethod",
    "pk" : 15
  },
  { "fields" : { "create_timestamp" : "2012-01-13 02:16:29",
        "description" : "Returns True if the actor is the product line manager for the product line of the user being accessed.",
        "final_type" : [ "pr_services",
            "accheckmethod"
          ],
        "name" : "actor_is_product_line_manager_of_user",
        "owner" : null,
        "save_timestamp" : "2012-01-13 02:16:29",
        "title" : "Actor is product line manager for the user being accessed"
      },
    "model" : "pr_services.accheckmethod",
    "pk" : 16
  },
  { "fields" : { "create_timestamp" : "2012-01-13 02:16:29",
        "description" : "Returns True if the actor owns the purchase order being accessed.",
        "final_type" : [ "pr_services",
            "accheckmethod"
          ],
        "name" : "actor_owns_purchase_order",
        "owner" : null,
        "save_timestamp" : "2012-01-13 02:16:29",
        "title" : "Actor is the owner of the purchase order being accessed"
      },
    "model" : "pr_services.accheckmethod",
    "pk" : 17
  },
  { "fields" : { "create_timestamp" : "2012-01-13 02:16:29",
        "description" : "Returns True if the purchase order being accessed has at least one payment.",
        "final_type" : [ "pr_services",
            "accheckmethod"
          ],
        "name" : "purchase_order_has_payments",
        "owner" : null,
        "save_timestamp" : "2012-01-13 02:16:29",
        "title" : "Purchase Order being accessed has payments"
      },
    "model" : "pr_services.accheckmethod",
    "pk" : 18
  },
  { "fields" : { "create_timestamp" : "2012-01-13 02:16:29",
        "description" : "Returns True if the purchase order being accessed has no payments.",
        "final_type" : [ "pr_services",
            "accheckmethod"
          ],
        "name" : "purchase_order_has_no_payments",
        "owner" : null,
        "save_timestamp" : "2012-01-13 02:16:29",
        "title" : "Purchase Order being accessed has no payments"
      },
    "model" : "pr_services.accheckmethod",
    "pk" : 19
  },
  { "fields" : { "create_timestamp" : "2012-01-13 02:16:29",
        "description" : "Returns True if the actor owns the training_unit_authorization being accessed.",
        "final_type" : [ "pr_services",
            "accheckmethod"
          ],
        "name" : "actor_owns_training_unit_authorization",
        "owner" : null,
        "save_timestamp" : "2012-01-13 02:16:29",
        "title" : "Actor owns the training_unit_authorization being accessed"
      },
    "model" : "pr_services.accheckmethod",
    "pk" : 20
  },
  { "fields" : { "create_timestamp" : "2012-01-13 02:16:29",
        "description" : "Returns True if the actor owns the purchase order against which the currently accessed payment was made,",
        "final_type" : [ "pr_services",
            "accheckmethod"
          ],
        "name" : "actor_owns_payment",
        "owner" : null,
        "save_timestamp" : "2012-01-13 02:16:29",
        "title" : "Actor owns the given payment"
      },
    "model" : "pr_services.accheckmethod",
    "pk" : 21
  },
  { "fields" : { "create_timestamp" : "2012-01-13 02:16:29",
        "description" : "Returns true if the refund does not put the total amount of refunds for a particular payment over the value of the payment",
        "final_type" : [ "pr_services",
            "accheckmethod"
          ],
        "name" : "refund_does_not_exceed_payment",
        "owner" : null,
        "save_timestamp" : "2012-01-13 02:16:29",
        "title" : "Refund does not exceed payment"
      },
    "model" : "pr_services.accheckmethod",
    "pk" : 22
  },
  { "fields" : { "create_timestamp" : "2012-01-13 02:16:29",
        "description" : "Returns true if the assignment is for a session at a venue that matches the actor's preferred venue",
        "final_type" : [ "pr_services",
            "accheckmethod"
          ],
        "name" : "assignment_venue_matches_actor_preferred_venue",
        "owner" : null,
        "save_timestamp" : "2012-01-13 02:16:29",
        "title" : "Assignment venue matches actor venue"
      },
    "model" : "pr_services.accheckmethod",
    "pk" : 23
  },
  { "fields" : { "create_timestamp" : "2012-01-13 02:16:29",
        "description" : "Returns true if the actor is of the specified status.",
        "final_type" : [ "pr_services",
            "accheckmethod"
          ],
        "name" : "actor_status_check",
        "owner" : null,
        "save_timestamp" : "2012-01-13 02:16:29",
        "title" : "Actor is of specified status"
      },
    "model" : "pr_services.accheckmethod",
    "pk" : 24
  },
  { "fields" : { "create_timestamp" : "2012-01-13 02:16:29",
        "description" : "Always returns True.",
        "final_type" : [ "pr_services",
            "accheckmethod"
          ],
        "name" : "actor_is_anybody",
        "owner" : null,
        "save_timestamp" : "2012-01-13 02:16:29",
        "title" : "Actor is any user"
      },
    "model" : "pr_services.accheckmethod",
    "pk" : 25
  },
  { "fields" : { "create_timestamp" : "2012-01-13 02:16:29",
        "description" : "This is a strange new breed of auth_check that concerns itself with the update_dict.  It ensures that the update_dict is only attempting to add items from the list of allowed primary keys to the attribute on the actee.  It will return false if any 'remove' operation is in the dict, or if any primary key appears in the add list that is not in the allowed primary key list.",
        "final_type" : [ "pr_services",
            "accheckmethod"
          ],
        "name" : "actor_is_adding_allowed_many_ended_objects_to_user",
        "owner" : null,
        "save_timestamp" : "2012-01-13 02:16:29",
        "title" : "Actor is adding allowed many ended objects to user"
      },
    "model" : "pr_services.accheckmethod",
    "pk" : 26
  },
  { "fields" : { "create_timestamp" : "2012-01-13 02:16:29",
        "description" : "Returns True if the actor owns the event.",
        "final_type" : [ "pr_services",
            "accheckmethod"
          ],
        "name" : "actor_owns_event",
        "owner" : null,
        "save_timestamp" : "2012-01-13 02:16:29",
        "title" : "Actor owns the event"
      },
    "model" : "pr_services.accheckmethod",
    "pk" : 27
  },
  { "fields" : { "create_timestamp" : "2012-01-13 02:16:29",
        "description" : "Returns True if the actor owns the session.",
        "final_type" : [ "pr_services",
            "accheckmethod"
          ],
        "name" : "actor_owns_session",
        "owner" : null,
        "save_timestamp" : "2012-01-13 02:16:29",
        "title" : "Actor owns the session"
      },
    "model" : "pr_services.accheckmethod",
    "pk" : 28
  },
  { "fields" : { "create_timestamp" : "2012-01-13 02:16:29",
        "description" : "Returns True if the actor owns the session_user_role_requirement.",
        "final_type" : [ "pr_services",
            "accheckmethod"
          ],
        "name" : "actor_owns_session_user_role_requirement",
        "owner" : null,
        "save_timestamp" : "2012-01-13 02:16:29",
        "title" : "Actor owns the session_user_role_requirement"
      },
    "model" : "pr_services.accheckmethod",
    "pk" : 29
  },
  { "fields" : { "create_timestamp" : "2012-01-13 02:16:29",
        "description" : "Does nothing if the exam_session has no answered questions or ratings.  Returns True if exam_session is finished, else False.",
        "final_type" : [ "pr_services",
            "accheckmethod"
          ],
        "name" : "populated_exam_session_is_finished",
        "owner" : null,
        "save_timestamp" : "2012-01-13 02:16:29",
        "title" : "Populated exam_session is finished."
      },
    "model" : "pr_services.accheckmethod",
    "pk" : 30
  },
  { "fields" : { "create_timestamp" : "2012-01-13 02:16:29",
        "description" : "Returns True if the actor is the user who created the venue, which is discovered by examining the venue's blame",
        "final_type" : [ "pr_services",
            "accheckmethod"
          ],
        "name" : "actor_is_venue_creator",
        "owner" : null,
        "save_timestamp" : "2012-01-13 02:16:29",
        "title" : "The actor is the venue's creator"
      },
    "model" : "pr_services.accheckmethod",
    "pk" : 31
  },
  { "fields" : { "create_timestamp" : "2012-01-13 02:16:29",
        "description" : "Returns True iff the session_user_role associate with the actee is the same as the session_user_role specified by the parameter session_user_role.",
        "final_type" : [ "pr_services",
            "accheckmethod"
          ],
        "name" : "surr_is_of_a_particular_sur",
        "owner" : null,
        "save_timestamp" : "2012-01-13 02:16:29",
        "title" : "session_user_role_requirement is of a particular session_user_role"
      },
    "model" : "pr_services.accheckmethod",
    "pk" : 32
  },
  { "fields" : { "create_timestamp" : "2012-01-13 02:16:29",
        "description" : "Returns True iff the actor is the owner of the credential",
        "final_type" : [ "pr_services",
            "accheckmethod"
          ],
        "name" : "actor_owns_credential",
        "owner" : null,
        "save_timestamp" : "2012-01-13 02:16:29",
        "title" : "Actor owns Credential"
      },
    "model" : "pr_services.accheckmethod",
    "pk" : 33
  },
  { "fields" : { "create_timestamp" : "2012-01-13 02:16:29",
        "description" : "Returns True iff the actor has completed all of the prerequisite tasks for the task being queried.",
        "final_type" : [ "pr_services",
            "accheckmethod"
          ],
        "name" : "actor_has_completed_task_prerequisites",
        "owner" : null,
        "save_timestamp" : "2012-01-13 02:16:29",
        "title" : "Actor has completed Task prerequisites"
      },
    "model" : "pr_services.accheckmethod",
    "pk" : 34
  },
  { "fields" : { "create_timestamp" : "2012-01-13 02:16:29",
        "description" : "Returns True iff the actor is the owner of the AchievementAward",
        "final_type" : [ "pr_services",
            "accheckmethod"
          ],
        "name" : "actor_owns_achievement_award",
        "owner" : null,
        "save_timestamp" : "2012-01-13 02:16:29",
        "title" : "Actor owns AchievementAward"
      },
    "model" : "pr_services.accheckmethod",
    "pk" : 35
  },
  { "fields" : { "create_timestamp" : "2012-01-13 02:16:29",
        "description" : "Returns True iff the actor is the owner of an AchievementAward for the Achievement",
        "final_type" : [ "pr_services",
            "accheckmethod"
          ],
        "name" : "actor_owns_achievement_award_for_achievement",
        "owner" : null,
        "save_timestamp" : "2012-01-13 02:16:29",
        "title" : "Actor owns AchievementAward for Achievement"
      },
    "model" : "pr_services.accheckmethod",
    "pk" : 36
  },
  { "fields" : { "create_timestamp" : "2012-01-13 02:16:29",
        "description" : "Returns True iff the actor is the owner of the assignment",
        "final_type" : [ "pr_services",
            "accheckmethod"
          ],
        "name" : "actor_owns_assignment",
        "owner" : null,
        "save_timestamp" : "2012-01-13 02:16:29",
        "title" : "Actor owns Assignment"
      },
    "model" : "pr_services.accheckmethod",
    "pk" : 37
  },
  { "fields" : { "create_timestamp" : "2012-01-13 02:16:29",
        "description" : "Returns True iff the actor is the owner of the assignment attempt",
        "final_type" : [ "pr_services",
            "accheckmethod"
          ],
        "name" : "actor_owns_assignment_attempt",
        "owner" : null,
        "save_timestamp" : "2012-01-13 02:16:29",
        "title" : "Actor owns AssignmentAttempt"
      },
    "model" : "pr_services.accheckmethod",
    "pk" : 38
  },
  { "fields" : { "create_timestamp" : "2012-01-13 02:16:29",
        "description" : "Returns True iff the actor has completed all of the prerequisite Tasks for the Assignment being queried.",
        "final_type" : [ "pr_services",
            "accheckmethod"
          ],
        "name" : "actor_has_completed_assignment_prerequisites",
        "owner" : null,
        "save_timestamp" : "2012-01-13 02:16:29",
        "title" : "Actor has completed Assignment prerequisites"
      },
    "model" : "pr_services.accheckmethod",
    "pk" : 39
  },
  { "fields" : { "create_timestamp" : "2012-01-13 02:16:29",
        "description" : "Returns True iff the QuestionResponse is for an ExamSession owned by the actor.",
        "final_type" : [ "pr_services",
            "accheckmethod"
          ],
        "name" : "actor_owns_question_response",
        "owner" : null,
        "save_timestamp" : "2012-01-13 02:16:29",
        "title" : "Actor owns QuestionResponse"
      },
    "model" : "pr_services.accheckmethod",
    "pk" : 40
  },
  { "fields" : { "create_timestamp" : "2012-01-13 02:16:29",
        "description" : "This complicatedly name method exists to be a bit genericly useful.  It will examine actee, ensuring that it is of type actee_model_name.  It will then ensure that attribute_name's value is equal to attribute_value.",
        "final_type" : [ "pr_services",
            "accheckmethod"
          ],
        "name" : "actees_attribute_is_set_to",
        "owner" : null,
        "save_timestamp" : "2012-01-13 02:16:29",
        "title" : "Actee's attribute is set to"
      },
    "model" : "pr_services.accheckmethod",
    "pk" : 41
  },
  { "fields" : { "create_timestamp" : "2012-01-13 02:16:29",
        "description" : "This complicatedly name method exists to be a bit genericly useful.  It will examine actee, ensuring that it is of type actee_model_name.  It will then follow a foreign key relationship, actee.foreign_object_attribute_name, and ensure that that attribute's value is equal to foreign_object_attribute_value.",
        "final_type" : [ "pr_services",
            "accheckmethod"
          ],
        "name" : "actees_foreign_key_object_has_attribute_set_to",
        "owner" : null,
        "save_timestamp" : "2012-01-13 02:16:29",
        "title" : "Actee's foreign key object has attribute set to"
      },
    "model" : "pr_services.accheckmethod",
    "pk" : 42
  },
  { "fields" : { "create_timestamp" : "2012-01-13 02:16:29",
        "description" : "Returns True if the actor is the owner of the Assignment, or if the actor is a guest and the Assignment doesn't have a user defined.",
        "final_type" : [ "pr_services",
            "accheckmethod"
          ],
        "name" : "actor_owns_assignment_or_is_guest",
        "owner" : null,
        "save_timestamp" : "2012-01-13 02:16:29",
        "title" : "Actor owns assignment or is guest"
      },
    "model" : "pr_services.accheckmethod",
    "pk" : 43
  },
  { "fields" : { "create_timestamp" : "2012-01-13 02:16:29",
        "description" : "Returns True if the actor is the same User object as is listed in the OwnedPRModel's owner field.",
        "final_type" : [ "pr_services",
            "accheckmethod"
          ],
        "name" : "actor_owns_prmodel",
        "owner" : null,
        "save_timestamp" : "2012-01-13 02:16:29",
        "title" : "Actor owns PRModel"
      },
    "model" : "pr_services.accheckmethod",
    "pk" : 44
  },
  { "fields" : { "create_timestamp" : "2012-01-13 02:16:29",
        "description" : "If the actee is in the group, the method returns True iff they are also of the domain.  If they are not in the group, it will return True.  This is useful for making sure that participants who register themselves are in the constantcontact.com domain.",
        "final_type" : [ "pr_services",
            "accheckmethod"
          ],
        "name" : "actee_is_in_group_and_domain",
        "owner" : null,
        "save_timestamp" : "2012-01-13 02:16:29",
        "title" : "Actee is in group and domain"
      },
    "model" : "pr_services.accheckmethod",
    "pk" : 45
  },
  { "fields" : { "create_timestamp" : "2012-01-13 02:16:29",
        "description" : "Returns True if DomainAffiliation.user is the actor.",
        "final_type" : [ "pr_services",
            "accheckmethod"
          ],
        "name" : "actor_related_to_domain_affiliation",
        "owner" : null,
        "save_timestamp" : "2012-01-13 02:16:29",
        "title" : "DomainAffiliation user is actor"
      },
    "model" : "pr_services.accheckmethod",
    "pk" : 46
  },
  { "fields" : { "create_timestamp" : "2012-01-13 02:16:29",
        "description" : "Returns True if the actee is an Organization and the actor belongs to that organization",
        "final_type" : [ "pr_services",
            "accheckmethod"
          ],
        "name" : "actor_is_in_actee_which_is_an_organization",
        "owner" : null,
        "save_timestamp" : "2012-01-13 02:16:29",
        "title" : "Actor is in actee organization"
      },
    "model" : "pr_services.accheckmethod",
    "pk" : 47
  },
  { "fields" : { "create_timestamp" : "2012-01-13 02:16:29",
        "description" : "Returns True iff the actee is an Assignment the Task in which is not a Video",
        "final_type" : [ "pr_services",
            "accheckmethod"
          ],
        "name" : "assignment_is_not_video",
        "owner" : null,
        "save_timestamp" : "2012-01-13 02:16:29",
        "title" : "Assignment is not to watch Video"
      },
    "model" : "pr_services.accheckmethod",
    "pk" : 48
  },
  { "fields" : { "create_timestamp" : "2012-01-13 02:16:29",
        "description" : "Returns True iff the actor is a manager of a category that the actee is directly or indirectly related to, and the relationship is not through a deleted video",
        "final_type" : [ "pr_services",
            "accheckmethod"
          ],
        "name" : "actor_is_manager_of_actee_related_category",
        "owner" : null,
        "save_timestamp" : "2012-01-13 02:16:29",
        "title" : "Actor is Category Manager of category related to actee"
      },
    "model" : "pr_services.accheckmethod",
    "pk" : 49
  },
  { "fields" : { "create_timestamp" : "2012-01-13 02:16:29",
        "description" : "Returns true iff the actor is a member of an authorized group on a category that's in an approved relationship to the actee",
        "final_type" : [ "pr_services",
            "accheckmethod"
          ],
        "name" : "actor_is_member_of_actee_related_category_authorized_groups",
        "owner" : null,
        "save_timestamp" : "2012-01-13 02:16:29",
        "title" : "Actor is a member of an actee-related Category's authorized groups"
      },
    "model" : "pr_services.accheckmethod",
    "pk" : 50
  },
  { "fields" : { "create_timestamp" : "2012-01-13 02:16:29",
        "description" : "Returns true iff the actor is a member of any Organization",
        "final_type" : [ "pr_services",
            "accheckmethod"
          ],
        "name" : "actor_is_member_of_any_organization",
        "owner" : null,
        "save_timestamp" : "2012-01-13 02:16:29",
        "title" : "Actor is member of any Organization"
      },
    "model" : "pr_services.accheckmethod",
    "pk" : 51
  },
  { "fields" : { "create_timestamp" : "2012-01-13 02:16:29",
        "description" : "Returns True iff actor owns an assignment for the given task",
        "final_type" : [ "pr_services",
            "accheckmethod"
          ],
        "name" : "actor_owns_assignment_for_task",
        "owner" : null,
        "save_timestamp" : "2012-01-13 02:16:29",
        "title" : "Actor owns Assignment for Task"
      },
    "model" : "pr_services.accheckmethod",
    "pk" : 52
  },
  { "fields" : { "create_timestamp" : "2012-01-13 02:16:29",
        "description" : "Returns True iff the actor has an assignment for this session",
        "final_type" : [ "pr_services",
            "accheckmethod"
          ],
        "name" : "actor_assigned_to_session",
        "owner" : null,
        "save_timestamp" : "2012-01-13 02:16:29",
        "title" : "Actor is assigned to the session"
      },
    "model" : "pr_services.accheckmethod",
    "pk" : 53
  },
  { "fields" : { "alleged_organization" : null,
        "billing_address" : null,
        "biography" : null,
        "blame" : null,
        "color_code" : null,
        "confirmation_code" : null,
        "create_timestamp" : "2012-01-13 02:16:29",
        "email" : "admin@admin.org",
        "email2" : null,
        "enable_paypal" : false,
        "final_type" : [ "pr_services",
            "user"
          ],
        "first_name" : "admin",
        "groups" : [ 1 ],
        "is_staff" : false,
        "last_name" : "user",
        "middle_name" : "",
        "name_suffix" : null,
        "notes" : [  ],
        "owner" : null,
        "paypal_address" : null,
        "phone" : null,
        "phone2" : null,
        "phone3" : null,
        "photo" : "",
        "preferred_venues" : [  ],
        "save_timestamp" : "2012-01-13 02:16:29",
        "shipping_address" : null,
        "status" : "active",
        "suppress_emails" : false,
        "title" : null,
        "url" : null
      },
    "model" : "pr_services.user",
    "pk" : 1
  },
  { "fields" : { "active" : true,
        "create_timestamp" : "2012-01-13 02:16:29",
        "default" : false,
        "final_type" : [ "pr_services",
            "group"
          ],
        "managers" : [  ],
        "name" : "Category Managers",
        "notes" : [  ],
        "owner" : null,
        "save_timestamp" : "2012-01-13 02:16:29"
      },
    "model" : "pr_services.group",
    "pk" : 2
  },
  { "fields" : { "active" : true,
        "create_timestamp" : "2012-01-13 02:16:30",
        "default" : true,
        "final_type" : [ "pr_services",
            "group"
          ],
        "managers" : [  ],
        "name" : "Default",
        "notes" : [  ],
        "owner" : null,
        "save_timestamp" : "2012-01-13 02:16:30"
      },
    "model" : "pr_services.group",
    "pk" : 3
  },
  { "fields" : { "active" : true,
        "create_timestamp" : "2012-01-13 02:16:29",
        "default" : false,
        "final_type" : [ "pr_services",
            "group"
          ],
        "managers" : [  ],
        "name" : "Super Administrators",
        "notes" : [  ],
        "owner" : null,
        "save_timestamp" : "2012-01-13 02:16:29"
      },
    "model" : "pr_services.group",
    "pk" : 1
  },
  { "fields" : { "create_timestamp" : "2012-01-13 02:16:29",
        "default" : true,
        "domain" : 1,
        "final_type" : [ "pr_services",
            "domainaffiliation"
          ],
        "may_log_me_in" : false,
        "password_hash" : "106311165a47e9ea41c109b502cc0bb72a3984c791986d21e5768291c7d61d51c4bb36d5d78d9ac7a4e2c1400f6390ba940dab820a10172188eb54eb4a840017",
        "password_hash_type" : "SHA-512",
        "password_salt" : "dqjY3YiL",
        "save_timestamp" : "2012-01-13 02:16:29",
        "user" : 1,
        "username" : "admin"
      },
    "model" : "pr_services.domainaffiliation",
    "pk" : 1
  },
  { "fields" : { "authentication_ip" : null,
        "authentication_password_hash" : "",
        "create_timestamp" : "2012-01-13 02:16:29",
        "final_type" : [ "pr_services",
            "domain"
          ],
        "name" : "local",
        "password_hash_type" : "SHA-512",
        "save_timestamp" : "2012-01-13 02:16:29"
      },
    "model" : "pr_services.domain",
    "pk" : 1
  },
  { "fields" : { "authentication_ip" : null,
        "authentication_password_hash" : "",
        "create_timestamp" : "2012-01-13 02:16:29",
        "final_type" : [ "pr_services",
            "domain"
          ],
        "name" : "LDAP",
        "password_hash_type" : "SHA-512",
        "save_timestamp" : "2012-01-13 02:16:29"
      },
    "model" : "pr_services.domain",
    "pk" : 2
  }
]
