[
    {
        "pk": 1,
        "model": "pr_messaging.messageformat",
        "fields": {
            "description": null,
            "enabled": true,
            "name": "Email",
            "slug": "email"
        }
    },
    {
        "pk": 1,
        "model": "pr_messaging.messagetype",
        "fields": {
            "multiple_recipients": false,
            "description": null,
            "enabled": true,
            "name": "Log Message",
            "slug": "log-message"
        }
    },
    {
        "pk": 2,
        "model": "pr_messaging.messagetype",
        "fields": {
            "multiple_recipients": false,
            "description": null,
            "enabled": true,
            "name": "Assignment Task Message",
            "slug": "assignment-task-message"
        }
    },
    {
        "pk": 3,
        "model": "pr_messaging.messagetype",
        "fields": {
            "multiple_recipients": false,
            "description": null,
            "enabled": true,
            "name": "Generic",
            "slug": "generic"
        }
    },
    {
        "pk": 4,
        "model": "pr_messaging.messagetype",
        "fields": {
            "multiple_recipients": false,
            "description": null,
            "enabled": true,
            "name": "Initial Password",
            "slug": "initial-password"
        }
    },
    {
        "pk": 5,
        "model": "pr_messaging.messagetype",
        "fields": {
            "multiple_recipients": false,
            "description": null,
            "enabled": true,
            "name": "User Confirmation",
            "slug": "user-confirmation"
        }
    },
    {
        "pk": 6,
        "model": "pr_messaging.messagetype",
        "fields": {
            "multiple_recipients": false,
            "description": null,
            "enabled": true,
            "name": "Password Reset",
            "slug": "password-reset"
        }
    },
    {
        "pk": 1,
        "model": "pr_messaging.messagetemplate",
        "fields": {
            "body": "The following {{ log_level|lower }} message was logged:\n\n{{ log_message }}\n",
            "subject": "{{ log_level|upper }} Message Logged by Precor Experience VoD",
            "message_type": 1,
            "message_format": 1
        }
    },
    {
        "pk": 2,
        "model": "pr_messaging.messagetemplate",
        "fields": {
            "body": "{{ sender.get_full_name }} has sent you a message about the assignment detailed below.\n\nName: {{ task.name|capfirst }}\nTitle: {{ task.title|capfirst }}\nType of Task: {{ task.final_type.name|capfirst }}\nAssignment Status: {{ assignment.status|capfirst }}\n\n{% autoescape on %}\n{{ body }}\n{% endautoescape %}\n\n\n",
            "subject": "{% if subject %}\n{{ subject }}\n{% else %}\nMessage about {{task.name|capfirst}} Assignment\n{% endif %}\n",
            "message_type": 2,
            "message_format": 1
        }
    },
    {
        "pk": 3,
        "model": "pr_messaging.messagetemplate",
        "fields": {
            "body": "{% autoescape off %}\nDear {{ user.full_name }},\n\n{{ sender.full_name }} has sent you the following message:\n\n{{ body }}\n{% endautoescape %}\n",
            "subject": "{% autoescape off %}\n{{ subject }}\n{% endautoescape %}\n",
            "message_type": 3,
            "message_format": 1
        }
    },
    {
        "pk": 4,
        "model": "pr_messaging.messagetemplate",
        "fields": {
            "body": "{% autoescape off %}\n{{ date }}\n\n{{ user.first_name }} {{ user.last_name }}\n{{ organization.name }}\n\nDear {{ user.full_name }},\n\nCongratulations!  You are part of a group of users who have been bulk registered to use the new Precor Experience Training system.  Your username to get into the system is your email address and your password is {{ initial_password }}.  Once you are in the system you can change your password.  Click on Edit Profile in the upper right.\n\nBest regards,\n\nAdministrator\nPrecor Experience Training{% endautoescape %}\n",
            "subject": "{% autoescape off %}Welcome to Precor Experience{% endautoescape %}",
            "message_type": 4,
            "message_format": 1
        }
    },
    {
        "pk": 5,
        "model": "pr_messaging.messagetemplate",
        "fields": {
            "body": "{% load url from future %}\n{% autoescape off %}\n{{ date }}\n\n{{ user.first_name }} {{ user.last_name }}\n{{ organization.name }}\n\nDear {{ user.full_name }},\n\nCongratulations!  You have successfully registered in the Precor Experience Training learning management system.  Before you can login, you must confirm \nyour email address. You may do so by clicking on the following link: \n\n\n{{ backend_url }}{% url 'confirm_email' confirmation_code %}\n\n\nBest regards,\n\nAdministrator\nPrecor Experience Training{% endautoescape %}\n",
            "subject": "{% autoescape off %}Congratulations and welcome to Precor Experience{% endautoescape %}",
            "message_type": 5,
            "message_format": 1
        }
    },
    {
        "pk": 6,
        "model": "pr_messaging.messagetemplate",
        "fields": {
            "body": "{% autoescape off %}\n{{ date }}\n\n{{ user.first_name }} {{ user.last_name }}\n{{ organization.name }}\n\nDear {{ user.full_name }},\n\nSuccess! You have reset your password. Your new password is {{ new_password }}.\n\nBest regards,\n\nAdministrator\nPrecor Experience Training{% endautoescape %}\n",
            "subject": "{% autoescape off %}password reset for Precor Experience{% endautoescape %}",
            "message_type": 6,
            "message_format": 1
        }
    },
    {
        "pk": 1,
        "model": "pr_services.accheckmethod",
        "fields": {
            "save_timestamp": "2012-04-13T21:46:40.007Z",
            "description": "\n    This complicatedly name method exists to be a bit generically useful.\n    It will examine actee, ensuring that it is of type actee_model_name.\n    It will then ensure that attribute_name's value is equal to attribute_value.\n\n    ** Note: This depends on the model class's (or at least its parent class)\n    being in facade.models. **\n\n    @param auth_token       The authentication token of the acting user.\n                            Guests are allowed, and so this method does not\n                            use the auth_token\n    @type auth_token        facade.models.AuthToken\n    @param actee            The object in question\n    @type actee             pr_models.PRModel\n    @param actee_model_name The name of the type of the model that this check\n                             is supposed to be applied to\n    @type actee_model_name  str\n    @param attribute_name   The name of the attribute on actee that we want\n                            do perform a comparison on\n    @type attribute_name    str\n    @param attribute_value  The value that actee's attribute should be compared to\n    @type attribute_value   Many types are allowed (string, boolean, int, etc.)\n    ",
            "title": "constraint.actees_attribute_is_set_to",
            "name": "constraint.actees_attribute_is_set_to",
            "create_timestamp": "2012-04-13T21:46:40.007Z",
            "owner": null,
            "final_type": [
                "pr_services",
                "accheckmethod"
            ]
        }
    },
    {
        "pk": 2,
        "model": "pr_services.accheckmethod",
        "fields": {
            "save_timestamp": "2012-04-13T21:46:40.011Z",
            "description": "\n    This complicatedly name method exists to be a bit generically useful.\n    It will examine actee, ensuring that it is of type actee_model_name.\n    It will then follow a foreign key relationship,\n    actee.foreign_object_attribute_name, and ensure that that attribute's\n    value is equal to foreign_object_attribute_value.\n\n    ** Note: This depends on the model class's (or at least its parent class)\n    being in facade.models. **\n\n    @param auth_token                       The authentication token of the\n                                            acting user.  Guests are allowed,\n                                            and so this method does not use\n                                            the auth_token\n    @type auth_token                        facade.models.AuthToken\n    @param actee                            The object in question\n    @type actee                             pr_models.PRModel\n    @param actee_model_name                 The name of the type of the model\n                                            that this check is supposed to be\n                                            applied to\n    @type actee_model_name                  str\n    @param attribute_name                   The name of the attribute on actee\n                                            that we can use to retrieve the foreign\n                                            object\n    @type attribute_name                    str\n    @param foreign_object_attribute_name    The name of the attribute on actee\n                                            that will lead us to the foreign\n                                            object we care about\n    @type foreign_object_attribute_name     str\n    @param foreign_object_attribute_value   The value that the foriegn\n                                            object's attribute should be\n                                            compared to\n    @type foreign_object_attribute_value    Many types are allowed (string,\n                                            boolean, int, etc.)\n    ",
            "title": "constraint.actees_foreign_key_object_has_attribute_set_to",
            "name": "constraint.actees_foreign_key_object_has_attribute_set_to",
            "create_timestamp": "2012-04-13T21:46:40.011Z",
            "owner": null,
            "final_type": [
                "pr_services",
                "accheckmethod"
            ]
        }
    },
    {
        "pk": 3,
        "model": "pr_services.accheckmethod",
        "fields": {
            "save_timestamp": "2012-04-13T21:46:40.014Z",
            "description": "\n    Returns True if the actor and the actee are both enrolled in the same\n    session, for which actor is in the session_user_role actor_sur, and\n    actee is in the session_user_role actee_sur.  Returns False otherwise.\n\n    This method is only for use when the actee is a user.\n\n    @param actee      A user object that we are evaluation authorization for\n    @param actor_sur_id  The primary key of the session_user_role with which the\n            actor should be enrolled in the session\n    @param actee_sur_id  The primary key of the session_user_role with which\n            the actee should be enrolled in the session\n    ",
            "title": "constraint.actor_actee_enrolled_in_same_session",
            "name": "constraint.actor_actee_enrolled_in_same_session",
            "create_timestamp": "2012-04-13T21:46:40.014Z",
            "owner": null,
            "final_type": [
                "pr_services",
                "accheckmethod"
            ]
        }
    },
    {
        "pk": 4,
        "model": "pr_services.accheckmethod",
        "fields": {
            "save_timestamp": "2012-04-13T21:46:40.019Z",
            "description": "\n    Returns True if the actor is a valid authenticated user in\n    the system who is acting upon themselves.\n\n    @param actee  A user object that we wish to compare the actor to\n    ",
            "title": "constraint.actor_is_acting_upon_themselves",
            "name": "constraint.actor_is_acting_upon_themselves",
            "create_timestamp": "2012-04-13T21:46:40.019Z",
            "owner": null,
            "final_type": [
                "pr_services",
                "accheckmethod"
            ]
        }
    },
    {
        "pk": 5,
        "model": "pr_services.accheckmethod",
        "fields": {
            "save_timestamp": "2012-04-13T21:46:40.022Z",
            "description": "\n    This is a strange new breed of auth_check that concerns itcls with the\n    update_dict. It ensures that the update_dict is only attempting to add\n    items from the list of allowed primary keys to the attribute on the actee.\n    It will return false if any 'remove' operation is in the dict, or if any\n    primary key appears in the add list that is not in the allowed primary\n    key list.\n\n    @param auth_token       The authentication token of the acting user\n    @type auth_token        auth_token\n    @param actee            A user object that we are evaluation authorization for\n    @type actee             user\n    @param attribute_name   The attribute that we are authorizing the update\n                            call based on\n    @type attribute_name    string\n    @param allowed_pks      A list of primary keys that we will allow the actor\n                            to add to the actee's many ended attribute\n    @type allowed_pks       list\n    @param update_dict      The dictionary of changes that the actor is\n                            attempting to apply to actee\n    @type update_dict       dict\n    @return                 A boolean of whether or not the actor will be\n                            allowed to run the update call\n    @raises                 InvalidActeeTypeException, AttributeNotInUpdateDictException\n    ",
            "title": "constraint.actor_is_adding_allowed_many_ended_objects_to_user",
            "name": "constraint.actor_is_adding_allowed_many_ended_objects_to_user",
            "create_timestamp": "2012-04-13T21:46:40.022Z",
            "owner": null,
            "final_type": [
                "pr_services",
                "accheckmethod"
            ]
        }
    },
    {
        "pk": 6,
        "model": "pr_services.accheckmethod",
        "fields": {
            "save_timestamp": "2012-04-13T21:46:40.025Z",
            "description": "\n    Returns True if the actor is the instructor manager for a product\n    line in which the actee is an instructor.\n\n    @param actee      A user object that we are evaluation authorization for\n    ",
            "title": "constraint.actor_is_instructor_manager_of_actee",
            "name": "constraint.actor_is_instructor_manager_of_actee",
            "create_timestamp": "2012-04-13T21:46:40.025Z",
            "owner": null,
            "final_type": [
                "pr_services",
                "accheckmethod"
            ]
        }
    },
    {
        "pk": 7,
        "model": "pr_services.accheckmethod",
        "fields": {
            "save_timestamp": "2012-04-13T21:46:40.028Z",
            "description": "\n    Returns True if the actor is the user who created the venue, which is discovered by\n    examining the venue's blame\n    ",
            "title": "constraint.actor_is_venue_creator",
            "name": "constraint.actor_is_venue_creator",
            "create_timestamp": "2012-04-13T21:46:40.028Z",
            "owner": null,
            "final_type": [
                "pr_services",
                "accheckmethod"
            ]
        }
    },
    {
        "pk": 8,
        "model": "pr_services.accheckmethod",
        "fields": {
            "save_timestamp": "2012-04-13T21:46:40.030Z",
            "description": "\n    Returns True if the actor's status is equal to the specified status.\n\n    @param actee    Not used by this method\n    @type actee     user\n    @param status   The status value that we want to know if the user has or not\n    @type status    string\n    @return         True if the actor's status is equal to the specified status, false otherwise.\n    ",
            "title": "constraint.actor_status_check",
            "name": "constraint.actor_status_check",
            "create_timestamp": "2012-04-13T21:46:40.030Z",
            "owner": null,
            "final_type": [
                "pr_services",
                "accheckmethod"
            ]
        }
    },
    {
        "pk": 9,
        "model": "pr_services.accheckmethod",
        "fields": {
            "save_timestamp": "2012-04-13T21:46:40.033Z",
            "description": "\n    Does nothing if the ExamSession does not have any answered questions\n    or ratings.  That allows us to use the same ACL to allow creation of\n    an ExamSession and allow reading results.  Returns True if the\n    ExamSession has been finished, else False.\n\n    @param actee      Instance of ExamSession\n    ",
            "title": "constraint.populated_exam_session_is_finished",
            "name": "constraint.populated_exam_session_is_finished",
            "create_timestamp": "2012-04-13T21:46:40.033Z",
            "owner": null,
            "final_type": [
                "pr_services",
                "accheckmethod"
            ]
        }
    },
    {
        "pk": 10,
        "model": "pr_services.accheckmethod",
        "fields": {
            "save_timestamp": "2012-04-13T21:46:40.035Z",
            "description": "\n    Returns True iff the session_user_role associate with the actee is the same as the\n    session_user_role specified by the parameter session_user_role.\n    ",
            "title": "constraint.surr_is_of_a_particular_sur",
            "name": "constraint.surr_is_of_a_particular_sur",
            "create_timestamp": "2012-04-13T21:46:40.035Z",
            "owner": null,
            "final_type": [
                "pr_services",
                "accheckmethod"
            ]
        }
    },
    {
        "pk": 11,
        "model": "pr_services.accheckmethod",
        "fields": {
            "save_timestamp": "2012-04-13T21:46:40.038Z",
            "description": "\n    Returns True iff the actor is assigned to the CurriculumEnrollment\n    ",
            "title": "assignment.actor_assigned_to_curriculum_enrollment",
            "name": "assignment.actor_assigned_to_curriculum_enrollment",
            "create_timestamp": "2012-04-13T21:46:40.038Z",
            "owner": null,
            "final_type": [
                "pr_services",
                "accheckmethod"
            ]
        }
    },
    {
        "pk": 12,
        "model": "pr_services.accheckmethod",
        "fields": {
            "save_timestamp": "2012-04-13T21:46:40.041Z",
            "description": "\n    Returns True if the actor is assigned to a session for the\n    actee (an `Event` object).\n    ",
            "title": "assignment.actor_assigned_to_event_session",
            "name": "assignment.actor_assigned_to_event_session",
            "create_timestamp": "2012-04-13T21:46:40.041Z",
            "owner": null,
            "final_type": [
                "pr_services",
                "accheckmethod"
            ]
        }
    },
    {
        "pk": 13,
        "model": "pr_services.accheckmethod",
        "fields": {
            "save_timestamp": "2012-04-13T21:46:40.044Z",
            "description": "\n    Returns True iff the actor has an assignment for this session\n    ",
            "title": "assignment.actor_assigned_to_session",
            "name": "assignment.actor_assigned_to_session",
            "create_timestamp": "2012-04-13T21:46:40.044Z",
            "owner": null,
            "final_type": [
                "pr_services",
                "accheckmethod"
            ]
        }
    },
    {
        "pk": 14,
        "model": "pr_services.accheckmethod",
        "fields": {
            "save_timestamp": "2012-04-13T21:46:40.047Z",
            "description": "\n    Returns True iff the actor has completed all of the prerequisite tasks\n    for the task being queried.\n    ",
            "title": "assignment.actor_has_completed_assignment_prerequisites",
            "name": "assignment.actor_has_completed_assignment_prerequisites",
            "create_timestamp": "2012-04-13T21:46:40.047Z",
            "owner": null,
            "final_type": [
                "pr_services",
                "accheckmethod"
            ]
        }
    },
    {
        "pk": 15,
        "model": "pr_services.accheckmethod",
        "fields": {
            "save_timestamp": "2012-04-13T21:46:40.049Z",
            "description": "\n    Returns True iff the actor has completed all of the prerequisite tasks for the task being queried.\n    ",
            "title": "assignment.actor_has_completed_task_prerequisites",
            "name": "assignment.actor_has_completed_task_prerequisites",
            "create_timestamp": "2012-04-13T21:46:40.049Z",
            "owner": null,
            "final_type": [
                "pr_services",
                "accheckmethod"
            ]
        }
    },
    {
        "pk": 16,
        "model": "pr_services.accheckmethod",
        "fields": {
            "save_timestamp": "2012-04-13T21:46:40.052Z",
            "description": "\n    Returns True iff the assignment_attempt's dates meet the restrictions\n    defined on the Assignment\n    ",
            "title": "assignment.assignment_attempt_meets_date_restrictions",
            "name": "assignment.assignment_attempt_meets_date_restrictions",
            "create_timestamp": "2012-04-13T21:46:40.052Z",
            "owner": null,
            "final_type": [
                "pr_services",
                "accheckmethod"
            ]
        }
    },
    {
        "pk": 17,
        "model": "pr_services.accheckmethod",
        "fields": {
            "save_timestamp": "2012-04-13T21:46:40.055Z",
            "description": "\n    Returns True iff the assignment_attempt's prerequisites have been met\n    ",
            "title": "assignment.assignment_attempt_prerequisites_met",
            "name": "assignment.assignment_attempt_prerequisites_met",
            "create_timestamp": "2012-04-13T21:46:40.055Z",
            "owner": null,
            "final_type": [
                "pr_services",
                "accheckmethod"
            ]
        }
    },
    {
        "pk": 18,
        "model": "pr_services.accheckmethod",
        "fields": {
            "save_timestamp": "2012-04-13T21:46:40.058Z",
            "description": "\n    Returns True iff the assignment's prerequisites have been met\n    ",
            "title": "assignment.assignment_prerequisites_met",
            "name": "assignment.assignment_prerequisites_met",
            "create_timestamp": "2012-04-13T21:46:40.058Z",
            "owner": null,
            "final_type": [
                "pr_services",
                "accheckmethod"
            ]
        }
    },
    {
        "pk": 19,
        "model": "pr_services.accheckmethod",
        "fields": {
            "save_timestamp": "2012-04-13T21:46:40.060Z",
            "description": "\n    Returns true if the assignment is at a venue that matches the actor's\n    preferred venue\n\n    @param actee      Instance of Assignment\n    ",
            "title": "assignment.assignment_venue_matches_actor_preferred_venue",
            "name": "assignment.assignment_venue_matches_actor_preferred_venue",
            "create_timestamp": "2012-04-13T21:46:40.060Z",
            "owner": null,
            "final_type": [
                "pr_services",
                "accheckmethod"
            ]
        }
    },
    {
        "pk": 20,
        "model": "pr_services.accheckmethod",
        "fields": {
            "save_timestamp": "2012-04-13T21:46:40.063Z",
            "description": "\n    Returns true if the actor is a product line manager for the given product line.\n\n    @param actee      Instance of product_line\n    ",
            "title": "product_line.actor_is_product_line_manager_of_product_line",
            "name": "product_line.actor_is_product_line_manager_of_product_line",
            "create_timestamp": "2012-04-13T21:46:40.063Z",
            "owner": null,
            "final_type": [
                "pr_services",
                "accheckmethod"
            ]
        }
    },
    {
        "pk": 21,
        "model": "pr_services.accheckmethod",
        "fields": {
            "save_timestamp": "2012-04-13T21:46:40.066Z",
            "description": "\n    Returns true if the actor is a product line manager for the given session.\n\n    @param actee      Instance of session\n    ",
            "title": "product_line.actor_is_product_line_manager_of_session",
            "name": "product_line.actor_is_product_line_manager_of_session",
            "create_timestamp": "2012-04-13T21:46:40.066Z",
            "owner": null,
            "final_type": [
                "pr_services",
                "accheckmethod"
            ]
        }
    },
    {
        "pk": 22,
        "model": "pr_services.accheckmethod",
        "fields": {
            "save_timestamp": "2012-04-13T21:46:40.068Z",
            "description": "\n    Returns true if the actor is a product line manager for the given session_template\n\n    @param actee      Instance of session_template\n    ",
            "title": "product_line.actor_is_product_line_manager_of_session_template",
            "name": "product_line.actor_is_product_line_manager_of_session_template",
            "create_timestamp": "2012-04-13T21:46:40.068Z",
            "owner": null,
            "final_type": [
                "pr_services",
                "accheckmethod"
            ]
        }
    },
    {
        "pk": 23,
        "model": "pr_services.accheckmethod",
        "fields": {
            "save_timestamp": "2012-04-13T21:46:40.071Z",
            "description": "\n    Returns True if the actor is the product line manager for a\n    product line in which the actee is an instructor.\n\n    @param actee      A user object that we are evaluation authorization for\n    ",
            "title": "product_line.actor_is_product_line_manager_of_user",
            "name": "product_line.actor_is_product_line_manager_of_user",
            "create_timestamp": "2012-04-13T21:46:40.071Z",
            "owner": null,
            "final_type": [
                "pr_services",
                "accheckmethod"
            ]
        }
    },
    {
        "pk": 24,
        "model": "pr_services.accheckmethod",
        "fields": {
            "save_timestamp": "2012-04-13T21:46:40.074Z",
            "description": "method.actor_has_orgrole",
            "title": "method.actor_has_orgrole",
            "name": "method.actor_has_orgrole",
            "create_timestamp": "2012-04-13T21:46:40.074Z",
            "owner": null,
            "final_type": [
                "pr_services",
                "accheckmethod"
            ]
        }
    },
    {
        "pk": 25,
        "model": "pr_services.accheckmethod",
        "fields": {
            "save_timestamp": "2012-04-13T21:46:40.077Z",
            "description": "Returns True if the actor is an authenticated user.",
            "title": "method.actor_is_authenticated",
            "name": "method.actor_is_authenticated",
            "create_timestamp": "2012-04-13T21:46:40.077Z",
            "owner": null,
            "final_type": [
                "pr_services",
                "accheckmethod"
            ]
        }
    },
    {
        "pk": 26,
        "model": "pr_services.accheckmethod",
        "fields": {
            "save_timestamp": "2012-04-13T21:46:40.080Z",
            "description": "Check that the caller has an OrgRole named `role_name`.",
            "title": "method.caller_has_orgrole",
            "name": "method.caller_has_orgrole",
            "create_timestamp": "2012-04-13T21:46:40.080Z",
            "owner": null,
            "final_type": [
                "pr_services",
                "accheckmethod"
            ]
        }
    },
    {
        "pk": 27,
        "model": "pr_services.accheckmethod",
        "fields": {
            "save_timestamp": "2012-04-13T21:46:40.082Z",
            "description": "\n    Return True if a method call is being authorized and the user is\n    authenticated. Use this for allowing access to methods when the only\n    requirement is that the user of the role be logged in.\n    ",
            "title": "method.caller_is_authenticated",
            "name": "method.caller_is_authenticated",
            "create_timestamp": "2012-04-13T21:46:40.082Z",
            "owner": null,
            "final_type": [
                "pr_services",
                "accheckmethod"
            ]
        }
    },
    {
        "pk": 28,
        "model": "pr_services.accheckmethod",
        "fields": {
            "save_timestamp": "2012-04-13T21:46:40.085Z",
            "description": "Check that an instructor can send email to task assignees.\n\n    This authorizes a method call which has a `task_id` argument.\n    ",
            "title": "method.instructor_can_email_task_assignees",
            "name": "method.instructor_can_email_task_assignees",
            "create_timestamp": "2012-04-13T21:46:40.085Z",
            "owner": null,
            "final_type": [
                "pr_services",
                "accheckmethod"
            ]
        }
    },
    {
        "pk": 29,
        "model": "pr_services.accheckmethod",
        "fields": {
            "save_timestamp": "2012-04-13T21:46:40.087Z",
            "description": "auth.actor_is_anybody",
            "title": "auth.actor_is_anybody",
            "name": "auth.actor_is_anybody",
            "create_timestamp": "2012-04-13T21:46:40.087Z",
            "owner": null,
            "final_type": [
                "pr_services",
                "accheckmethod"
            ]
        }
    },
    {
        "pk": 30,
        "model": "pr_services.accheckmethod",
        "fields": {
            "save_timestamp": "2012-04-13T21:46:40.090Z",
            "description": "Returns True if the actor is an authenticated user.",
            "title": "auth.actor_is_authenticated",
            "name": "auth.actor_is_authenticated",
            "create_timestamp": "2012-04-13T21:46:40.090Z",
            "owner": null,
            "final_type": [
                "pr_services",
                "accheckmethod"
            ]
        }
    },
    {
        "pk": 31,
        "model": "pr_services.accheckmethod",
        "fields": {
            "save_timestamp": "2012-04-13T21:46:40.093Z",
            "description": "Returns True if the actor is a guest.",
            "title": "auth.actor_is_guest",
            "name": "auth.actor_is_guest",
            "create_timestamp": "2012-04-13T21:46:40.092Z",
            "owner": null,
            "final_type": [
                "pr_services",
                "accheckmethod"
            ]
        }
    },
    {
        "pk": 32,
        "model": "pr_services.accheckmethod",
        "fields": {
            "save_timestamp": "2012-04-13T21:46:40.096Z",
            "description": "Returns True iff the actor is the owner of the AchievementAward",
            "title": "ownership.actor_owns_achievement_award",
            "name": "ownership.actor_owns_achievement_award",
            "create_timestamp": "2012-04-13T21:46:40.096Z",
            "owner": null,
            "final_type": [
                "pr_services",
                "accheckmethod"
            ]
        }
    },
    {
        "pk": 33,
        "model": "pr_services.accheckmethod",
        "fields": {
            "save_timestamp": "2012-04-13T21:46:40.099Z",
            "description": "\n    Returns True iff the actor is the owner of an AchievementAward for the\n    Achievement.\n    ",
            "title": "ownership.actor_owns_achievement_award_for_achievement",
            "name": "ownership.actor_owns_achievement_award_for_achievement",
            "create_timestamp": "2012-04-13T21:46:40.099Z",
            "owner": null,
            "final_type": [
                "pr_services",
                "accheckmethod"
            ]
        }
    },
    {
        "pk": 34,
        "model": "pr_services.accheckmethod",
        "fields": {
            "save_timestamp": "2012-04-13T21:46:40.101Z",
            "description": "\n    Returns True if the address object is either the user's\n    shipping or billing address, False otherwise.\n\n    @param actee  The address object in question\n    ",
            "title": "ownership.actor_owns_address",
            "name": "ownership.actor_owns_address",
            "create_timestamp": "2012-04-13T21:46:40.101Z",
            "owner": null,
            "final_type": [
                "pr_services",
                "accheckmethod"
            ]
        }
    },
    {
        "pk": 35,
        "model": "pr_services.accheckmethod",
        "fields": {
            "save_timestamp": "2012-04-13T21:46:40.104Z",
            "description": "Returns True iff the actor is the owner of the Assignment.",
            "title": "ownership.actor_owns_assignment",
            "name": "ownership.actor_owns_assignment",
            "create_timestamp": "2012-04-13T21:46:40.104Z",
            "owner": null,
            "final_type": [
                "pr_services",
                "accheckmethod"
            ]
        }
    },
    {
        "pk": 36,
        "model": "pr_services.accheckmethod",
        "fields": {
            "save_timestamp": "2012-04-13T21:46:40.107Z",
            "description": "\n    Returns True iff the actor is the owner of the Assignment\n    ",
            "title": "ownership.actor_owns_assignment_attempt",
            "name": "ownership.actor_owns_assignment_attempt",
            "create_timestamp": "2012-04-13T21:46:40.107Z",
            "owner": null,
            "final_type": [
                "pr_services",
                "accheckmethod"
            ]
        }
    },
    {
        "pk": 37,
        "model": "pr_services.accheckmethod",
        "fields": {
            "save_timestamp": "2012-04-13T21:46:40.110Z",
            "description": "Returns True iff actor owns an assignment for the given task.",
            "title": "ownership.actor_owns_assignment_for_task",
            "name": "ownership.actor_owns_assignment_for_task",
            "create_timestamp": "2012-04-13T21:46:40.110Z",
            "owner": null,
            "final_type": [
                "pr_services",
                "accheckmethod"
            ]
        }
    },
    {
        "pk": 38,
        "model": "pr_services.accheckmethod",
        "fields": {
            "save_timestamp": "2012-04-13T21:46:40.112Z",
            "description": "\n    Returns True if the actor is the owner of the Assignment, or if the\n    actor is a guest and the Assignment doesn't have a user @check\ndefined.\n    ",
            "title": "ownership.actor_owns_assignment_or_is_guest",
            "name": "ownership.actor_owns_assignment_or_is_guest",
            "create_timestamp": "2012-04-13T21:46:40.112Z",
            "owner": null,
            "final_type": [
                "pr_services",
                "accheckmethod"
            ]
        }
    },
    {
        "pk": 39,
        "model": "pr_services.accheckmethod",
        "fields": {
            "save_timestamp": "2012-04-13T21:46:40.115Z",
            "description": "\n    Returns True iff the actor is the owner of the Credential\n    ",
            "title": "ownership.actor_owns_credential",
            "name": "ownership.actor_owns_credential",
            "create_timestamp": "2012-04-13T21:46:40.115Z",
            "owner": null,
            "final_type": [
                "pr_services",
                "accheckmethod"
            ]
        }
    },
    {
        "pk": 40,
        "model": "pr_services.accheckmethod",
        "fields": {
            "save_timestamp": "2012-04-13T21:46:40.118Z",
            "description": "\n    Returns true if the actor is the owner of an event.\n    ",
            "title": "ownership.actor_owns_event",
            "name": "ownership.actor_owns_event",
            "create_timestamp": "2012-04-13T21:46:40.118Z",
            "owner": null,
            "final_type": [
                "pr_services",
                "accheckmethod"
            ]
        }
    },
    {
        "pk": 41,
        "model": "pr_services.accheckmethod",
        "fields": {
            "save_timestamp": "2012-04-13T21:46:40.120Z",
            "description": "\n    Returns true if the actor owns the payment.\n\n    @param actee      Instance of a purchase_order\n    ",
            "title": "ownership.actor_owns_payment",
            "name": "ownership.actor_owns_payment",
            "create_timestamp": "2012-04-13T21:46:40.120Z",
            "owner": null,
            "final_type": [
                "pr_services",
                "accheckmethod"
            ]
        }
    },
    {
        "pk": 42,
        "model": "pr_services.accheckmethod",
        "fields": {
            "save_timestamp": "2012-04-13T21:46:40.123Z",
            "description": "\n    Returns True if the actor is the same User object as is listed in the\n    PRModel's owner field, or if the PRModel has None in its owner field.\n    ",
            "title": "ownership.actor_owns_prmodel",
            "name": "ownership.actor_owns_prmodel",
            "create_timestamp": "2012-04-13T21:46:40.123Z",
            "owner": null,
            "final_type": [
                "pr_services",
                "accheckmethod"
            ]
        }
    },
    {
        "pk": 43,
        "model": "pr_services.accheckmethod",
        "fields": {
            "save_timestamp": "2012-04-13T21:46:40.126Z",
            "description": "\n    Returns true if the actor owns the purchase order being accessed.\n\n    @param actee      Instance of a purchase_order\n    ",
            "title": "ownership.actor_owns_purchase_order",
            "name": "ownership.actor_owns_purchase_order",
            "create_timestamp": "2012-04-13T21:46:40.126Z",
            "owner": null,
            "final_type": [
                "pr_services",
                "accheckmethod"
            ]
        }
    },
    {
        "pk": 44,
        "model": "pr_services.accheckmethod",
        "fields": {
            "save_timestamp": "2012-04-13T21:46:40.129Z",
            "description": "\n    Returns True iff the QuestionResponse is for an ExamSession owned by the\n    actor.\n    ",
            "title": "ownership.actor_owns_question_response",
            "name": "ownership.actor_owns_question_response",
            "create_timestamp": "2012-04-13T21:46:40.129Z",
            "owner": null,
            "final_type": [
                "pr_services",
                "accheckmethod"
            ]
        }
    },
    {
        "pk": 45,
        "model": "pr_services.accheckmethod",
        "fields": {
            "save_timestamp": "2012-04-13T21:46:40.132Z",
            "description": "\n    Returns True if the actor owns the event associated with this session.\n    ",
            "title": "ownership.actor_owns_session",
            "name": "ownership.actor_owns_session",
            "create_timestamp": "2012-04-13T21:46:40.132Z",
            "owner": null,
            "final_type": [
                "pr_services",
                "accheckmethod"
            ]
        }
    },
    {
        "pk": 46,
        "model": "pr_services.accheckmethod",
        "fields": {
            "save_timestamp": "2012-04-13T21:46:40.134Z",
            "description": "\n    Returns True if the session associated with the session_user_role_requirement is owned\n    by the actor\n    ",
            "title": "ownership.actor_owns_session_user_role_requirement",
            "name": "ownership.actor_owns_session_user_role_requirement",
            "create_timestamp": "2012-04-13T21:46:40.134Z",
            "owner": null,
            "final_type": [
                "pr_services",
                "accheckmethod"
            ]
        }
    },
    {
        "pk": 47,
        "model": "pr_services.accheckmethod",
        "fields": {
            "save_timestamp": "2012-04-13T21:46:40.137Z",
            "description": "\n    Returns true if the actor owns the purchase order being accessed.\n\n    @param actee      Instance of a purchase_order\n    ",
            "title": "ownership.actor_owns_training_unit_authorization",
            "name": "ownership.actor_owns_training_unit_authorization",
            "create_timestamp": "2012-04-13T21:46:40.137Z",
            "owner": null,
            "final_type": [
                "pr_services",
                "accheckmethod"
            ]
        }
    },
    {
        "pk": 48,
        "model": "pr_services.accheckmethod",
        "fields": {
            "save_timestamp": "2012-04-13T21:46:40.140Z",
            "description": "\n    Returns true if the purchase order being accessed has no payments.\n\n    @param actee      Instance of a purchase_order\n    ",
            "title": "payment.purchase_order_has_no_payments",
            "name": "payment.purchase_order_has_no_payments",
            "create_timestamp": "2012-04-13T21:46:40.140Z",
            "owner": null,
            "final_type": [
                "pr_services",
                "accheckmethod"
            ]
        }
    },
    {
        "pk": 49,
        "model": "pr_services.accheckmethod",
        "fields": {
            "save_timestamp": "2012-04-13T21:46:40.143Z",
            "description": "\n    Returns true if the purchase order being accessed has at least one payment.\n\n    @param actee      Instance of a purchase_order\n    ",
            "title": "payment.purchase_order_has_payments",
            "name": "payment.purchase_order_has_payments",
            "create_timestamp": "2012-04-13T21:46:40.143Z",
            "owner": null,
            "final_type": [
                "pr_services",
                "accheckmethod"
            ]
        }
    },
    {
        "pk": 50,
        "model": "pr_services.accheckmethod",
        "fields": {
            "save_timestamp": "2012-04-13T21:46:40.146Z",
            "description": "\n    Returns true if the refund does not put the total amount of\n    refunds for a particular payment over the value of the payment.\n\n    @param actee      Instance of refund\n    ",
            "title": "payment.refund_does_not_exceed_payment",
            "name": "payment.refund_does_not_exceed_payment",
            "create_timestamp": "2012-04-13T21:46:40.146Z",
            "owner": null,
            "final_type": [
                "pr_services",
                "accheckmethod"
            ]
        }
    },
    {
        "pk": 51,
        "model": "pr_services.accheckmethod",
        "fields": {
            "save_timestamp": "2012-04-13T21:46:40.150Z",
            "description": "membership.orgrole.actor_has_orgrole",
            "title": "membership.orgrole.actor_has_orgrole",
            "name": "membership.orgrole.actor_has_orgrole",
            "create_timestamp": "2012-04-13T21:46:40.149Z",
            "owner": null,
            "final_type": [
                "pr_services",
                "accheckmethod"
            ]
        }
    },
    {
        "pk": 52,
        "model": "pr_services.accheckmethod",
        "fields": {
            "save_timestamp": "2012-04-13T21:46:40.154Z",
            "description": "\n    Returns True if the actor has the specified OrgRole for the\n    organization and the actee is an `Achievement` object. False otherwise.\n    ",
            "title": "membership.orgrole.actor_has_role_for_achievement",
            "name": "membership.orgrole.actor_has_role_for_achievement",
            "create_timestamp": "2012-04-13T21:46:40.154Z",
            "owner": null,
            "final_type": [
                "pr_services",
                "accheckmethod"
            ]
        }
    },
    {
        "pk": 53,
        "model": "pr_services.accheckmethod",
        "fields": {
            "save_timestamp": "2012-04-13T21:46:40.158Z",
            "description": "Returns True if the actor has the specified OrgRole named `role` for an\n    organization, and the actee is a member of the same organization or a\n    descendant organization.\n\n    This check supports ALL authorizable actee types for OrgRole privileges. It\n    may be desirable to exclude some specific types from this broad check. In\n    that case, such types can be specified in `excluded_types`.\n\n    Arguments:\n        auth_token: The user's auth token.\n        actee: The object being acted on.\n        role: The name of the OrgRole required for the actor.\n        excluded_types: A set of types that will NOT be checked by this method.\n        restricted_ops: A set of operations which will be checked by this\n                        method.\n    ",
            "title": "membership.orgrole.actor_has_role_for_actee",
            "name": "membership.orgrole.actor_has_role_for_actee",
            "create_timestamp": "2012-04-13T21:46:40.158Z",
            "owner": null,
            "final_type": [
                "pr_services",
                "accheckmethod"
            ]
        }
    },
    {
        "pk": 54,
        "model": "pr_services.accheckmethod",
        "fields": {
            "save_timestamp": "2012-04-13T21:46:40.161Z",
            "description": "\n    Returns True if the actor has the specified OrgRole for the\n    organization to which the actee (an `Assignment` object) belongs.\n    False otherwise.\n    ",
            "title": "membership.orgrole.actor_has_role_for_assignment",
            "name": "membership.orgrole.actor_has_role_for_assignment",
            "create_timestamp": "2012-04-13T21:46:40.161Z",
            "owner": null,
            "final_type": [
                "pr_services",
                "accheckmethod"
            ]
        }
    },
    {
        "pk": 55,
        "model": "pr_services.accheckmethod",
        "fields": {
            "save_timestamp": "2012-04-13T21:46:40.163Z",
            "description": "\n    Returns True if the actor has the specified OrgRole for the organization\n    to which the actee (a `Credential` object) belongs. False Otherwise.\n    ",
            "title": "membership.orgrole.actor_has_role_for_credential",
            "name": "membership.orgrole.actor_has_role_for_credential",
            "create_timestamp": "2012-04-13T21:46:40.163Z",
            "owner": null,
            "final_type": [
                "pr_services",
                "accheckmethod"
            ]
        }
    },
    {
        "pk": 56,
        "model": "pr_services.accheckmethod",
        "fields": {
            "save_timestamp": "2012-04-13T21:46:40.166Z",
            "description": "\n    Returns True if the actee is a `CredentialType` object and the actor has\n    the role in question. Support for differentiating Credential types by\n    Organization *may* be implemented in the future.\n    ",
            "title": "membership.orgrole.actor_has_role_for_credential_type",
            "name": "membership.orgrole.actor_has_role_for_credential_type",
            "create_timestamp": "2012-04-13T21:46:40.166Z",
            "owner": null,
            "final_type": [
                "pr_services",
                "accheckmethod"
            ]
        }
    },
    {
        "pk": 57,
        "model": "pr_services.accheckmethod",
        "fields": {
            "save_timestamp": "2012-04-13T21:46:40.168Z",
            "description": "\n    Returns True if the actor has the specified OrgRole for the\n    organization to which the actee (a `CurriculumTaskAssignment`\n    object) belongs. False otherwise\n    ",
            "title": "membership.orgrole.actor_has_role_for_curriculum_task_assoc",
            "name": "membership.orgrole.actor_has_role_for_curriculum_task_assoc",
            "create_timestamp": "2012-04-13T21:46:40.168Z",
            "owner": null,
            "final_type": [
                "pr_services",
                "accheckmethod"
            ]
        }
    },
    {
        "pk": 58,
        "model": "pr_services.accheckmethod",
        "fields": {
            "save_timestamp": "2012-04-13T21:46:40.171Z",
            "description": "\n    Returns True if the actor has the specified OrgRole for the\n    organization to which the actee (a `CurriculumEnrollment` object)\n    belongs. False otherwise.\n    ",
            "title": "membership.orgrole.actor_has_role_for_enrollment",
            "name": "membership.orgrole.actor_has_role_for_enrollment",
            "create_timestamp": "2012-04-13T21:46:40.171Z",
            "owner": null,
            "final_type": [
                "pr_services",
                "accheckmethod"
            ]
        }
    },
    {
        "pk": 59,
        "model": "pr_services.accheckmethod",
        "fields": {
            "save_timestamp": "2012-04-13T21:46:40.174Z",
            "description": "membership.orgrole.actor_has_role_for_enrollment_association",
            "title": "membership.orgrole.actor_has_role_for_enrollment_association",
            "name": "membership.orgrole.actor_has_role_for_enrollment_association",
            "create_timestamp": "2012-04-13T21:46:40.174Z",
            "owner": null,
            "final_type": [
                "pr_services",
                "accheckmethod"
            ]
        }
    },
    {
        "pk": 60,
        "model": "pr_services.accheckmethod",
        "fields": {
            "save_timestamp": "2012-04-13T21:46:40.177Z",
            "description": "\n    Returns True if the actor has the specified OrgRole for the\n    organization which owns the actee, an `Answer` object.\n    False otherwise.\n    ",
            "title": "membership.orgrole.actor_has_role_for_exam_answer",
            "name": "membership.orgrole.actor_has_role_for_exam_answer",
            "create_timestamp": "2012-04-13T21:46:40.177Z",
            "owner": null,
            "final_type": [
                "pr_services",
                "accheckmethod"
            ]
        }
    },
    {
        "pk": 61,
        "model": "pr_services.accheckmethod",
        "fields": {
            "save_timestamp": "2012-04-13T21:46:40.180Z",
            "description": "\n    Returns True if the actor has the specified OrgRole for the\n    organization which owns the actee (a `Question` or `QuestionPool`\n    object). False otherwise.\n    ",
            "title": "membership.orgrole.actor_has_role_for_exam_question",
            "name": "membership.orgrole.actor_has_role_for_exam_question",
            "create_timestamp": "2012-04-13T21:46:40.180Z",
            "owner": null,
            "final_type": [
                "pr_services",
                "accheckmethod"
            ]
        }
    },
    {
        "pk": 62,
        "model": "pr_services.accheckmethod",
        "fields": {
            "save_timestamp": "2012-04-13T21:46:40.185Z",
            "description": "\n    Return True if the actor has the specified OrgRole for the Group. Currently\n    this always returns True since a Group is not associated with any particular\n    organization.\n    ",
            "title": "membership.orgrole.actor_has_role_for_group",
            "name": "membership.orgrole.actor_has_role_for_group",
            "create_timestamp": "2012-04-13T21:46:40.184Z",
            "owner": null,
            "final_type": [
                "pr_services",
                "accheckmethod"
            ]
        }
    },
    {
        "pk": 63,
        "model": "pr_services.accheckmethod",
        "fields": {
            "save_timestamp": "2012-04-13T21:46:40.189Z",
            "description": "\n    Return True if the actor has the specified OrgRole for any\n    organization at all.\n    ",
            "title": "membership.orgrole.actor_has_role_for_organization",
            "name": "membership.orgrole.actor_has_role_for_organization",
            "create_timestamp": "2012-04-13T21:46:40.189Z",
            "owner": null,
            "final_type": [
                "pr_services",
                "accheckmethod"
            ]
        }
    },
    {
        "pk": 64,
        "model": "pr_services.accheckmethod",
        "fields": {
            "save_timestamp": "2012-04-13T21:46:40.192Z",
            "description": "\n    Returns True if the actor has the specified OrgRole for the\n    organization which owns the actee (a `Resource` object). False\n    otherwise.\n    ",
            "title": "membership.orgrole.actor_has_role_for_resource",
            "name": "membership.orgrole.actor_has_role_for_resource",
            "create_timestamp": "2012-04-13T21:46:40.192Z",
            "owner": null,
            "final_type": [
                "pr_services",
                "accheckmethod"
            ]
        }
    },
    {
        "pk": 65,
        "model": "pr_services.accheckmethod",
        "fields": {
            "save_timestamp": "2012-04-13T21:46:40.194Z",
            "description": "\n    Returns True if the actor has the specified OrgRole for the\n    organization to which the actee (a `Session` object) belongs. False\n    otherwise.\n    ",
            "title": "membership.orgrole.actor_has_role_for_session",
            "name": "membership.orgrole.actor_has_role_for_session",
            "create_timestamp": "2012-04-13T21:46:40.194Z",
            "owner": null,
            "final_type": [
                "pr_services",
                "accheckmethod"
            ]
        }
    },
    {
        "pk": 66,
        "model": "pr_services.accheckmethod",
        "fields": {
            "save_timestamp": "2012-04-13T21:46:40.197Z",
            "description": "\n    Return True if the actor has the specified OrgRole for a TaskFee object,\n    which is determined by whether or not the actor has this role for the\n    associated Task.\n    ",
            "title": "membership.orgrole.actor_has_role_for_task_fee",
            "name": "membership.orgrole.actor_has_role_for_task_fee",
            "create_timestamp": "2012-04-13T21:46:40.197Z",
            "owner": null,
            "final_type": [
                "pr_services",
                "accheckmethod"
            ]
        }
    },
    {
        "pk": 67,
        "model": "pr_services.accheckmethod",
        "fields": {
            "save_timestamp": "2012-04-13T21:46:40.200Z",
            "description": "\n    Returns True if the actor has the specified OrgRole for the\n    organization to which the actee (a `User` object) belongs. False\n    otherwise.\n    ",
            "title": "membership.orgrole.actor_has_role_for_user",
            "name": "membership.orgrole.actor_has_role_for_user",
            "create_timestamp": "2012-04-13T21:46:40.200Z",
            "owner": null,
            "final_type": [
                "pr_services",
                "accheckmethod"
            ]
        }
    },
    {
        "pk": 68,
        "model": "pr_services.accheckmethod",
        "fields": {
            "save_timestamp": "2012-04-13T21:46:40.202Z",
            "description": "\n    Returns True if the actor has the specified OrgRole for the same\n    organization as the actee (a `UserOrgRole` object) and the actee does not\n    belong to other organizations.\n    ",
            "title": "membership.orgrole.actor_has_role_for_userorgrole",
            "name": "membership.orgrole.actor_has_role_for_userorgrole",
            "create_timestamp": "2012-04-13T21:46:40.202Z",
            "owner": null,
            "final_type": [
                "pr_services",
                "accheckmethod"
            ]
        }
    },
    {
        "pk": 69,
        "model": "pr_services.accheckmethod",
        "fields": {
            "save_timestamp": "2012-04-13T21:46:40.205Z",
            "description": "\n    If the actee is in the group, the method returns True iff they are also\n    of the domain.  If they are not in the group, it will return False.\n\n    This is useful for making sure that participants who register themselves are\n    in a particular domain, such as 'constantcontact.com' for the Constant\n    Contact variant.\n\n    Note that returning False instead of True if the user is not a part of\n    the specified group is a different behavior from what the Constant\n    Contact variant does!\n\n    @param actee    The user object in question\n    @type actee     user\n    @param group_id The primary key of the group that the actee must be a member of\n    @param domain_id the primary key of the domain\n    ",
            "title": "membership.actee_is_in_group_and_domain",
            "name": "membership.actee_is_in_group_and_domain",
            "create_timestamp": "2012-04-13T21:46:40.205Z",
            "owner": null,
            "final_type": [
                "pr_services",
                "accheckmethod"
            ]
        }
    },
    {
        "pk": 70,
        "model": "pr_services.accheckmethod",
        "fields": {
            "save_timestamp": "2012-04-13T21:46:40.208Z",
            "description": "\n    Returns True if the actor is the manager of the group.\n\n    @param actee  Instance of a group\n    ",
            "title": "membership.actor_is_group_manager",
            "name": "membership.actor_is_group_manager",
            "create_timestamp": "2012-04-13T21:46:40.208Z",
            "owner": null,
            "final_type": [
                "pr_services",
                "accheckmethod"
            ]
        }
    },
    {
        "pk": 71,
        "model": "pr_services.accheckmethod",
        "fields": {
            "save_timestamp": "2012-04-13T21:46:40.211Z",
            "description": "Returns true if the actee is a group and the actor is a member thereof.",
            "title": "membership.actor_is_in_actee_which_is_a_group",
            "name": "membership.actor_is_in_actee_which_is_a_group",
            "create_timestamp": "2012-04-13T21:46:40.211Z",
            "owner": null,
            "final_type": [
                "pr_services",
                "accheckmethod"
            ]
        }
    },
    {
        "pk": 72,
        "model": "pr_services.accheckmethod",
        "fields": {
            "save_timestamp": "2012-04-13T21:46:40.214Z",
            "description": "\n    Returns True if the actee is an Organization and the actor belongs to that\n    organization.\n    ",
            "title": "membership.actor_is_in_actee_which_is_an_organization",
            "name": "membership.actor_is_in_actee_which_is_an_organization",
            "create_timestamp": "2012-04-13T21:46:40.214Z",
            "owner": null,
            "final_type": [
                "pr_services",
                "accheckmethod"
            ]
        }
    },
    {
        "pk": 73,
        "model": "pr_services.accheckmethod",
        "fields": {
            "save_timestamp": "2012-04-13T21:46:40.217Z",
            "description": "\n    Returns True if the actor is a member of the specified group, False otherwise.\n\n    @param actee      Not used by this method, but must be passed anyway as\n            per authorization system requirements\n    @param group_id   The primary key of the group we wish to test membership in\n    ",
            "title": "membership.actor_member_of_group",
            "name": "membership.actor_member_of_group",
            "create_timestamp": "2012-04-13T21:46:40.217Z",
            "owner": null,
            "final_type": [
                "pr_services",
                "accheckmethod"
            ]
        }
    },
    {
        "pk": 74,
        "model": "pr_services.accheckmethod",
        "fields": {
            "save_timestamp": "2012-04-13T21:46:40.220Z",
            "description": "\n    Returns True if the DomainAffiliation's 'user' attribute\n    references the actor\n\n    @param actee  The DomainAffiliation object in question\n    ",
            "title": "membership.actor_related_to_domain_affiliation",
            "name": "membership.actor_related_to_domain_affiliation",
            "create_timestamp": "2012-04-13T21:46:40.220Z",
            "owner": null,
            "final_type": [
                "pr_services",
                "accheckmethod"
            ]
        }
    },
    {
        "pk": 1,
        "model": "pr_services.acl",
        "fields": {
            "save_timestamp": "2012-04-13T21:46:40.257Z",
            "final_type": [
                "pr_services",
                "acl"
            ],
            "arbitrary_perm_list": "(lp1\nS'access_db_settings'\np2\naS'change_password_of_other_users'\np3\naS'check_usernames'\np4\naS'exceed_enrollment_capacity'\np5\naS'logging'\np6\naS'read_reports'\np7\naS'regenerate_payment_confirmations'\np8\naS'resend_payment_confirmations'\np9\naS'send_email'\np10\naS'upload_scorm_course'\np11\na.",
            "acl": "(dp1\nS'Group'\np2\n(dp3\nS'c'\nI01\nsS'r'\nc__builtin__\nset\np4\n((lp5\nS'save_timestamp'\np6\naS'name'\np7\naS'default'\np8\naS'notes'\np9\naS'create_timestamp'\np10\naS'content_type'\np11\naS'managers'\np12\naS'id'\np13\naS'categories'\np14\naS'users'\np15\natRp16\nsS'u'\ng4\n((lp17\ng12\nag7\nag8\nag9\nag14\nag15\natRp18\nsS'd'\nI01\nssS'ResourceType'\np19\n(dp20\nS'c'\nI01\nsS'r'\ng4\n((lp21\ng6\nag7\nag9\nag10\nag11\naS'sessiontemplateresourcetypereqs'\np22\nag13\naS'resources'\np23\naS'sessionresourcetyperequirements'\np24\natRp25\nsS'u'\ng4\n((lp26\ng9\nag24\nag7\nag23\nag22\natRp27\nsS'd'\nI01\nssS'CurriculumEnrollment'\np28\n(dp29\nS'c'\nI01\nsS'r'\ng4\n((lp30\ng6\nag15\naS'start'\np31\naS'curriculum_name'\np32\naS'curriculum'\np33\nag13\naS'assignments'\np34\nag10\nag11\naS'end'\np35\nag9\naS'user_completion_statuses'\np36\natRp37\nsS'u'\ng4\n((lp38\ng31\nag9\nag33\nag35\nag15\natRp39\nsS'd'\nI01\nssS'Note'\np40\n(dp41\nS'c'\nI01\nsS'r'\ng4\n((lp42\ng6\naS'text'\np43\nag10\nag11\nag13\natRp44\nsS'u'\ng4\n((lp45\ng43\natRp46\nsS'd'\nI01\nssS'Role'\np47\n(dp48\nS'c'\nI01\nsS'r'\ng4\n((lp49\nS'ac_check_methods'\np50\nag6\nag7\nag9\naS'acl'\np51\nag10\nag11\nag13\natRp52\nsS'u'\ng4\n((lp53\ng9\nag50\nag7\nag51\natRp54\nsS'd'\nI01\nssS'CSVData'\np55\n(dp56\nS'c'\nI01\nsS'r'\ng4\n((lp57\ng6\naS'id'\np58\naS'content_type'\np59\nag10\natRp60\nsS'u'\ng4\n((ltRp61\nsS'd'\nI01\nssS'Answer'\np62\n(dp63\nS'c'\nI01\nsS'r'\ng4\n((lp64\nS'correct'\np65\nag6\naS'responses'\np66\naS'end_question_pool'\np67\naS'next_question_pool'\np68\nag10\nag11\nag13\naS'text_response'\np69\nag7\nag9\naS'end_exam'\np70\naS'question'\np71\naS'value'\np72\naS'label'\np73\naS'order'\np74\natRp75\nsS'u'\ng4\n((lp76\ng69\nag67\nag66\nag9\nag70\nag71\nag68\nag72\nag73\nag74\nag65\nag7\natRp77\nsS'd'\nI01\nssS'Credential'\np78\n(dp79\nS'c'\nI01\nsS'r'\ng4\n((lp80\nS'status'\np81\nag6\naS'credential_type'\np82\nag9\naS'authority'\np83\naS'credential_type_name'\np84\naS'date_expires'\np85\nag10\nag11\naS'serial_number'\np86\naS'date_started'\np87\naS'date_granted'\np88\nag13\naS'date_assigned'\np89\naS'user'\np90\natRp91\nsS'u'\ng4\n((lp92\ng81\nag82\nag9\nag83\nag85\nag90\nag86\nag87\nag88\nag89\natRp93\nsS'd'\nI01\nssS'ProductClaim'\np94\n(dp95\nS'c'\nI01\nsS'r'\ng4\n((lp96\nS'product'\np97\nag6\naS'discounts'\np98\nag9\nag34\naS'purchase_order'\np99\naS'training_units_paid'\np100\nag10\nag11\nag13\naS'price_paid'\np101\naS'quantity'\np102\natRp103\nsS'u'\ng4\n((lp104\ng9\nag99\nag97\nag102\natRp105\nsS'd'\nI01\nssS'ProductLine'\np106\n(dp107\nS'c'\nI01\nsS'r'\ng4\n((lp108\ng6\nag7\nag9\naS'instructors'\np109\nag10\nag11\nag12\naS'instructor_managers'\np110\nag13\natRp111\nsS'u'\ng4\n((lp112\ng109\nag9\nag110\nag12\nag7\natRp113\nsS'd'\nI01\nssS'SessionUserRole'\np114\n(dp115\nS'c'\nI01\nsS'r'\ng4\n((lp116\ng6\nag7\naS'session_user_role_requirements'\np117\nag9\nag10\nag11\nag13\natRp118\nsS'u'\ng4\n((lp119\ng9\nag7\nag117\natRp120\nsS'd'\nI01\nssS'FormPage'\np121\n(dp122\nS'c'\nI01\nsS'r'\ng4\n((lp123\ng6\naS'exam'\np124\naS'photo'\np125\nag9\naS'number'\np126\nag10\nag11\naS'form_widgets'\np127\nag13\natRp128\nsS'u'\ng4\n((lp129\ng9\nag127\nag124\nag126\natRp130\nsS'd'\nI01\nssS'SessionUserRoleRequirement'\np131\n(dp132\nS'c'\nI01\nsS'r'\ng4\n((lp133\nS'achievements'\np134\nag6\nag15\naS'max'\np135\naS'prerequisite_tasks'\np136\naS'version_id'\np137\naS'session'\np138\naS'session_user_role'\np139\nag10\naS'version_label'\np140\naS'credential_types'\np141\naS'task_fees'\np142\nag13\naS'description'\np143\naS'yielded_tasks'\np144\nag7\naS'min'\np145\naS'prerequisite_achievements'\np146\nag9\naS'title'\np147\naS'version_comment'\np148\naS'role_name'\np149\nag11\naS'organization'\np150\naS'remaining_capacity'\np151\naS'ignore_room_capacity'\np152\naS'type'\np153\naS'prevent_duplicate_assignments'\np154\natRp155\nsS'u'\ng4\n((lp156\ng134\nag15\nag135\nag136\nag137\nag138\nag139\nag140\nag141\nag142\nag143\nag144\nag7\nag145\nag9\nag147\nag148\nag150\nag151\nag152\nag146\nag154\natRp157\nsS'd'\nI01\nssS'Assignment'\np158\n(dp159\nS'c'\nI01\nsS'r'\ng4\n((lp160\ng81\naS'due_date'\np161\nag6\nag83\naS'prerequisites_met'\np162\nag10\nag11\nag90\nag13\naS'achievement_awards'\np163\naS'task'\np164\naS'date_completed'\np165\naS'task_content_type'\np166\nag9\naS'effective_date_assigned'\np167\naS'status_change_log'\np168\nag86\nag87\naS'assignment_attempts'\np169\natRp170\nsS'u'\ng4\n((lp171\ng81\nag161\nag164\nag165\nag9\nag83\nag167\nag90\nag163\nag86\nag87\nag169\natRp172\nsS'd'\nI01\nssS'MessageType'\np173\n(dp174\nS'c'\nI01\nsS'r'\ng4\n((lp175\ng6\nag143\nag9\naS'enabled'\np176\nag13\nag10\nag11\naS'slug'\np177\nag7\natRp178\nsS'u'\ng4\n((lp179\ng9\nag177\natRp180\nsS'd'\nI01\nssS'User'\np181\n(dp182\nS'c'\nI01\nsS'r'\ng4\n((lp183\ng134\naS'product_lines_managed'\np184\naS'last_name'\np185\nag6\nag11\naS'is_staff'\np186\nag10\naS'full_name'\np187\naS'product_lines_instructor_manager_for'\np188\naS'email2'\np189\nag13\naS'biography'\np190\nag163\naS'alleged_organization'\np191\naS'first_name'\np192\naS'middle_name'\np193\naS'domain_affiliations'\np194\nag147\naS'enable_paypal'\np195\naS'product_lines_instructor_for'\np196\naS'email'\np197\nag81\naS'billing_address'\np198\naS'color_code'\np199\naS'default_username_and_domain'\np200\naS'phone3'\np201\naS'phone'\np202\naS'groups'\np203\naS'credentials'\np204\naS'owned_userorgroles'\np205\naS'preferred_venues'\np206\naS'photo_url'\np207\naS'username'\np208\naS'organizations'\np209\naS'roles'\np210\nag117\naS'url'\np211\nag9\naS'name_suffix'\np212\naS'completed_curriculum_enrollments'\np213\naS'suppress_emails'\np214\naS'incomplete_curriculum_enrollments'\np215\naS'paypal_address'\np216\naS'shipping_address'\np217\naS'domains'\np218\naS'phone2'\np219\natRp220\nsS'u'\ng4\n((lp221\ng81\nag134\nag185\nag199\nag219\nag201\nag202\nag186\nag203\nag204\nag189\nag190\nag207\nag163\nag209\nag192\nag193\nag210\nag147\nag191\nag9\nag212\nag195\nag211\nag214\nag206\nag216\nag217\nag198\nag197\natRp222\nsS'd'\nI01\nssS'FileUploadAttempt'\np223\n(dp224\nS'c'\nI01\nsS'r'\ng4\n((lp225\nS'file_upload'\np226\nag6\naS'deleted'\np227\naS'assignment'\np228\nag9\naS'file_url'\np229\naS'file_name'\np230\nag10\nag11\naS'file_size'\np231\nag165\nag87\nag13\nag90\natRp232\nsS'u'\ng4\n((lp233\ng227\nag9\nag165\nag87\natRp234\nsS'd'\nI01\nssS'Response'\np235\n(dp236\nS'c'\nI01\nsS'r'\ng4\n((lp237\ng6\naS'exam_session'\np238\nag9\nag71\nag72\nag13\naS'valid'\np239\naS'answers'\np240\nag11\nag43\nag65\nag10\natRp241\nsS'u'\ng4\n((lp242\ng9\natRp243\nsS'd'\nI01\nssS'ForumPost'\np244\n(dp245\nS'c'\nI01\nsS'r'\ng4\n((lp246\nS'body'\np247\nag6\naS'attachments'\np248\nag9\naS'topic'\np249\nag10\nag11\nag13\natRp250\nsS'u'\ng4\n((lp251\ng247\nag249\nag9\natRp252\nsS'd'\nI01\nssS'Task'\np253\n(dp254\nS'c'\nI01\nsS'r'\ng4\n((lp255\ng134\nag6\nag15\nag135\nag136\nag137\nag10\nag140\nag142\nag13\nag143\nag144\nag7\nag145\nag153\nag9\nag147\nag148\nag11\nag150\nag151\nag146\nag154\natRp256\nsS'u'\ng4\n((lp257\ng134\nag15\nag135\nag136\nag137\nag140\nag142\nag143\nag144\nag7\nag145\nag9\nag147\nag148\nag150\nag151\nag146\nag154\natRp258\nsS'd'\nI01\nssS'ScoSession'\np259\n(dp260\nS'c'\nI01\nsS'r'\ng4\n((lp261\nS'sco'\np262\nag6\nag11\naS'cmi_core_score_max'\np263\nag228\nag9\naS'cmi_core_lesson_status'\np264\nag13\nag10\naS'cmi_core_lesson_location'\np265\naS'cmi_core_score_min'\np266\nag165\nag87\naS'shared_object'\np267\natRp268\nsS'u'\ng4\n((lp269\ng9\nag165\nag87\natRp270\nsS'd'\nI01\nssS'TrainingUnitTransaction'\np271\n(dp272\nS'c'\nI01\nsS'r'\ng4\n((lp273\ng6\nag9\nag72\nag99\naS'training_unit_authorizations'\np274\nag10\nag11\naS'training_unit_account'\np275\nag13\natRp276\nsS'u'\ng4\n((lp277\ng9\nag274\nag275\nag99\natRp278\nsS'd'\nI01\nssS'TaskBundleTaskAssociation'\np279\n(dp280\nS'c'\nI01\nsS'r'\ng4\n((lp281\nS'task_bundle'\np282\nag164\nag6\naS'presentation_order'\np283\naS'continue_automatically'\np284\nag10\nag59\nag58\natRp285\nsS'u'\ng4\n((lp286\ng282\nag164\nag284\nag283\natRp287\nsS'd'\nI01\nssS'ConditionTestCollection'\np288\n(dp289\nS'c'\nI01\nsS'r'\ng4\n((lp290\ng6\nag7\nag9\nag10\nag11\naS'condition_tests'\np291\nag13\natRp292\nsS'u'\ng4\n((lp293\ng9\nag7\natRp294\nsS'd'\nI01\nssS'Region'\np295\n(dp296\nS'c'\nI01\nsS'r'\ng4\n((lp297\ng6\nag7\nag9\naS'venues'\np298\nag13\nag10\nag11\naS'events'\np299\natRp300\nsS'u'\ng4\n((lp301\ng9\nag299\nag298\nag7\natRp302\nsS'd'\nI01\nssS'Venue'\np303\n(dp304\nS'c'\nI01\nsS'r'\ng4\n((lp305\ng6\nag7\nag9\naS'hours_of_operation'\np306\nag299\nag202\naS'contact'\np307\nag10\nag11\naS'address'\np308\naS'owner'\np309\naS'blackout_periods'\np310\naS'region'\np311\nag13\naS'rooms'\np312\natRp313\nsS'u'\ng4\n((lp314\ng310\nag7\nag9\nag308\nag202\nag307\nag312\nag306\nag309\nag311\nag299\natRp315\nsS'd'\nI01\nssS'CredentialType'\np316\n(dp317\nS'c'\nI01\nsS'r'\ng4\n((lp318\nS'min_required_tasks'\np319\nag6\nag143\nag9\nag7\naS'prerequisite_credential_types'\np320\nag10\nag11\nag13\naS'required_achievements'\np321\natRp322\nsS'u'\ng4\n((lp323\ng319\nag143\nag7\nag320\nag9\nag321\natRp324\nsS'd'\nI01\nssS'SessionResourceTypeRequirement'\np325\n(dp326\nS'c'\nI01\nsS'r'\ng4\n((lp327\ng6\nag145\nag135\nag9\naS'resource_type'\np328\nag138\nag10\nag11\nag13\nag23\natRp329\nsS'u'\ng4\n((lp330\ng138\nag328\nag145\nag135\nag9\nag23\natRp331\nsS'd'\nI01\nssS'Question'\np332\n(dp333\nS'c'\nI01\nsS'r'\ng4\n((lp334\nS'rejoinder'\np335\naS'widget'\np336\nag6\nag66\naS'text_response_label'\np337\naS'max_value'\np338\naS'min_value'\np339\naS'max_answers'\np340\nag240\naS'question_pool'\np341\naS'min_answers'\np342\nag10\nag11\naS'help_text'\np343\nag13\nag69\naS'min_length'\np344\nag7\nag9\naS'required'\np345\nag73\naS'max_length'\np346\naS'question_type'\np347\naS'text_regex'\np348\nag74\nag90\natRp349\nsS'u'\ng4\n((lp350\ng335\nag336\nag66\nag337\nag338\nag339\nag340\nag240\nag341\nag342\nag90\nag343\nag69\nag344\nag7\nag9\nag345\nag73\nag346\nag347\nag348\nag74\natRp351\nsS'd'\nI01\nssS'OrgRole'\np352\n(dp353\nS'c'\nI01\nsS'r'\ng4\n((lp354\ng209\nag6\nag7\naS'user_org_roles'\np355\nag9\nag10\nag11\nag13\nag15\natRp356\nsS'u'\ng4\n((lp357\ng209\nag9\nag7\nag15\natRp358\nsS'd'\nI01\nssS'Organization'\np359\n(dp360\nS'c'\nI01\nsS'r'\ng4\n((lp361\ng6\nag355\naS'primary_contact_cell_phone'\np362\nag10\naS'primary_contact_first_name'\np363\nag13\nag15\naS'use_external_uid'\np364\naS'external_uid'\np365\naS'ancestors'\np366\naS'org_email_domains'\np367\naS'primary_contact_email'\np368\naS'children'\np369\naS'training_unit_accounts'\np370\naS'department'\np371\nag197\naS'fax'\np372\nag143\naS'parent'\np373\naS'descendants'\np374\naS'purchase_orders'\np375\naS'primary_contact_other_phone'\np376\nag202\nag11\nag308\nag207\nag7\nag210\naS'primary_contact_office_phone'\np377\nag211\nag9\naS'primary_contact_last_name'\np378\natRp379\nsS'u'\ng4\n((lp380\ng372\nag143\nag373\nag362\nag364\nag376\nag202\nag308\nag363\nag15\nag365\nag7\nag210\nag377\nag211\nag9\nag368\nag378\nag371\nag207\nag197\natRp381\nsS'd'\nI01\nssS'ExamManager'\np382\n(dp383\nS'methods'\np384\ng4\n((lp385\nS'create_from_xml'\np386\naS'export_to_xml'\np387\natRp388\nssS'CustomAction'\np389\n(dp390\nS'c'\nI01\nsS'r'\ng4\n((lp391\ng6\nag143\nag9\nag7\nag10\nag11\nag13\naS'function_name'\np392\natRp393\nsS'u'\ng4\n((lp394\ng9\nag143\nag7\nag392\natRp395\nsS'd'\nI01\nssS'Refund'\np396\n(dp397\nS'c'\nI01\nsS'r'\ng4\n((lp398\ng6\nag58\nag59\nag10\natRp399\nsS'u'\ng4\n((ltRp400\nsS'd'\nI00\nssS'OrgEmailDomain'\np401\n(dp402\nS'c'\nI01\nsS'r'\ng4\n((lp403\ng150\nag6\nag9\naS'effective_role_name'\np404\naS'role'\np405\nag10\nag11\naS'email_domain'\np406\naS'effective_role'\np407\nag13\natRp408\nsS'u'\ng4\n((lp409\ng150\nag9\nag405\nag406\natRp410\nsS'd'\nI01\nssS'MessageFormat'\np411\n(dp412\nS'c'\nI01\nsS'r'\ng4\n((lp413\ng6\nag10\nag11\nag9\nag13\nag177\natRp414\nsS'u'\ng4\n((lp415\ng9\natRp416\nsS'd'\nI01\nssS'SessionTemplate'\np417\n(dp418\nS'c'\nI01\nsS'r'\ng4\n((lp419\ng6\nag143\naS'sequence'\np420\naS'price'\np421\naS'duration'\np422\nag10\nag11\naS'active'\np423\nag13\naS'product_line'\np424\naS'event_template'\np425\nag9\naS'sessions'\np426\naS'session_template_resource_type_requirements'\np427\naS'modality'\np428\naS'audience'\np429\naS'version'\np430\naS'session_template_user_role_requirements'\np431\naS'shortname'\np432\naS'fullname'\np433\naS'lead_time'\np434\natRp435\nsS'u'\ng4\n((lp436\ng143\nag420\nag421\nag422\nag423\nag428\nag424\nag425\nag9\nag426\nag427\nag429\nag430\nag431\nag432\nag433\nag434\natRp437\nsS'd'\nI01\nssS'CurriculumEnrollmentUserAssociation'\np438\n(dp439\nS'c'\nI01\nsS'r'\ng4\n((lp440\ng6\nag10\nag59\nag58\natRp441\nsS'u'\ng4\n((ltRp442\nsS'd'\nI01\nssS'TaskFee'\np443\n(dp444\nS'c'\nI01\nsS'r'\ng4\n((lp445\nS'custom_actions'\np446\nag6\nag143\nag421\naS'cost'\np447\naS'starting_quantity'\np448\nag11\nag13\naS'sku'\np449\nag164\naS'training_units'\np450\nag7\nag9\naS'inventory'\np451\naS'display_order'\np452\nag10\natRp453\nsS'u'\ng4\n((lp454\ng449\nag446\nag450\nag143\nag9\nag452\nag7\nag164\nag448\nag421\nag447\natRp455\nsS'd'\nI01\nssS'DomainAffiliation'\np456\n(dp457\nS'c'\nI01\nsS'r'\ng4\n((lp458\ng208\naS'domain'\np459\nag6\nag8\nag9\nag10\nag11\naS'may_log_me_in'\np460\nag13\nag90\natRp461\nsS'u'\ng4\n((lp462\ng208\nag8\nag459\nag90\nag460\nag9\natRp463\nsS'd'\nI01\nssS'Sco'\np464\n(dp465\nS'c'\nI01\nsS'r'\ng4\n((lp466\ng134\nag6\nag15\nag135\nag136\nag137\naS'course'\np467\nag10\nag140\nag146\naS'completion_requirement'\np468\nag13\nag143\nag144\nag7\nag145\nag211\nag142\nag9\nag147\naS'data'\np469\nag148\nag11\nag150\nag151\nag153\nag154\natRp470\nsS'u'\ng4\n((lp471\ng134\nag15\nag135\nag136\nag137\nag467\nag140\nag142\nag143\nag144\nag7\nag145\nag211\nag468\nag9\nag147\nag469\nag148\nag150\nag151\nag146\nag154\natRp472\nsS'd'\nI01\nssS'ForumCategory'\np473\n(dp474\nS'c'\nI01\nsS'r'\ng4\n((lp475\ng6\nag7\nag9\nag10\nag11\naS'forums'\np476\nag13\natRp477\nsS'u'\ng4\n((lp478\ng9\nag7\natRp479\nsS'd'\nI01\nssS'EventTemplate'\np480\n(dp481\nS'c'\nI01\nsS'r'\ng4\n((lp482\ng6\nag143\naS'facebook_message'\np483\nag10\nag11\nag13\nag424\naS'external_reference'\np484\nag147\nag211\nag9\naS'session_templates'\np485\naS'notify_cfgs'\np486\naS'lag_time'\np487\nag150\naS'twitter_message'\np488\naS'name_prefix'\np489\nag299\nag434\natRp490\nsS'u'\ng4\n((lp491\ng424\nag143\nag147\nag483\nag9\nag484\nag486\nag211\nag487\nag150\nag488\nag489\nag434\natRp492\nsS'd'\nI01\nssS'Event'\np493\n(dp494\nS'c'\nI01\nsS'r'\ng4\n((lp495\ng81\nag6\nag143\nag426\nag483\nag10\nag11\nag309\nag13\nag7\nag424\nag35\nag484\nag425\nag211\nag9\nag147\naS'venue'\np496\nag486\nag31\nag487\nag150\nag488\nag311\nag434\natRp497\nsS'u'\ng4\n((lp498\ng143\nag483\nag309\nag7\nag424\nag35\nag484\nag425\nag211\nag9\nag147\nag496\nag486\nag31\nag487\nag150\nag488\nag311\nag434\natRp499\nsS'd'\nI01\nssS'ExamSession'\np500\n(dp501\nS'c'\nI01\nsS'r'\ng4\n((lp502\ng6\nag124\naS'number_correct'\np503\nag228\nag9\naS'response_questions'\np504\naS'score'\np505\nag11\nag10\naS'passed'\np506\nag165\nag87\naS'passing_score'\np507\nag13\nag90\natRp508\nsS'u'\ng4\n((lp509\ng9\nag165\nag87\natRp510\nsS'd'\nI01\nssS'FileDownload'\np511\n(dp512\nS'c'\nI01\nsS'r'\ng4\n((lp513\ng134\nag6\nag15\nag227\nag135\nag136\nag137\nag10\nag140\nag231\nag142\nag13\nag143\nag144\nag7\nag145\nag146\nag9\nag147\nag229\nag148\nag11\nag150\nag151\nag153\nag154\natRp514\nsS'u'\ng4\n((lp515\ng134\nag15\nag227\nag135\nag136\nag137\nag140\nag142\nag143\nag144\nag7\nag145\nag9\nag147\nag148\nag150\nag151\nag146\nag154\natRp516\nsS'd'\nI01\nssS'ForumTopic'\np517\n(dp518\nS'c'\nI01\nsS'r'\ng4\n((lp519\ng6\nag11\naS'forum'\np520\nag9\naS'posts'\np521\naS'sticky'\np522\nag10\naS'closed'\np523\nag13\nag7\natRp524\nsS'u'\ng4\n((lp525\ng520\nag9\nag7\nag523\nag522\natRp526\nsS'd'\nI01\nssS'AssignmentAttempt'\np527\n(dp528\nS'c'\nI01\nsS'r'\ng4\n((lp529\ng6\nag228\nag9\nag10\nag11\nag165\nag87\nag13\natRp530\nsS'u'\ng4\n((lp531\ng9\nag165\nag87\natRp532\nsS'd'\nI01\nssS'SessionTemplateResourceTypeReq'\np533\n(dp534\nS'c'\nI01\nsS'r'\ng4\n((lp535\ng6\naS'session_template'\np536\nag145\nag135\nag9\nag10\nag11\nag13\nag328\natRp537\nsS'u'\ng4\n((lp538\ng135\nag9\nag536\nag328\nag145\natRp539\nsS'd'\nI01\nssS'PurchaseOrder'\np540\n(dp541\nS'c'\nI01\nsS'r'\ng4\n((lp542\nS'training_units_price'\np543\naS'total_training_units'\np544\nag6\naS'promo_code'\np545\naS'training_units_purchased'\np546\naS'product_offers'\np547\nag10\nag11\nag150\nag90\nag13\naS'product_claims'\np548\naS'total_price'\np549\nag9\naS'products'\np550\naS'payments'\np551\naS'product_discounts'\np552\naS'is_paid'\np553\naS'expiration'\np554\natRp555\nsS'u'\ng4\n((lp556\ng543\nag545\nag546\nag150\nag9\nag90\nag554\natRp557\nsS'd'\nI01\nssS'FileUpload'\np558\n(dp559\nS'c'\nI01\nsS'r'\ng4\n((lp560\ng134\nag6\nag15\nag135\nag136\nag137\nag10\nag140\nag142\nag13\nag143\nag144\nag7\nag145\nag146\nag9\nag147\nag148\nag11\nag150\nag151\nag153\nag154\natRp561\nsS'u'\ng4\n((lp562\ng134\nag15\nag135\nag136\nag137\nag140\nag142\nag143\nag144\nag7\nag145\nag9\nag147\nag148\nag150\nag151\nag146\nag154\natRp563\nsS'd'\nI01\nssS'TrainingUnitAccount'\np564\n(dp565\nS'c'\nI01\nsS'r'\ng4\n((lp566\ng6\naS'training_unit_transactions'\np567\nag9\nag10\nag11\nag150\naS'balance'\np568\nag13\nag90\natRp569\nsS'u'\ng4\n((lp570\ng150\nag9\naS'starting_value'\np571\nag90\natRp572\nsS'd'\nI01\nssS'Product'\np573\n(dp574\nS'c'\nI01\nsS'r'\ng4\n((lp575\ng449\nag446\nag6\nag143\nag9\nag451\nag421\nag448\nag452\nag447\nag10\nag11\nag450\nag13\nag7\natRp576\nsS'u'\ng4\n((lp577\ng449\nag446\nag450\nag143\nag9\nag421\nag447\nag448\nag452\nag7\natRp578\nsS'd'\nI01\nssS'FileDownloadAttempt'\np579\n(dp580\nS'c'\nI01\nsS'r'\ng4\n((lp581\ng6\naS'file_download'\np582\nag228\nag9\nag10\nag11\nag165\nag87\nag13\nag90\natRp583\nsS'u'\ng4\n((lp584\ng9\nag165\nag87\natRp585\nsS'd'\nI01\nssS'Curriculum'\np586\n(dp587\nS'c'\nI01\nsS'r'\ng4\n((lp588\ng134\naS'curriculum_task_associations'\np589\naS'tasks'\np590\nag6\nag7\nag9\nag10\nag11\nag150\nag13\natRp591\nsS'u'\ng4\n((lp592\ng134\nag150\nag9\nag590\nag7\natRp593\nsS'd'\nI01\nssS'CurriculumTaskAssociation'\np594\n(dp595\nS'c'\nI01\nsS'r'\ng4\n((lp596\ng282\nag284\nag6\nag11\nag283\nag9\nag33\naS'days_before_start'\np597\nag164\nag10\naS'task_name'\np598\naS'days_to_complete'\np599\nag13\natRp600\nsS'u'\ng4\n((lp601\ng282\nag164\nag283\nag9\nag33\nag597\nag284\nag599\natRp602\nsS'd'\nI01\nssS'Blame'\np603\n(dp604\nS'c'\nI01\nsS'r'\ng4\n((lp605\ng6\nag9\nag10\nag11\nag13\natRp606\nsS'u'\ng4\n((lp607\ng9\natRp608\nsS'd'\nI01\nssS'MessageTemplate'\np609\n(dp610\nS'c'\nI01\nsS'r'\ng4\n((lp611\ng247\nag6\naS'message_format'\np612\nag9\nag10\nag11\naS'message_type'\np613\nag13\naS'subject'\np614\natRp615\nsS'u'\ng4\n((lp616\ng247\nag9\nag614\natRp617\nsS'd'\nI01\nssS'Payment'\np618\n(dp619\nS'c'\nI01\nsS'r'\ng4\n((lp620\nS'city'\np621\naS'first_name'\np622\naS'last_name'\np623\nag6\naS'zip'\np624\naS'refunds'\np625\naS'country'\np626\nag9\naS'state'\np627\nag58\nag99\naS'card_type'\np628\naS'amount'\np629\naS'exp_date'\np630\nag10\nag59\naS'sales_tax'\np631\naS'date'\np632\naS'invoice_number'\np633\naS'result_message'\np634\naS'transaction_id'\np635\natRp636\nsS'u'\ng4\n((ltRp637\nsS'd'\nI00\nssS'Achievement'\np638\n(dp639\nS'c'\nI01\nsS'r'\ng4\n((lp640\ng6\nag15\naS'component_achievements'\np641\nag7\nag10\nag11\nag13\naS'yielded_achievements'\np642\nag9\nag143\natRp643\nsS'u'\ng4\n((lp644\ng15\nag9\nag143\nag641\nag642\nag7\natRp645\nsS'd'\nI01\nssS'TrainingVoucher'\np646\n(dp647\nS'c'\nI01\nsS'r'\ng4\n((lp648\nS'code'\np649\nag6\nag9\nag13\nag99\nag10\nag11\naS'session_user_role_requirement'\np650\nag421\natRp651\nsS'u'\ng4\n((lp652\ng9\nag650\nag99\natRp653\nsS'd'\nI01\nssS'BlackoutPeriod'\np654\n(dp655\nS'c'\nI01\nsS'r'\ng4\n((lp656\ng6\nag143\nag9\nag496\nag31\nag10\nag11\nag35\nag13\natRp657\nsS'u'\ng4\n((lp658\ng31\nag9\nag35\nag143\nag496\natRp659\nsS'd'\nI01\nssS'SessionTemplateUserRoleReq'\np660\n(dp661\nS'c'\nI01\nsS'r'\ng4\n((lp662\ng6\nag536\nag145\nag135\nag9\nag139\nag10\nag11\nag13\natRp663\nsS'u'\ng4\n((lp664\ng135\nag9\nag139\nag536\nag145\natRp665\nsS'd'\nI01\nssS'Resource'\np666\n(dp667\nS'c'\nI01\nsS'r'\ng4\n((lp668\nS'session_resource_type_requirements'\np669\nag6\nag143\nag9\nag10\nag11\naS'resource_types'\np670\nag13\nag7\natRp671\nsS'u'\ng4\n((lp672\ng9\nag669\nag670\nag143\nag7\natRp673\nsS'd'\nI01\nssS'Room'\np674\n(dp675\nS'c'\nI01\nsS'r'\ng4\n((lp676\ng6\nag7\naS'venue_name'\np677\naS'venue_address'\np678\nag9\nag496\nag10\nag11\naS'capacity'\np679\nag13\natRp680\nsS'u'\ng4\n((lp681\ng496\nag9\nag679\nag7\natRp682\nsS'd'\nI01\nssS'Forum'\np683\n(dp684\nS'c'\nI01\nsS'r'\ng4\n((lp685\nS'category'\np686\nag6\nag143\nag9\nag13\nag10\nag11\naS'topics'\np687\nag7\natRp688\nsS'u'\ng4\n((lp689\ng686\nag9\nag143\nag7\natRp690\nsS'd'\nI01\nssS'ConditionTest'\np691\n(dp692\nS'c'\nI01\nsS'r'\ng4\n((lp693\ng6\nag11\nag420\nag10\nag203\nag204\nag13\nag35\nag117\naS'condition_test_collection'\np694\nag9\nag426\naS'companies'\np695\naS'match_all_defined_parameters'\np696\nag31\nag299\natRp697\nsS'u'\ng4\n((lp698\ng696\nag117\nag426\nag694\nag9\nag420\nag695\nag31\nag203\nag204\nag35\nag299\natRp699\nsS'd'\nI01\nssS'ProductDiscount'\np700\n(dp701\nS'c'\nI01\nsS'r'\ng4\n((lp702\ng547\nag6\nag7\nag694\nag9\naS'cumulative'\np703\naS'currency'\np704\nag550\nag10\nag11\nag450\naS'percentage'\np705\nag13\nag545\natRp706\nsS'u'\ng4\n((lp707\ng547\nag450\nag7\nag694\nag9\nag703\nag704\nag550\nag705\nag545\natRp708\nsS'd'\nI01\nssS'TaskBundle'\np709\n(dp710\nS'c'\nI01\nsS'r'\ng4\n((lp711\ng590\nag6\nag7\nag9\nag10\nag11\nag13\nag143\natRp712\nsS'u'\ng4\n((lp713\ng9\nag590\nag7\nag143\natRp714\nsS'd'\nI01\nssS'UserOrgRole'\np715\n(dp716\nS'c'\nI01\nsS'r'\ng4\n((lp717\ng6\nag373\nag147\nag9\naS'persistent'\np718\nag13\naS'organization_name'\np719\nag149\nag405\nag10\nag11\nag309\nag150\nag369\natRp720\nsS'u'\ng4\n((lp721\ng405\nag373\nag147\nag309\nag150\nag9\nag718\natRp722\nsS'd'\nI01\nssS'FormWidget'\np723\n(dp724\nS'c'\nI01\nsS'r'\ng4\n((lp725\ng6\naS'y'\naS'form_page'\np726\nag9\nag71\naS'height'\np727\naS'width'\np728\nag10\nag11\naS'answer'\np729\naS'x'\nag13\natRp730\nsS'u'\ng4\n((lp731\nS'y'\nag726\nag9\nag71\nag727\nag728\nag729\naS'x'\natRp732\nsS'd'\nI01\nssS'AssignmentManager'\np733\n(dp734\ng384\ng4\n((lp735\nS'email_task_assignees'\np736\natRp737\nssS'QuestionPool'\np738\n(dp739\nS'c'\nI01\nsS'r'\ng4\n((lp740\ng6\nag124\nag147\nag9\naS'randomize_questions'\np741\nag13\nag11\nag10\naS'questions'\np742\nag74\naS'number_to_answer'\np743\nag7\natRp744\nsS'u'\ng4\n((lp745\ng124\nag147\nag9\nag741\nag742\nag74\nag743\nag7\natRp746\nsS'd'\nI01\nssS'Exam'\np747\n(dp748\nS'c'\nI01\nsS'r'\ng4\n((lp749\ng134\naS'question_pools'\np750\nag6\nag15\nag135\nag136\nag137\nag10\nag140\nag142\nag13\nag143\nag144\nag7\nag145\nag146\nag9\nag147\nag148\nag507\nag11\nag150\nag151\nag153\nag154\natRp751\nsS'u'\ng4\n((lp752\ng134\nag750\nag15\nag135\nag136\nag137\nag140\nag142\nag143\nag144\nag7\nag145\nag9\nag147\nag148\nag507\nag150\nag151\nag146\nag154\natRp753\nsS'd'\nI01\nssS'ForumPostAttachment'\np754\n(dp755\nS'c'\nI01\nsS'r'\ng4\n((lp756\ng6\nag143\nag9\nag10\nag11\naS'post'\np757\nag13\nag7\natRp758\nsS'u'\ng4\n((lp759\ng9\nag143\nag757\nag7\natRp760\nsS'd'\nI01\nssS'Domain'\np761\n(dp762\nS'c'\nI01\nsS'r'\ng4\n((lp763\ng6\nag7\nag9\nag10\nag11\naS'authentication_ip'\np764\nag13\nag15\natRp765\nsS'u'\ng4\n((lp766\ng764\nag9\naS'authentication_password_hash'\np767\nag7\natRp768\nsS'd'\nI01\nssS'TrainingUnitAuthorization'\np769\n(dp770\nS'c'\nI01\nsS'r'\ng4\n((lp771\ng6\nag338\nag9\naS'used_value'\np772\nag31\nag10\nag11\nag35\nag275\nag13\nag90\natRp773\nsS'u'\ng4\n((lp774\ng31\nag35\nag90\nag338\nag9\nag275\natRp775\nsS'd'\nI01\nssS'Session'\np776\n(dp777\nS'c'\nI01\nsS'r'\ng4\n((lp778\nS'default_price'\np779\nag81\nag6\nag143\nag428\naS'paypal_url'\np780\nag10\nag11\nag13\nag536\naS'confirmed'\np781\nag669\nag35\naS'room'\np782\nag117\nag147\nag211\nag9\naS'session_user_roles'\np783\naS'event'\np784\nag31\nag429\nag432\nag433\naS'evaluation'\np785\nag434\natRp786\nsS'u'\ng4\n((lp787\ng779\nag81\nag143\nag428\nag782\nag781\nag669\nag35\nag536\nag117\nag147\nag211\nag9\nag783\nag784\nag31\nag429\nag432\nag433\nag434\natRp788\nsS'd'\nI01\nssS'AchievementAward'\np789\n(dp790\nS'c'\nI01\nsS'r'\ng4\n((lp791\ng6\nag228\nag9\naS'achievement_name'\np792\nag10\nag11\naS'date'\np793\nag13\naS'achievement'\np794\nag90\natRp795\nsS'u'\ng4\n((lp796\ng793\nag228\nag9\nag90\nag794\natRp797\nsS'd'\nI01\nssS'ProductOffer'\np798\n(dp799\nS'c'\nI01\nsS'r'\ng4\n((lp800\ng97\nag6\nag143\nag9\naS'seller'\np801\nag10\nag11\nag13\nag421\natRp802\nsS'u'\ng4\n((lp803\ng9\nag97\nag421\nag143\nag801\natRp804\nsS'd'\nI01\nss.",
            "role": 1,
            "create_timestamp": "2012-04-13T21:46:40.257Z",
            "owner": null
        }
    },
    {
        "pk": 2,
        "model": "pr_services.acl",
        "fields": {
            "save_timestamp": "2012-04-13T21:46:40.308Z",
            "final_type": [
                "pr_services",
                "acl"
            ],
            "arbitrary_perm_list": "(l.",
            "acl": "(dp1\nS'Credential'\np2\n(dp3\nS'c'\nI00\nsS'r'\nc__builtin__\nset\np4\n((lp5\nS'status'\np6\naS'save_timestamp'\np7\naS'date_expires'\np8\naS'authority'\np9\naS'credential_type'\np10\naS'user'\np11\naS'content_type'\np12\naS'serial_number'\np13\naS'date_started'\np14\naS'date_granted'\np15\naS'id'\np16\naS'date_assigned'\np17\naS'create_timestamp'\np18\natRp19\nsS'u'\ng4\n((ltRp20\nsS'd'\nI00\nssS'Task'\np21\n(dp22\nS'c'\nI00\nsS'r'\ng4\n((lp23\nS'achievements'\np24\nag7\naS'description'\np25\naS'title'\np26\naS'type'\np27\nag18\nag12\naS'prerequisite_achievements'\np28\nag16\naS'name'\np29\natRp30\nsS'u'\ng4\n((ltRp31\nsS'd'\nI00\nssS'ExamSession'\np32\n(dp33\nS'c'\nI01\nsS'r'\ng4\n((lp34\nS'date_completed'\np35\naS'score'\np36\naS'number_correct'\np37\naS'response_questions'\np38\naS'passing_score'\np39\nag12\nag18\naS'passed'\np40\nag7\nag14\nag16\naS'exam'\np41\natRp42\nsS'u'\ng4\n((lp43\ng35\natRp44\nsS'd'\nI00\nssS'Exam'\np45\n(dp46\nS'c'\nI00\nsS'r'\ng4\n((lp47\ng24\nag7\nag25\nag26\nag39\nag18\nag12\nag27\nag16\nag29\natRp48\nsS'u'\ng4\n((ltRp49\nsS'd'\nI00\nssS'SessionUserRoleRequirement'\np50\n(dp51\nS'c'\nI00\nsS'r'\ng4\n((lp52\ng7\nag25\nag26\naS'session'\np53\nag18\nag12\nag27\nag16\nag29\natRp54\nsS'u'\ng4\n((ltRp55\nsS'd'\nI00\nssS'Assignment'\np56\n(dp57\nS'c'\nI01\nsS'r'\ng4\n((lp58\nS'achievement_awards'\np59\naS'due_date'\np60\naS'task'\np61\nag35\naS'task_content_type'\np62\naS'effective_date_assigned'\np63\naS'prerequisites_met'\np64\nag6\nag11\nag12\nag7\nag14\nag18\nag16\naS'assignment_attempts'\np65\natRp66\nsS'u'\ng4\n((ltRp67\nsS'd'\nI00\nssS'FileDownloadAttempt'\np68\n(dp69\nS'c'\nI01\nsS'r'\ng4\n((lp70\ng35\naS'file_download'\np71\naS'assignment'\np72\nag18\nag12\nag7\nag14\nag16\natRp73\nsS'u'\ng4\n((ltRp74\nsS'd'\nI00\nssS'Venue'\np75\n(dp76\nS'c'\nI00\nsS'r'\ng4\n((lp77\ng7\nag18\nag12\naS'address'\np78\naS'region'\np79\nag16\natRp80\nsS'u'\ng4\n((ltRp81\nsS'd'\nI00\nssS'CurriculumEnrollment'\np82\n(dp83\nS'c'\nI00\nsS'r'\ng4\n((lp84\nS'start'\np85\naS'end'\np86\nag18\nag12\nag7\naS'curriculum_name'\np87\nag16\natRp88\nsS'u'\ng4\n((ltRp89\nsS'd'\nI00\nssS'UserOrgRole'\np90\n(dp91\nS'c'\nI00\nsS'r'\ng4\n((lp92\ng7\naS'parent'\np93\nag16\naS'organization_name'\np94\naS'role_name'\np95\naS'role'\np96\nag18\nag12\naS'owner'\np97\naS'organization'\np98\naS'children'\np99\natRp100\nsS'u'\ng4\n((ltRp101\nsS'd'\nI00\nssS'Session'\np102\n(dp103\nS'c'\nI00\nsS'r'\ng4\n((lp104\ng85\nag86\nag18\nag12\nag7\nag16\natRp105\nsS'u'\ng4\n((ltRp106\nsS'd'\nI00\nssS'AchievementAward'\np107\n(dp108\nS'c'\nI00\nsS'r'\ng4\n((lp109\ng7\nag72\nag11\nag12\naS'date'\np110\nag16\naS'achievement'\np111\nag18\natRp112\nsS'u'\ng4\n((ltRp113\nsS'd'\nI00\nssS'User'\np114\n(dp115\nS'c'\nI01\nsS'r'\ng4\n((lp116\ng6\naS'product_lines_managed'\np117\naS'last_name'\np118\nag7\nag12\nag18\naS'full_name'\np119\naS'product_lines_instructor_manager_for'\np120\naS'email2'\np121\nag16\naS'biography'\np122\nag59\naS'first_name'\np123\naS'middle_name'\np124\naS'product_lines_instructor_for'\np125\naS'phone2'\np126\naS'email'\np127\nag24\naS'billing_address'\np128\naS'color_code'\np129\naS'default_username_and_domain'\np130\naS'phone3'\np131\naS'phone'\np132\naS'groups'\np133\naS'credentials'\np134\naS'owned_userorgroles'\np135\naS'preferred_venues'\np136\naS'photo_url'\np137\naS'username'\np138\naS'organizations'\np139\naS'session_user_role_requirements'\np140\naS'roles'\np141\naS'alleged_organization'\np142\nag26\naS'name_suffix'\np143\naS'suppress_emails'\np144\naS'url'\np145\naS'shipping_address'\np146\natRp147\nsS'u'\ng4\n((lp148\ng123\nag128\nag124\nag129\nag26\nag142\nag131\nag143\nag144\nag132\nag118\nag126\nag146\nag145\nag136\nag121\nag127\nag122\nag137\natRp149\nsS'd'\nI00\nssS'AssignmentAttempt'\np150\n(dp151\nS'c'\nI01\nsS'r'\ng4\n((lp152\ng35\nag18\nag12\nag72\nag14\nag16\nag7\natRp153\nsS'u'\ng4\n((ltRp154\nsS'd'\nI00\nssS'FileUploadAttempt'\np155\n(dp156\nS'c'\nI01\nsS'r'\ng4\n((lp157\nS'file_upload'\np158\nag35\nag72\nag18\nag12\nag7\nag14\nag16\natRp159\nsS'u'\ng4\n((ltRp160\nsS'd'\nI00\nssS'Response'\np161\n(dp162\nS'c'\nI01\nsS'r'\ng4\n((lp163\ng7\naS'exam_session'\np164\naS'question'\np165\naS'value'\np166\naS'valid'\np167\nag18\nag12\naS'text'\np168\nag16\natRp169\nsS'u'\ng4\n((ltRp170\nsS'd'\nI00\nssS'Achievement'\np171\n(dp172\nS'c'\nI00\nsS'r'\ng4\n((lp173\ng7\nag25\nag12\nag18\nag16\nag29\natRp174\nsS'u'\ng4\n((ltRp175\nsS'd'\nI00\nssS'ScoSession'\np176\n(dp177\nS'c'\nI01\nsS'r'\ng4\n((lp178\nS'sco'\np179\nag35\nag18\nag12\nag7\nag14\nag16\natRp180\nsS'u'\ng4\n((ltRp181\nsS'd'\nI00\nss.",
            "role": 2,
            "create_timestamp": "2012-04-13T21:46:40.308Z",
            "owner": null
        }
    },
    {
        "pk": 3,
        "model": "pr_services.acl",
        "fields": {
            "save_timestamp": "2012-04-13T21:46:40.450Z",
            "final_type": [
                "pr_services",
                "acl"
            ],
            "arbitrary_perm_list": "(l.",
            "acl": "(dp1\nS'Group'\np2\n(dp3\nS'c'\nI00\nsS'r'\nc__builtin__\nset\np4\n((lp5\nS'create_timestamp'\np6\naS'save_timestamp'\np7\naS'name'\np8\naS'content_type'\np9\naS'id'\np10\natRp11\nsS'u'\ng4\n((ltRp12\nsS'd'\nI00\nss.",
            "role": 3,
            "create_timestamp": "2012-04-13T21:46:40.450Z",
            "owner": null
        }
    },
    {
        "pk": 4,
        "model": "pr_services.acl",
        "fields": {
            "save_timestamp": "2012-04-13T21:46:40.466Z",
            "final_type": [
                "pr_services",
                "acl"
            ],
            "arbitrary_perm_list": "(lp1\nS'check_usernames'\np2\na.",
            "acl": "(dp1\n.",
            "role": 4,
            "create_timestamp": "2012-04-13T21:46:40.466Z",
            "owner": null
        }
    },
    {
        "pk": 5,
        "model": "pr_services.acl",
        "fields": {
            "save_timestamp": "2012-04-13T21:46:40.476Z",
            "final_type": [
                "pr_services",
                "acl"
            ],
            "arbitrary_perm_list": "(l.",
            "acl": "(dp1\nS'Assignment'\np2\n(dp3\nS'c'\nI01\nsS'r'\nc__builtin__\nset\np4\n((lp5\nS'status'\np6\naS'due_date'\np7\naS'task'\np8\naS'date_completed'\np9\naS'task_content_type'\np10\naS'effective_date_assigned'\np11\naS'prerequisites_met'\np12\naS'user'\np13\naS'content_type'\np14\naS'save_timestamp'\np15\naS'date_started'\np16\naS'create_timestamp'\np17\naS'id'\np18\naS'assignment_attempts'\np19\natRp20\nsS'u'\ng4\n((ltRp21\nsS'd'\nI00\nssS'Task'\np22\n(dp23\nS'c'\nI00\nsS'r'\ng4\n((lp24\ng15\naS'description'\np25\naS'title'\np26\naS'prerequisite_achievements'\np27\naS'prerequisite_tasks'\np28\nag17\nag14\naS'type'\np29\nag18\naS'name'\np30\natRp31\nsS'u'\ng4\n((ltRp32\nsS'd'\nI00\nss.",
            "role": 5,
            "create_timestamp": "2012-04-13T21:46:40.476Z",
            "owner": null
        }
    },
    {
        "pk": 6,
        "model": "pr_services.acl",
        "fields": {
            "save_timestamp": "2012-04-13T21:46:40.599Z",
            "final_type": [
                "pr_services",
                "acl"
            ],
            "arbitrary_perm_list": "(l.",
            "acl": "(dp1\nS'Group'\np2\n(dp3\nS'c'\nI00\nsS'r'\nc__builtin__\nset\np4\n((lp5\nS'managers'\np6\naS'name'\np7\naS'content_type'\np8\naS'save_timestamp'\np9\naS'create_timestamp'\np10\naS'id'\np11\naS'users'\np12\natRp13\nsS'u'\ng4\n((ltRp14\nsS'd'\nI00\nssS'ProductClaim'\np15\n(dp16\nS'c'\nI01\nsS'r'\ng4\n((lp17\nS'product'\np18\nag9\nag10\nag8\nag11\naS'purchase_order'\np19\naS'quantity'\np20\natRp21\nsS'u'\ng4\n((lp22\nS'quantity'\np23\natRp24\nsS'd'\nI01\nssS'Venue'\np25\n(dp26\nS'c'\nI00\nsS'r'\ng4\n((lp27\ng9\naS'name'\np28\naS'region'\np29\naS'phone'\np30\naS'contact'\np31\nag10\nag8\naS'address'\np32\nag11\natRp33\nsS'u'\ng4\n((ltRp34\nsS'd'\nI00\nssS'PurchaseOrder'\np35\n(dp36\nS'c'\nI01\nsS'r'\ng4\n((lp37\ng9\nag11\nag8\nag10\natRp38\nsS'u'\ng4\n((ltRp39\nsS'd'\nI00\nssS'OrgRole'\np40\n(dp41\nS'c'\nI00\nsS'r'\ng4\n((lp42\ng10\nag9\naS'name'\np43\nag8\nag11\natRp44\nsS'u'\ng4\n((ltRp45\nsS'd'\nI00\nssS'Answer'\np46\n(dp47\nS'c'\nI00\nsS'r'\ng4\n((lp48\ng10\nag9\nag11\nag8\naS'label'\np49\natRp50\nsS'u'\ng4\n((ltRp51\nsS'd'\nI00\nssS'Organization'\np52\n(dp53\nS'c'\nI00\nsS'r'\ng4\n((lp54\nS'ancestors'\np55\nag9\naS'name'\np56\naS'parent'\np57\naS'descendants'\np58\nag11\nag10\nag8\naS'children'\np59\natRp60\nsS'u'\ng4\n((ltRp61\nsS'd'\nI00\nssS'Domain'\np62\n(dp63\nS'c'\nI00\nsS'r'\ng4\n((lp64\ng10\nag9\naS'name'\np65\nag8\nag11\natRp66\nsS'u'\ng4\n((ltRp67\nsS'd'\nI00\nssS'SessionUserRoleRequirement'\np68\n(dp69\nS'c'\nI00\nsS'r'\ng4\n((lp70\ng9\nag11\nag8\nag10\natRp71\nsS'u'\ng4\n((ltRp72\nsS'd'\nI00\nssS'Payment'\np73\n(dp74\nS'c'\nI01\nsS'r'\ng4\n((lp75\nS'city'\np76\naS'first_name'\np77\naS'last_name'\np78\nag9\naS'zip'\np79\naS'refunds'\np80\naS'country'\np81\nag11\naS'state'\np82\naS'purchase_order'\np83\naS'card_type'\np84\naS'amount'\np85\naS'exp_date'\np86\nag10\nag8\naS'sales_tax'\np87\naS'date'\np88\naS'invoice_number'\np89\naS'result_message'\np90\naS'transaction_id'\np91\natRp92\nsS'u'\ng4\n((ltRp93\nsS'd'\nI00\nssS'TrainingUnitAuthorization'\np94\n(dp95\nS'c'\nI00\nsS'r'\ng4\n((lp96\nS'end'\np97\naS'max_value'\np98\naS'used_value'\np99\naS'start'\np100\naS'user'\np101\nag8\nag9\naS'training_unit_account'\np102\nag11\nag10\natRp103\nsS'u'\ng4\n((ltRp104\nsS'd'\nI00\nssS'User'\np105\n(dp106\nS'c'\nI00\nsS'r'\ng4\n((lp107\nS'default_username_and_domain'\np108\nag9\nag11\nag8\nag10\natRp109\nsS'u'\ng4\n((ltRp110\nsS'd'\nI00\nssS'DomainAffiliation'\np111\n(dp112\nS'c'\nI01\nsS'r'\ng4\n((lp113\nS'username'\np114\naS'domain'\np115\nag9\naS'default'\np116\naS'user'\np117\nag8\naS'may_log_me_in'\np118\nag11\nag10\natRp119\nsS'u'\ng4\n((lp120\nS'default'\np121\naS'may_log_me_in'\np122\naS'domain'\np123\naS'username'\np124\natRp125\nsS'd'\nI00\nssS'SessionTemplate'\np126\n(dp127\nS'c'\nI00\nsS'r'\ng4\n((lp128\nS'product_line'\np129\nag9\naS'description'\np130\naS'sequence'\np131\naS'sessions'\np132\nag11\naS'duration'\np133\naS'audience'\np134\naS'version'\np135\nag10\nag8\naS'active'\np136\naS'shortname'\np137\naS'fullname'\np138\naS'modality'\np139\natRp140\nsS'u'\ng4\n((ltRp141\nsS'd'\nI00\nss.",
            "role": 6,
            "create_timestamp": "2012-04-13T21:46:40.599Z",
            "owner": null
        }
    },
    {
        "pk": 7,
        "model": "pr_services.acl",
        "fields": {
            "save_timestamp": "2012-04-13T21:46:40.627Z",
            "final_type": [
                "pr_services",
                "acl"
            ],
            "arbitrary_perm_list": "(l.",
            "acl": "(dp1\nS'Sco'\np2\n(dp3\nS'c'\nI00\nsS'r'\nc__builtin__\nset\np4\n((lp5\nS'save_timestamp'\np6\naS'description'\np7\naS'prerequisite_tasks'\np8\naS'version_id'\np9\naS'course'\np10\naS'content_type'\np11\naS'create_timestamp'\np12\naS'version_label'\np13\naS'type'\np14\naS'id'\np15\naS'name'\np16\natRp17\nsS'u'\ng4\n((ltRp18\nsS'd'\nI00\nssS'Task'\np19\n(dp20\nS'c'\nI00\nsS'r'\ng4\n((lp21\ng6\nag7\naS'prerequisite_achievements'\np22\nag8\nag9\nag11\nag12\nag13\nag14\nag15\nag16\natRp23\nsS'u'\ng4\n((ltRp24\nsS'd'\nI00\nss.",
            "role": 7,
            "create_timestamp": "2012-04-13T21:46:40.627Z",
            "owner": null
        }
    },
    {
        "pk": 8,
        "model": "pr_services.acl",
        "fields": {
            "save_timestamp": "2012-04-13T21:46:40.635Z",
            "final_type": [
                "pr_services",
                "acl"
            ],
            "arbitrary_perm_list": "(l.",
            "acl": "(dp1\nS'Sco'\np2\n(dp3\nS'c'\nI00\nsS'r'\nc__builtin__\nset\np4\n((lp5\nS'url'\np6\naS'save_timestamp'\np7\naS'id'\np8\naS'content_type'\np9\naS'create_timestamp'\np10\natRp11\nsS'u'\ng4\n((ltRp12\nsS'd'\nI00\nss.",
            "role": 7,
            "create_timestamp": "2012-04-13T21:46:40.635Z",
            "owner": null
        }
    },
    {
        "pk": 9,
        "model": "pr_services.acl",
        "fields": {
            "save_timestamp": "2012-04-13T21:46:40.655Z",
            "final_type": [
                "pr_services",
                "acl"
            ],
            "arbitrary_perm_list": "(l.",
            "acl": "(dp1\nS'User'\np2\n(dp3\nS'c'\nI01\nsS'r'\nc__builtin__\nset\np4\n((lp5\nS'status'\np6\naS'product_lines_managed'\np7\naS'last_name'\np8\naS'save_timestamp'\np9\naS'content_type'\np10\naS'create_timestamp'\np11\naS'full_name'\np12\naS'product_lines_instructor_manager_for'\np13\naS'email2'\np14\naS'id'\np15\naS'biography'\np16\naS'first_name'\np17\naS'middle_name'\np18\naS'title'\np19\naS'product_lines_instructor_for'\np20\naS'email'\np21\naS'username'\np22\naS'billing_address'\np23\naS'color_code'\np24\naS'phone2'\np25\naS'phone3'\np26\naS'phone'\np27\naS'groups'\np28\naS'credentials'\np29\naS'photo_url'\np30\naS'session_user_role_requirements'\np31\naS'url'\np32\naS'name_suffix'\np33\naS'shipping_address'\np34\naS'domains'\np35\natRp36\nsS'u'\ng4\n((lp37\nS'status'\np38\naS'first_name'\np39\naS'last_name'\np40\naS'middle_name'\np41\naS'color_code'\np42\naS'title'\np43\naS'url'\np44\naS'phone3'\np45\naS'name_suffix'\np46\naS'email2'\np47\naS'phone'\np48\naS'billing_address'\np49\naS'groups'\np50\naS'shipping_address'\np51\naS'credentials'\np52\naS'phone2'\np53\naS'email'\np54\naS'biography'\np55\naS'photo_url'\np56\natRp57\nsS'd'\nI01\nss.",
            "role": 8,
            "create_timestamp": "2012-04-13T21:46:40.655Z",
            "owner": null
        }
    },
    {
        "pk": 10,
        "model": "pr_services.acl",
        "fields": {
            "save_timestamp": "2012-04-13T21:46:40.671Z",
            "final_type": [
                "pr_services",
                "acl"
            ],
            "arbitrary_perm_list": "(l.",
            "acl": "(dp1\nS'Group'\np2\n(dp3\nS'c'\nI00\nsS'r'\nc__builtin__\nset\np4\n((lp5\nS'managers'\np6\naS'name'\np7\naS'content_type'\np8\naS'save_timestamp'\np9\naS'create_timestamp'\np10\naS'id'\np11\naS'users'\np12\natRp13\nsS'u'\ng4\n((lp14\nS'managers'\np15\naS'name'\np16\naS'users'\np17\natRp18\nsS'd'\nI00\nss.",
            "role": 9,
            "create_timestamp": "2012-04-13T21:46:40.671Z",
            "owner": null
        }
    },
    {
        "pk": 11,
        "model": "pr_services.acl",
        "fields": {
            "save_timestamp": "2012-04-13T21:46:40.681Z",
            "final_type": [
                "pr_services",
                "acl"
            ],
            "arbitrary_perm_list": "(l.",
            "acl": "(dp1\nS'Session'\np2\n(dp3\nS'c'\nI01\nsS'r'\nc__builtin__\nset\np4\n((lp5\nS'default_price'\np6\naS'status'\np7\naS'confirmed'\np8\naS'end'\np9\naS'room'\np10\naS'title'\np11\naS'url'\np12\naS'modality'\np13\naS'start'\np14\naS'audience'\np15\naS'create_timestamp'\np16\naS'content_type'\np17\naS'id'\np18\naS'save_timestamp'\np19\naS'shortname'\np20\naS'evaluation'\np21\naS'fullname'\np22\naS'session_template'\np23\natRp24\nsS'u'\ng4\n((lp25\nS'default_price'\np26\naS'status'\np27\naS'confirmed'\np28\naS'end'\np29\naS'room'\np30\naS'title'\np31\naS'url'\np32\naS'modality'\np33\naS'start'\np34\naS'audience'\np35\naS'shortname'\np36\naS'fullname'\np37\naS'session_template'\np38\natRp39\nsS'd'\nI01\nssS'ProductLine'\np40\n(dp41\nS'c'\nI00\nsS'r'\ng4\n((lp42\nS'managers'\np43\naS'name'\np44\naS'instructors'\np45\nag16\nag17\nag19\naS'instructor_managers'\np46\nag18\natRp47\nsS'u'\ng4\n((lp48\nS'instructors'\np49\naS'instructor_managers'\np50\naS'name'\np51\natRp52\nsS'd'\nI00\nssS'SessionTemplate'\np53\n(dp54\nS'c'\nI01\nsS'r'\ng4\n((lp55\nS'product_line'\np56\nag19\naS'description'\np57\naS'sequence'\np58\naS'price'\np59\naS'event_template'\np60\naS'modality'\np61\naS'audience'\np62\naS'version'\np63\nag18\nag16\nag17\naS'duration'\np64\naS'shortname'\np65\naS'fullname'\np66\naS'lead_time'\np67\natRp68\nsS'u'\ng4\n((lp69\nS'description'\np70\naS'event_template'\np71\naS'price'\np72\naS'sequence'\np73\naS'modality'\np74\naS'audience'\np75\naS'version'\np76\naS'duration'\np77\naS'shortname'\np78\naS'fullname'\np79\naS'lead_time'\np80\natRp81\nsS'd'\nI01\nssS'User'\np82\n(dp83\nS'c'\nI01\nsS'r'\ng4\n((lp84\nS'phone'\np85\naS'last_name'\np86\nag19\nag16\nag17\naS'credentials'\np87\nag18\natRp88\nsS'u'\ng4\n((lp89\nS'phone'\np90\naS'last_name'\np91\natRp92\nsS'd'\nI00\nss.",
            "role": 10,
            "create_timestamp": "2012-04-13T21:46:40.681Z",
            "owner": null
        }
    },
    {
        "pk": 12,
        "model": "pr_services.acl",
        "fields": {
            "save_timestamp": "2012-04-13T21:46:40.705Z",
            "final_type": [
                "pr_services",
                "acl"
            ],
            "arbitrary_perm_list": "(l.",
            "acl": "(dp1\nS'User'\np2\n(dp3\nS'c'\nI01\nsS'r'\nc__builtin__\nset\np4\n((lp5\nS'status'\np6\naS'product_lines_managed'\np7\naS'last_name'\np8\naS'save_timestamp'\np9\naS'content_type'\np10\naS'create_timestamp'\np11\naS'full_name'\np12\naS'default_username_and_domain'\np13\naS'product_lines_instructor_manager_for'\np14\naS'email2'\np15\naS'id'\np16\naS'biography'\np17\naS'first_name'\np18\naS'middle_name'\np19\naS'title'\np20\naS'product_lines_instructor_for'\np21\naS'email'\np22\naS'username'\np23\naS'billing_address'\np24\naS'color_code'\np25\naS'phone2'\np26\naS'phone3'\np27\naS'phone'\np28\naS'groups'\np29\naS'credentials'\np30\naS'photo_url'\np31\naS'session_user_role_requirements'\np32\naS'url'\np33\naS'name_suffix'\np34\naS'shipping_address'\np35\natRp36\nsS'u'\ng4\n((lp37\nS'status'\np38\naS'first_name'\np39\naS'last_name'\np40\naS'middle_name'\np41\naS'color_code'\np42\naS'title'\np43\naS'url'\np44\naS'phone3'\np45\naS'name_suffix'\np46\naS'email2'\np47\naS'phone'\np48\naS'billing_address'\np49\naS'groups'\np50\naS'shipping_address'\np51\naS'credentials'\np52\naS'phone2'\np53\naS'email'\np54\naS'biography'\np55\naS'photo_url'\np56\natRp57\nsS'd'\nI01\nss.",
            "role": 11,
            "create_timestamp": "2012-04-13T21:46:40.705Z",
            "owner": null
        }
    },
    {
        "pk": 13,
        "model": "pr_services.acl",
        "fields": {
            "save_timestamp": "2012-04-13T21:46:40.717Z",
            "final_type": [
                "pr_services",
                "acl"
            ],
            "arbitrary_perm_list": "(l.",
            "acl": "(dp1\nS'PurchaseOrder'\np2\n(dp3\nS'c'\nI00\nsS'r'\nc__builtin__\nset\np4\n((lp5\nS'training_units_price'\np6\naS'save_timestamp'\np7\naS'training_units_purchased'\np8\naS'is_paid'\np9\naS'product_offers'\np10\naS'products'\np11\naS'expiration'\np12\naS'content_type'\np13\naS'organization'\np14\naS'product_discounts'\np15\naS'create_timestamp'\np16\naS'id'\np17\naS'payments'\np18\natRp19\nsS'u'\ng4\n((ltRp20\nsS'd'\nI00\nss.",
            "role": 12,
            "create_timestamp": "2012-04-13T21:46:40.717Z",
            "owner": null
        }
    },
    {
        "pk": 14,
        "model": "pr_services.acl",
        "fields": {
            "save_timestamp": "2012-04-13T21:46:40.733Z",
            "final_type": [
                "pr_services",
                "acl"
            ],
            "arbitrary_perm_list": "(l.",
            "acl": "(dp1\nS'PurchaseOrder'\np2\n(dp3\nS'c'\nI00\nsS'r'\nc__builtin__\nset\np4\n((lp5\nS'training_units_price'\np6\naS'save_timestamp'\np7\naS'training_units_purchased'\np8\naS'is_paid'\np9\naS'product_offers'\np10\naS'products'\np11\naS'expiration'\np12\naS'content_type'\np13\naS'organization'\np14\naS'product_discounts'\np15\naS'create_timestamp'\np16\naS'id'\np17\naS'payments'\np18\natRp19\nsS'u'\ng4\n((lp20\nS'training_units_purchased'\np21\naS'training_units_price'\np22\naS'expiration'\np23\naS'user'\np24\natRp25\nsS'd'\nI00\nss.",
            "role": 13,
            "create_timestamp": "2012-04-13T21:46:40.733Z",
            "owner": null
        }
    },
    {
        "pk": 1,
        "model": "pr_services.acmethodcall",
        "fields": {
            "ac_check_method": 73,
            "final_type": [
                "pr_services",
                "acmethodcall"
            ],
            "acl": 1,
            "create_timestamp": "2012-04-13T21:46:40.266Z",
            "owner": null,
            "save_timestamp": "2012-04-13T21:46:40.266Z",
            "ac_check_parameters": "(dp1\nS'group_id'\np2\nI1\ns."
        }
    },
    {
        "pk": 2,
        "model": "pr_services.acmethodcall",
        "fields": {
            "ac_check_method": 50,
            "final_type": [
                "pr_services",
                "acmethodcall"
            ],
            "acl": 1,
            "create_timestamp": "2012-04-13T21:46:40.271Z",
            "owner": null,
            "save_timestamp": "2012-04-13T21:46:40.271Z",
            "ac_check_parameters": "(dp1\n."
        }
    },
    {
        "pk": 3,
        "model": "pr_services.acmethodcall",
        "fields": {
            "ac_check_method": 11,
            "final_type": [
                "pr_services",
                "acmethodcall"
            ],
            "acl": 2,
            "create_timestamp": "2012-04-13T21:46:40.312Z",
            "owner": null,
            "save_timestamp": "2012-04-13T21:46:40.312Z",
            "ac_check_parameters": "(d."
        }
    },
    {
        "pk": 4,
        "model": "pr_services.acmethodcall",
        "fields": {
            "ac_check_method": 13,
            "final_type": [
                "pr_services",
                "acmethodcall"
            ],
            "acl": 2,
            "create_timestamp": "2012-04-13T21:46:40.318Z",
            "owner": null,
            "save_timestamp": "2012-04-13T21:46:40.318Z",
            "ac_check_parameters": "(d."
        }
    },
    {
        "pk": 5,
        "model": "pr_services.acmethodcall",
        "fields": {
            "ac_check_method": 14,
            "final_type": [
                "pr_services",
                "acmethodcall"
            ],
            "acl": 2,
            "create_timestamp": "2012-04-13T21:46:40.322Z",
            "owner": null,
            "save_timestamp": "2012-04-13T21:46:40.322Z",
            "ac_check_parameters": "(d."
        }
    },
    {
        "pk": 6,
        "model": "pr_services.acmethodcall",
        "fields": {
            "ac_check_method": 4,
            "final_type": [
                "pr_services",
                "acmethodcall"
            ],
            "acl": 2,
            "create_timestamp": "2012-04-13T21:46:40.328Z",
            "owner": null,
            "save_timestamp": "2012-04-13T21:46:40.328Z",
            "ac_check_parameters": "(d."
        }
    },
    {
        "pk": 7,
        "model": "pr_services.acmethodcall",
        "fields": {
            "ac_check_method": 32,
            "final_type": [
                "pr_services",
                "acmethodcall"
            ],
            "acl": 2,
            "create_timestamp": "2012-04-13T21:46:40.332Z",
            "owner": null,
            "save_timestamp": "2012-04-13T21:46:40.332Z",
            "ac_check_parameters": "(d."
        }
    },
    {
        "pk": 8,
        "model": "pr_services.acmethodcall",
        "fields": {
            "ac_check_method": 33,
            "final_type": [
                "pr_services",
                "acmethodcall"
            ],
            "acl": 2,
            "create_timestamp": "2012-04-13T21:46:40.337Z",
            "owner": null,
            "save_timestamp": "2012-04-13T21:46:40.337Z",
            "ac_check_parameters": "(d."
        }
    },
    {
        "pk": 9,
        "model": "pr_services.acmethodcall",
        "fields": {
            "ac_check_method": 34,
            "final_type": [
                "pr_services",
                "acmethodcall"
            ],
            "acl": 2,
            "create_timestamp": "2012-04-13T21:46:40.342Z",
            "owner": null,
            "save_timestamp": "2012-04-13T21:46:40.342Z",
            "ac_check_parameters": "(d."
        }
    },
    {
        "pk": 10,
        "model": "pr_services.acmethodcall",
        "fields": {
            "ac_check_method": 35,
            "final_type": [
                "pr_services",
                "acmethodcall"
            ],
            "acl": 2,
            "create_timestamp": "2012-04-13T21:46:40.347Z",
            "owner": null,
            "save_timestamp": "2012-04-13T21:46:40.347Z",
            "ac_check_parameters": "(d."
        }
    },
    {
        "pk": 11,
        "model": "pr_services.acmethodcall",
        "fields": {
            "ac_check_method": 37,
            "final_type": [
                "pr_services",
                "acmethodcall"
            ],
            "acl": 2,
            "create_timestamp": "2012-04-13T21:46:40.351Z",
            "owner": null,
            "save_timestamp": "2012-04-13T21:46:40.351Z",
            "ac_check_parameters": "(d."
        }
    },
    {
        "pk": 12,
        "model": "pr_services.acmethodcall",
        "fields": {
            "ac_check_method": 36,
            "final_type": [
                "pr_services",
                "acmethodcall"
            ],
            "acl": 2,
            "create_timestamp": "2012-04-13T21:46:40.356Z",
            "owner": null,
            "save_timestamp": "2012-04-13T21:46:40.356Z",
            "ac_check_parameters": "(d."
        }
    },
    {
        "pk": 13,
        "model": "pr_services.acmethodcall",
        "fields": {
            "ac_check_method": 39,
            "final_type": [
                "pr_services",
                "acmethodcall"
            ],
            "acl": 2,
            "create_timestamp": "2012-04-13T21:46:40.361Z",
            "owner": null,
            "save_timestamp": "2012-04-13T21:46:40.361Z",
            "ac_check_parameters": "(d."
        }
    },
    {
        "pk": 14,
        "model": "pr_services.acmethodcall",
        "fields": {
            "ac_check_method": 42,
            "final_type": [
                "pr_services",
                "acmethodcall"
            ],
            "acl": 2,
            "create_timestamp": "2012-04-13T21:46:40.365Z",
            "owner": null,
            "save_timestamp": "2012-04-13T21:46:40.365Z",
            "ac_check_parameters": "(d."
        }
    },
    {
        "pk": 15,
        "model": "pr_services.acmethodcall",
        "fields": {
            "ac_check_method": 44,
            "final_type": [
                "pr_services",
                "acmethodcall"
            ],
            "acl": 2,
            "create_timestamp": "2012-04-13T21:46:40.431Z",
            "owner": null,
            "save_timestamp": "2012-04-13T21:46:40.431Z",
            "ac_check_parameters": "(d."
        }
    },
    {
        "pk": 16,
        "model": "pr_services.acmethodcall",
        "fields": {
            "ac_check_method": 16,
            "final_type": [
                "pr_services",
                "acmethodcall"
            ],
            "acl": 2,
            "create_timestamp": "2012-04-13T21:46:40.436Z",
            "owner": null,
            "save_timestamp": "2012-04-13T21:46:40.436Z",
            "ac_check_parameters": "(d."
        }
    },
    {
        "pk": 17,
        "model": "pr_services.acmethodcall",
        "fields": {
            "ac_check_method": 17,
            "final_type": [
                "pr_services",
                "acmethodcall"
            ],
            "acl": 2,
            "create_timestamp": "2012-04-13T21:46:40.440Z",
            "owner": null,
            "save_timestamp": "2012-04-13T21:46:40.440Z",
            "ac_check_parameters": "(d."
        }
    },
    {
        "pk": 18,
        "model": "pr_services.acmethodcall",
        "fields": {
            "ac_check_method": 9,
            "final_type": [
                "pr_services",
                "acmethodcall"
            ],
            "acl": 2,
            "create_timestamp": "2012-04-13T21:46:40.445Z",
            "owner": null,
            "save_timestamp": "2012-04-13T21:46:40.445Z",
            "ac_check_parameters": "(d."
        }
    },
    {
        "pk": 19,
        "model": "pr_services.acmethodcall",
        "fields": {
            "ac_check_method": 30,
            "final_type": [
                "pr_services",
                "acmethodcall"
            ],
            "acl": 3,
            "create_timestamp": "2012-04-13T21:46:40.455Z",
            "owner": null,
            "save_timestamp": "2012-04-13T21:46:40.455Z",
            "ac_check_parameters": "(dp1\n."
        }
    },
    {
        "pk": 20,
        "model": "pr_services.acmethodcall",
        "fields": {
            "ac_check_method": 71,
            "final_type": [
                "pr_services",
                "acmethodcall"
            ],
            "acl": 3,
            "create_timestamp": "2012-04-13T21:46:40.460Z",
            "owner": null,
            "save_timestamp": "2012-04-13T21:46:40.460Z",
            "ac_check_parameters": "(dp1\n."
        }
    },
    {
        "pk": 21,
        "model": "pr_services.acmethodcall",
        "fields": {
            "ac_check_method": 31,
            "final_type": [
                "pr_services",
                "acmethodcall"
            ],
            "acl": 4,
            "create_timestamp": "2012-04-13T21:46:40.470Z",
            "owner": null,
            "save_timestamp": "2012-04-13T21:46:40.470Z",
            "ac_check_parameters": "(dp1\n."
        }
    },
    {
        "pk": 22,
        "model": "pr_services.acmethodcall",
        "fields": {
            "ac_check_method": 35,
            "final_type": [
                "pr_services",
                "acmethodcall"
            ],
            "acl": 5,
            "create_timestamp": "2012-04-13T21:46:40.481Z",
            "owner": null,
            "save_timestamp": "2012-04-13T21:46:40.481Z",
            "ac_check_parameters": "(d."
        }
    },
    {
        "pk": 23,
        "model": "pr_services.acmethodcall",
        "fields": {
            "ac_check_method": 37,
            "final_type": [
                "pr_services",
                "acmethodcall"
            ],
            "acl": 5,
            "create_timestamp": "2012-04-13T21:46:40.487Z",
            "owner": null,
            "save_timestamp": "2012-04-13T21:46:40.487Z",
            "ac_check_parameters": "(d."
        }
    },
    {
        "pk": 24,
        "model": "pr_services.acmethodcall",
        "fields": {
            "ac_check_method": 30,
            "final_type": [
                "pr_services",
                "acmethodcall"
            ],
            "acl": 6,
            "create_timestamp": "2012-04-13T21:46:40.604Z",
            "owner": null,
            "save_timestamp": "2012-04-13T21:46:40.604Z",
            "ac_check_parameters": "(d."
        }
    },
    {
        "pk": 25,
        "model": "pr_services.acmethodcall",
        "fields": {
            "ac_check_method": 41,
            "final_type": [
                "pr_services",
                "acmethodcall"
            ],
            "acl": 6,
            "create_timestamp": "2012-04-13T21:46:40.609Z",
            "owner": null,
            "save_timestamp": "2012-04-13T21:46:40.609Z",
            "ac_check_parameters": "(d."
        }
    },
    {
        "pk": 26,
        "model": "pr_services.acmethodcall",
        "fields": {
            "ac_check_method": 74,
            "final_type": [
                "pr_services",
                "acmethodcall"
            ],
            "acl": 6,
            "create_timestamp": "2012-04-13T21:46:40.613Z",
            "owner": null,
            "save_timestamp": "2012-04-13T21:46:40.613Z",
            "ac_check_parameters": "(d."
        }
    },
    {
        "pk": 27,
        "model": "pr_services.acmethodcall",
        "fields": {
            "ac_check_method": 47,
            "final_type": [
                "pr_services",
                "acmethodcall"
            ],
            "acl": 6,
            "create_timestamp": "2012-04-13T21:46:40.618Z",
            "owner": null,
            "save_timestamp": "2012-04-13T21:46:40.618Z",
            "ac_check_parameters": "(d."
        }
    },
    {
        "pk": 28,
        "model": "pr_services.acmethodcall",
        "fields": {
            "ac_check_method": 73,
            "final_type": [
                "pr_services",
                "acmethodcall"
            ],
            "acl": 7,
            "create_timestamp": "2012-04-13T21:46:40.632Z",
            "owner": null,
            "save_timestamp": "2012-04-13T21:46:40.632Z",
            "ac_check_parameters": "(dp1\nS'group_id'\np2\nI2\ns."
        }
    },
    {
        "pk": 29,
        "model": "pr_services.acmethodcall",
        "fields": {
            "ac_check_method": 15,
            "final_type": [
                "pr_services",
                "acmethodcall"
            ],
            "acl": 8,
            "create_timestamp": "2012-04-13T21:46:40.640Z",
            "owner": null,
            "save_timestamp": "2012-04-13T21:46:40.640Z",
            "ac_check_parameters": "(dp1\n."
        }
    },
    {
        "pk": 30,
        "model": "pr_services.acmethodcall",
        "fields": {
            "ac_check_method": 73,
            "final_type": [
                "pr_services",
                "acmethodcall"
            ],
            "acl": 9,
            "create_timestamp": "2012-04-13T21:46:40.660Z",
            "owner": null,
            "save_timestamp": "2012-04-13T21:46:40.660Z",
            "ac_check_parameters": "(dp1\nS'group_id'\np2\nI3\ns."
        }
    },
    {
        "pk": 31,
        "model": "pr_services.acmethodcall",
        "fields": {
            "ac_check_method": 3,
            "final_type": [
                "pr_services",
                "acmethodcall"
            ],
            "acl": 9,
            "create_timestamp": "2012-04-13T21:46:40.665Z",
            "owner": null,
            "save_timestamp": "2012-04-13T21:46:40.665Z",
            "ac_check_parameters": "(dp1\nS'actor_sur_id'\np2\nI1\nsS'actee_sur_id'\np3\nI2\ns."
        }
    },
    {
        "pk": 32,
        "model": "pr_services.acmethodcall",
        "fields": {
            "ac_check_method": 70,
            "final_type": [
                "pr_services",
                "acmethodcall"
            ],
            "acl": 10,
            "create_timestamp": "2012-04-13T21:46:40.675Z",
            "owner": null,
            "save_timestamp": "2012-04-13T21:46:40.675Z",
            "ac_check_parameters": "(dp1\n."
        }
    },
    {
        "pk": 33,
        "model": "pr_services.acmethodcall",
        "fields": {
            "ac_check_method": 21,
            "final_type": [
                "pr_services",
                "acmethodcall"
            ],
            "acl": 11,
            "create_timestamp": "2012-04-13T21:46:40.686Z",
            "owner": null,
            "save_timestamp": "2012-04-13T21:46:40.686Z",
            "ac_check_parameters": "(d."
        }
    },
    {
        "pk": 34,
        "model": "pr_services.acmethodcall",
        "fields": {
            "ac_check_method": 22,
            "final_type": [
                "pr_services",
                "acmethodcall"
            ],
            "acl": 11,
            "create_timestamp": "2012-04-13T21:46:40.690Z",
            "owner": null,
            "save_timestamp": "2012-04-13T21:46:40.690Z",
            "ac_check_parameters": "(d."
        }
    },
    {
        "pk": 35,
        "model": "pr_services.acmethodcall",
        "fields": {
            "ac_check_method": 23,
            "final_type": [
                "pr_services",
                "acmethodcall"
            ],
            "acl": 11,
            "create_timestamp": "2012-04-13T21:46:40.695Z",
            "owner": null,
            "save_timestamp": "2012-04-13T21:46:40.695Z",
            "ac_check_parameters": "(d."
        }
    },
    {
        "pk": 36,
        "model": "pr_services.acmethodcall",
        "fields": {
            "ac_check_method": 20,
            "final_type": [
                "pr_services",
                "acmethodcall"
            ],
            "acl": 11,
            "create_timestamp": "2012-04-13T21:46:40.699Z",
            "owner": null,
            "save_timestamp": "2012-04-13T21:46:40.699Z",
            "ac_check_parameters": "(d."
        }
    },
    {
        "pk": 37,
        "model": "pr_services.acmethodcall",
        "fields": {
            "ac_check_method": 6,
            "final_type": [
                "pr_services",
                "acmethodcall"
            ],
            "acl": 12,
            "create_timestamp": "2012-04-13T21:46:40.710Z",
            "owner": null,
            "save_timestamp": "2012-04-13T21:46:40.710Z",
            "ac_check_parameters": "(dp1\n."
        }
    },
    {
        "pk": 38,
        "model": "pr_services.acmethodcall",
        "fields": {
            "ac_check_method": 43,
            "final_type": [
                "pr_services",
                "acmethodcall"
            ],
            "acl": 13,
            "create_timestamp": "2012-04-13T21:46:40.723Z",
            "owner": null,
            "save_timestamp": "2012-04-13T21:46:40.723Z",
            "ac_check_parameters": "(d."
        }
    },
    {
        "pk": 39,
        "model": "pr_services.acmethodcall",
        "fields": {
            "ac_check_method": 49,
            "final_type": [
                "pr_services",
                "acmethodcall"
            ],
            "acl": 13,
            "create_timestamp": "2012-04-13T21:46:40.728Z",
            "owner": null,
            "save_timestamp": "2012-04-13T21:46:40.728Z",
            "ac_check_parameters": "(d."
        }
    },
    {
        "pk": 40,
        "model": "pr_services.acmethodcall",
        "fields": {
            "ac_check_method": 43,
            "final_type": [
                "pr_services",
                "acmethodcall"
            ],
            "acl": 14,
            "create_timestamp": "2012-04-13T21:46:40.738Z",
            "owner": null,
            "save_timestamp": "2012-04-13T21:46:40.738Z",
            "ac_check_parameters": "(d."
        }
    },
    {
        "pk": 41,
        "model": "pr_services.acmethodcall",
        "fields": {
            "ac_check_method": 48,
            "final_type": [
                "pr_services",
                "acmethodcall"
            ],
            "acl": 14,
            "create_timestamp": "2012-04-13T21:46:40.742Z",
            "owner": null,
            "save_timestamp": "2012-04-13T21:46:40.742Z",
            "ac_check_parameters": "(d."
        }
    },
    {
        "pk": 1,
        "model": "pr_services.domain",
        "fields": {
            "save_timestamp": "2012-04-13T21:46:40.223Z",
            "final_type": [
                "pr_services",
                "domain"
            ],
            "password_hash_type": "SHA-512",
            "create_timestamp": "2012-04-13T21:46:40.223Z",
            "authentication_ip": null,
            "authentication_password_hash": "",
            "name": "local"
        }
    },
    {
        "pk": 2,
        "model": "pr_services.domain",
        "fields": {
            "save_timestamp": "2012-04-13T21:46:40.225Z",
            "final_type": [
                "pr_services",
                "domain"
            ],
            "password_hash_type": "SHA-512",
            "create_timestamp": "2012-04-13T21:46:40.225Z",
            "authentication_ip": null,
            "authentication_password_hash": "",
            "name": "LDAP"
        }
    },
    {
        "pk": 1,
        "model": "pr_services.domainaffiliation",
        "fields": {
            "username": "admin",
            "domain": 1,
            "save_timestamp": "2012-04-13T21:46:40.246Z",
            "final_type": [
                "pr_services",
                "domainaffiliation"
            ],
            "password_salt": "YD62uR.D",
            "default": true,
            "user": 1,
            "password_hash_type": "SHA-512",
            "create_timestamp": "2012-04-13T21:46:40.246Z",
            "may_log_me_in": false,
            "password_hash": "5d08411e9ee86e5573b1adbc6057eab6c212178f315d0d0149c6ae443da37224c9e2df03b39f2d2abcd680a6b1b2644cd6b205f0f2cd154165fc4c18392c4c66"
        }
    },
    {
        "pk": 3,
        "model": "pr_services.group",
        "fields": {
            "save_timestamp": "2012-04-13T21:46:40.650Z",
            "final_type": [
                "pr_services",
                "group"
            ],
            "default": false,
            "notes": [],
            "active": true,
            "create_timestamp": "2012-04-13T21:46:40.650Z",
            "owner": null,
            "managers": [],
            "name": "Instructors"
        }
    },
    {
        "pk": 2,
        "model": "pr_services.group",
        "fields": {
            "save_timestamp": "2012-04-13T21:46:40.622Z",
            "final_type": [
                "pr_services",
                "group"
            ],
            "default": false,
            "notes": [],
            "active": true,
            "create_timestamp": "2012-04-13T21:46:40.622Z",
            "owner": null,
            "managers": [],
            "name": "Students"
        }
    },
    {
        "pk": 1,
        "model": "pr_services.group",
        "fields": {
            "save_timestamp": "2012-04-13T21:46:40.229Z",
            "final_type": [
                "pr_services",
                "group"
            ],
            "default": false,
            "notes": [],
            "active": true,
            "create_timestamp": "2012-04-13T21:46:40.229Z",
            "owner": null,
            "managers": [],
            "name": "Super Administrators"
        }
    },
    {
        "pk": 1,
        "model": "pr_services.role",
        "fields": {
            "save_timestamp": "2012-04-13T21:46:40.250Z",
            "final_type": [
                "pr_services",
                "role"
            ],
            "notes": [],
            "create_timestamp": "2012-04-13T21:46:40.250Z",
            "owner": null,
            "name": "Admin"
        }
    },
    {
        "pk": 2,
        "model": "pr_services.role",
        "fields": {
            "save_timestamp": "2012-04-13T21:46:40.305Z",
            "final_type": [
                "pr_services",
                "role"
            ],
            "notes": [],
            "create_timestamp": "2012-04-13T21:46:40.305Z",
            "owner": null,
            "name": "Object Owner"
        }
    },
    {
        "pk": 3,
        "model": "pr_services.role",
        "fields": {
            "save_timestamp": "2012-04-13T21:46:40.448Z",
            "final_type": [
                "pr_services",
                "role"
            ],
            "notes": [],
            "create_timestamp": "2012-04-13T21:46:40.448Z",
            "owner": null,
            "name": "Authenticated User"
        }
    },
    {
        "pk": 4,
        "model": "pr_services.role",
        "fields": {
            "save_timestamp": "2012-04-13T21:46:40.463Z",
            "final_type": [
                "pr_services",
                "role"
            ],
            "notes": [],
            "create_timestamp": "2012-04-13T21:46:40.463Z",
            "owner": null,
            "name": "Guest"
        }
    },
    {
        "pk": 5,
        "model": "pr_services.role",
        "fields": {
            "save_timestamp": "2012-04-13T21:46:40.474Z",
            "final_type": [
                "pr_services",
                "role"
            ],
            "notes": [],
            "create_timestamp": "2012-04-13T21:46:40.474Z",
            "owner": null,
            "name": "Task Taker"
        }
    },
    {
        "pk": 6,
        "model": "pr_services.role",
        "fields": {
            "save_timestamp": "2012-04-13T21:46:40.596Z",
            "final_type": [
                "pr_services",
                "role"
            ],
            "notes": [],
            "create_timestamp": "2012-04-13T21:46:40.596Z",
            "owner": null,
            "name": "User"
        }
    },
    {
        "pk": 7,
        "model": "pr_services.role",
        "fields": {
            "save_timestamp": "2012-04-13T21:46:40.624Z",
            "final_type": [
                "pr_services",
                "role"
            ],
            "notes": [],
            "create_timestamp": "2012-04-13T21:46:40.624Z",
            "owner": null,
            "name": "Student"
        }
    },
    {
        "pk": 8,
        "model": "pr_services.role",
        "fields": {
            "save_timestamp": "2012-04-13T21:46:40.653Z",
            "final_type": [
                "pr_services",
                "role"
            ],
            "notes": [],
            "create_timestamp": "2012-04-13T21:46:40.653Z",
            "owner": null,
            "name": "Instructor"
        }
    },
    {
        "pk": 9,
        "model": "pr_services.role",
        "fields": {
            "save_timestamp": "2012-04-13T21:46:40.668Z",
            "final_type": [
                "pr_services",
                "role"
            ],
            "notes": [],
            "create_timestamp": "2012-04-13T21:46:40.668Z",
            "owner": null,
            "name": "Group Manager"
        }
    },
    {
        "pk": 10,
        "model": "pr_services.role",
        "fields": {
            "save_timestamp": "2012-04-13T21:46:40.678Z",
            "final_type": [
                "pr_services",
                "role"
            ],
            "notes": [],
            "create_timestamp": "2012-04-13T21:46:40.678Z",
            "owner": null,
            "name": "Product Line Manager"
        }
    },
    {
        "pk": 11,
        "model": "pr_services.role",
        "fields": {
            "save_timestamp": "2012-04-13T21:46:40.702Z",
            "final_type": [
                "pr_services",
                "role"
            ],
            "notes": [],
            "create_timestamp": "2012-04-13T21:46:40.702Z",
            "owner": null,
            "name": "Instructor Manager"
        }
    },
    {
        "pk": 12,
        "model": "pr_services.role",
        "fields": {
            "save_timestamp": "2012-04-13T21:46:40.713Z",
            "final_type": [
                "pr_services",
                "role"
            ],
            "notes": [],
            "create_timestamp": "2012-04-13T21:46:40.713Z",
            "owner": null,
            "name": "Owner of purchase order with payments"
        }
    },
    {
        "pk": 13,
        "model": "pr_services.role",
        "fields": {
            "save_timestamp": "2012-04-13T21:46:40.730Z",
            "final_type": [
                "pr_services",
                "role"
            ],
            "notes": [],
            "create_timestamp": "2012-04-13T21:46:40.730Z",
            "owner": null,
            "name": "Owner of purchase order with no payments"
        }
    },
    {
        "pk": 1,
        "model": "pr_services.sessionuserrole",
        "fields": {
            "save_timestamp": "2012-04-13T21:46:40.644Z",
            "final_type": [
                "pr_services",
                "sessionuserrole"
            ],
            "notes": [],
            "active": true,
            "create_timestamp": "2012-04-13T21:46:40.644Z",
            "owner": null,
            "name": "Instructor"
        }
    },
    {
        "pk": 2,
        "model": "pr_services.sessionuserrole",
        "fields": {
            "save_timestamp": "2012-04-13T21:46:40.647Z",
            "final_type": [
                "pr_services",
                "sessionuserrole"
            ],
            "notes": [],
            "active": true,
            "create_timestamp": "2012-04-13T21:46:40.647Z",
            "owner": null,
            "name": "Student"
        }
    },
    {
        "pk": 1,
        "model": "pr_services.user",
        "fields": {
            "last_name": "user",
            "save_timestamp": "2012-04-13T21:46:40.234Z",
            "photo": "",
            "is_staff": false,
            "create_timestamp": "2012-04-13T21:46:40.234Z",
            "owner": null,
            "email2": null,
            "biography": null,
            "first_name": "admin",
            "middle_name": "",
            "title": null,
            "confirmation_code": null,
            "enable_paypal": false,
            "email": "admin@admin.org",
            "status": "active",
            "billing_address": null,
            "color_code": null,
            "phone2": null,
            "phone3": null,
            "blame": null,
            "phone": null,
            "groups": [
                1
            ],
            "preferred_venues": [],
            "final_type": [
                "pr_services",
                "user"
            ],
            "url": null,
            "notes": [],
            "name_suffix": null,
            "suppress_emails": false,
            "alleged_organization": null,
            "paypal_address": null,
            "shipping_address": null
        }
    }
]