[
    {
        "pk": 1,
        "model": "pr_messaging.messageformat",
        "fields": {
            "description": null,
            "enabled": true,
            "name": "Email",
            "slug": "email"
        }
    },
    {
        "pk": 1,
        "model": "pr_messaging.messagetype",
        "fields": {
            "multiple_recipients": false,
            "description": null,
            "enabled": true,
            "name": "Log Message",
            "slug": "log-message"
        }
    },
    {
        "pk": 2,
        "model": "pr_messaging.messagetype",
        "fields": {
            "multiple_recipients": false,
            "description": null,
            "enabled": true,
            "name": "Assignment Task Message",
            "slug": "assignment-task-message"
        }
    },
    {
        "pk": 3,
        "model": "pr_messaging.messagetype",
        "fields": {
            "multiple_recipients": false,
            "description": null,
            "enabled": true,
            "name": "Generic",
            "slug": "generic"
        }
    },
    {
        "pk": 4,
        "model": "pr_messaging.messagetype",
        "fields": {
            "multiple_recipients": false,
            "description": null,
            "enabled": true,
            "name": "Initial Password",
            "slug": "initial-password"
        }
    },
    {
        "pk": 5,
        "model": "pr_messaging.messagetype",
        "fields": {
            "multiple_recipients": false,
            "description": null,
            "enabled": true,
            "name": "User Confirmation",
            "slug": "user-confirmation"
        }
    },
    {
        "pk": 6,
        "model": "pr_messaging.messagetype",
        "fields": {
            "multiple_recipients": false,
            "description": null,
            "enabled": true,
            "name": "Password Reset",
            "slug": "password-reset"
        }
    },
    {
        "pk": 1,
        "model": "pr_messaging.messagetemplate",
        "fields": {
            "body": "The following {{ log_level|lower }} message was logged:\n\n{{ log_message }}\n",
            "subject": "{{ log_level|upper }} Message Logged by Precor Experience VoD",
            "message_type": 1,
            "message_format": 1
        }
    },
    {
        "pk": 2,
        "model": "pr_messaging.messagetemplate",
        "fields": {
            "body": "{{ sender.get_full_name }} has sent you a message about the assignment detailed below.\n\nName: {{ task.name|capfirst }}\nTitle: {{ task.title|capfirst }}\nType of Task: {{ task.final_type.name|capfirst }}\nAssignment Status: {{ assignment.status|capfirst }}\n\n{% autoescape on %}\n{{ body }}\n{% endautoescape %}\n\n\n",
            "subject": "{% if subject %}\n{{ subject }}\n{% else %}\nMessage about {{task.name|capfirst}} Assignment\n{% endif %}\n",
            "message_type": 2,
            "message_format": 1
        }
    },
    {
        "pk": 3,
        "model": "pr_messaging.messagetemplate",
        "fields": {
            "body": "{% autoescape off %}\nDear {{ user.full_name }},\n\n{{ sender.full_name }} has sent you the following message:\n\n{{ body }}\n{% endautoescape %}\n",
            "subject": "{% autoescape off %}\n{{ subject }}\n{% endautoescape %}\n",
            "message_type": 3,
            "message_format": 1
        }
    },
    {
        "pk": 4,
        "model": "pr_messaging.messagetemplate",
        "fields": {
            "body": "{% autoescape off %}\n{{ date }}\n\n{{ user.first_name }} {{ user.last_name }}\n{{ organization.name }}\n\nDear {{ user.full_name }},\n\nCongratulations!  You are part of a group of users who have been bulk registered to use the new Precor Experience Training system.  Your username to get into the system is your email address and your password is {{ initial_password }}.  Once you are in the system you can change your password.  Click on Edit Profile in the upper right.\n\nBest regards,\n\nAdministrator\nPrecor Experience Training{% endautoescape %}\n",
            "subject": "{% autoescape off %}Welcome to Precor Experience{% endautoescape %}",
            "message_type": 4,
            "message_format": 1
        }
    },
    {
        "pk": 5,
        "model": "pr_messaging.messagetemplate",
        "fields": {
            "body": "{% load url from future %}\n{% autoescape off %}\n{{ date }}\n\n{{ user.first_name }} {{ user.last_name }}\n{{ organization.name }}\n\nDear {{ user.full_name }},\n\nCongratulations!  You have successfully registered in the Precor Experience Training learning management system.  Before you can login, you must confirm \nyour email address. You may do so by clicking on the following link: \n\n\n{{ backend_url }}{% url 'confirm_email' confirmation_code %}\n\n\nBest regards,\n\nAdministrator\nPrecor Experience Training{% endautoescape %}\n",
            "subject": "{% autoescape off %}Congratulations and welcome to Precor Experience{% endautoescape %}",
            "message_type": 5,
            "message_format": 1
        }
    },
    {
        "pk": 6,
        "model": "pr_messaging.messagetemplate",
        "fields": {
            "body": "{% autoescape off %}\n{{ date }}\n\n{{ user.first_name }} {{ user.last_name }}\n{{ organization.name }}\n\nDear {{ user.full_name }},\n\nSuccess! You have reset your password. Your new password is {{ new_password }}.\n\nBest regards,\n\nAdministrator\nPrecor Experience Training{% endautoescape %}\n",
            "subject": "{% autoescape off %}password reset for Precor Experience{% endautoescape %}",
            "message_type": 6,
            "message_format": 1
        }
    },
    {
        "pk": 1,
        "model": "pr_services.accheckmethod",
        "fields": {
            "save_timestamp": "2012-04-27T16:22:10.350Z",
            "description": "method.actor_has_orgrole",
            "title": "method.actor_has_orgrole",
            "name": "method.actor_has_orgrole",
            "create_timestamp": "2012-04-27T16:22:10.350Z",
            "owner": null,
            "final_type": [
                "pr_services",
                "accheckmethod"
            ]
        }
    },
    {
        "pk": 2,
        "model": "pr_services.accheckmethod",
        "fields": {
            "save_timestamp": "2012-04-27T16:22:10.359Z",
            "description": "Returns True if the actor is an authenticated user.",
            "title": "method.actor_is_authenticated",
            "name": "method.actor_is_authenticated",
            "create_timestamp": "2012-04-27T16:22:10.359Z",
            "owner": null,
            "final_type": [
                "pr_services",
                "accheckmethod"
            ]
        }
    },
    {
        "pk": 3,
        "model": "pr_services.accheckmethod",
        "fields": {
            "save_timestamp": "2012-04-27T16:22:10.363Z",
            "description": "Check that the caller has an OrgRole named `role_name`.",
            "title": "method.caller_has_orgrole",
            "name": "method.caller_has_orgrole",
            "create_timestamp": "2012-04-27T16:22:10.363Z",
            "owner": null,
            "final_type": [
                "pr_services",
                "accheckmethod"
            ]
        }
    },
    {
        "pk": 4,
        "model": "pr_services.accheckmethod",
        "fields": {
            "save_timestamp": "2012-04-27T16:22:10.368Z",
            "description": "\n    Return True if a method call is being authorized and the user is\n    authenticated. Use this for allowing access to methods when the only\n    requirement is that the user of the role be logged in.\n    ",
            "title": "method.caller_is_authenticated",
            "name": "method.caller_is_authenticated",
            "create_timestamp": "2012-04-27T16:22:10.368Z",
            "owner": null,
            "final_type": [
                "pr_services",
                "accheckmethod"
            ]
        }
    },
    {
        "pk": 5,
        "model": "pr_services.accheckmethod",
        "fields": {
            "save_timestamp": "2012-04-27T16:22:10.374Z",
            "description": "Check that an instructor can send email to task assignees.\n\n    This authorizes a method call which has a `task_id` argument.\n    ",
            "title": "method.instructor_can_email_task_assignees",
            "name": "method.instructor_can_email_task_assignees",
            "create_timestamp": "2012-04-27T16:22:10.374Z",
            "owner": null,
            "final_type": [
                "pr_services",
                "accheckmethod"
            ]
        }
    },
    {
        "pk": 6,
        "model": "pr_services.accheckmethod",
        "fields": {
            "save_timestamp": "2012-04-27T16:22:10.379Z",
            "description": "\n    Returns true if the actor is a product line manager for the given product line.\n\n    @param actee      Instance of product_line\n    ",
            "title": "product_line.actor_is_product_line_manager_of_product_line",
            "name": "product_line.actor_is_product_line_manager_of_product_line",
            "create_timestamp": "2012-04-27T16:22:10.379Z",
            "owner": null,
            "final_type": [
                "pr_services",
                "accheckmethod"
            ]
        }
    },
    {
        "pk": 7,
        "model": "pr_services.accheckmethod",
        "fields": {
            "save_timestamp": "2012-04-27T16:22:10.384Z",
            "description": "\n    Returns true if the actor is a product line manager for the given session.\n\n    @param actee      Instance of session\n    ",
            "title": "product_line.actor_is_product_line_manager_of_session",
            "name": "product_line.actor_is_product_line_manager_of_session",
            "create_timestamp": "2012-04-27T16:22:10.384Z",
            "owner": null,
            "final_type": [
                "pr_services",
                "accheckmethod"
            ]
        }
    },
    {
        "pk": 8,
        "model": "pr_services.accheckmethod",
        "fields": {
            "save_timestamp": "2012-04-27T16:22:10.390Z",
            "description": "\n    Returns true if the actor is a product line manager for the given session_template\n\n    @param actee      Instance of session_template\n    ",
            "title": "product_line.actor_is_product_line_manager_of_session_template",
            "name": "product_line.actor_is_product_line_manager_of_session_template",
            "create_timestamp": "2012-04-27T16:22:10.390Z",
            "owner": null,
            "final_type": [
                "pr_services",
                "accheckmethod"
            ]
        }
    },
    {
        "pk": 9,
        "model": "pr_services.accheckmethod",
        "fields": {
            "save_timestamp": "2012-04-27T16:22:10.395Z",
            "description": "\n    Returns True if the actor is the product line manager for a\n    product line in which the actee is an instructor.\n\n    @param actee      A user object that we are evaluation authorization for\n    ",
            "title": "product_line.actor_is_product_line_manager_of_user",
            "name": "product_line.actor_is_product_line_manager_of_user",
            "create_timestamp": "2012-04-27T16:22:10.394Z",
            "owner": null,
            "final_type": [
                "pr_services",
                "accheckmethod"
            ]
        }
    },
    {
        "pk": 10,
        "model": "pr_services.accheckmethod",
        "fields": {
            "save_timestamp": "2012-04-27T16:22:10.399Z",
            "description": "\n    This complicatedly name method exists to be a bit generically useful.\n    It will examine actee, ensuring that it is of type actee_model_name.\n    It will then ensure that attribute_name's value is equal to attribute_value.\n\n    ** Note: This depends on the model class's (or at least its parent class)\n    being in facade.models. **\n\n    @param auth_token       The authentication token of the acting user.\n                            Guests are allowed, and so this method does not\n                            use the auth_token\n    @type auth_token        facade.models.AuthToken\n    @param actee            The object in question\n    @type actee             pr_models.PRModel\n    @param actee_model_name The name of the type of the model that this check\n                             is supposed to be applied to\n    @type actee_model_name  str\n    @param attribute_name   The name of the attribute on actee that we want\n                            do perform a comparison on\n    @type attribute_name    str\n    @param attribute_value  The value that actee's attribute should be compared to\n    @type attribute_value   Many types are allowed (string, boolean, int, etc.)\n    ",
            "title": "constraint.actees_attribute_is_set_to",
            "name": "constraint.actees_attribute_is_set_to",
            "create_timestamp": "2012-04-27T16:22:10.399Z",
            "owner": null,
            "final_type": [
                "pr_services",
                "accheckmethod"
            ]
        }
    },
    {
        "pk": 11,
        "model": "pr_services.accheckmethod",
        "fields": {
            "save_timestamp": "2012-04-27T16:22:10.405Z",
            "description": "\n    This complicatedly name method exists to be a bit generically useful.\n    It will examine actee, ensuring that it is of type actee_model_name.\n    It will then follow a foreign key relationship,\n    actee.foreign_object_attribute_name, and ensure that that attribute's\n    value is equal to foreign_object_attribute_value.\n\n    ** Note: This depends on the model class's (or at least its parent class)\n    being in facade.models. **\n\n    @param auth_token                       The authentication token of the\n                                            acting user.  Guests are allowed,\n                                            and so this method does not use\n                                            the auth_token\n    @type auth_token                        facade.models.AuthToken\n    @param actee                            The object in question\n    @type actee                             pr_models.PRModel\n    @param actee_model_name                 The name of the type of the model\n                                            that this check is supposed to be\n                                            applied to\n    @type actee_model_name                  str\n    @param attribute_name                   The name of the attribute on actee\n                                            that we can use to retrieve the foreign\n                                            object\n    @type attribute_name                    str\n    @param foreign_object_attribute_name    The name of the attribute on actee\n                                            that will lead us to the foreign\n                                            object we care about\n    @type foreign_object_attribute_name     str\n    @param foreign_object_attribute_value   The value that the foriegn\n                                            object's attribute should be\n                                            compared to\n    @type foreign_object_attribute_value    Many types are allowed (string,\n                                            boolean, int, etc.)\n    ",
            "title": "constraint.actees_foreign_key_object_has_attribute_set_to",
            "name": "constraint.actees_foreign_key_object_has_attribute_set_to",
            "create_timestamp": "2012-04-27T16:22:10.405Z",
            "owner": null,
            "final_type": [
                "pr_services",
                "accheckmethod"
            ]
        }
    },
    {
        "pk": 12,
        "model": "pr_services.accheckmethod",
        "fields": {
            "save_timestamp": "2012-04-27T16:22:10.410Z",
            "description": "\n    Returns True if the actor and the actee are both enrolled in the same\n    session, for which actor is in the session_user_role actor_sur, and\n    actee is in the session_user_role actee_sur.  Returns False otherwise.\n\n    This method is only for use when the actee is a user.\n\n    @param actee      A user object that we are evaluation authorization for\n    @param actor_sur_id  The primary key of the session_user_role with which the\n            actor should be enrolled in the session\n    @param actee_sur_id  The primary key of the session_user_role with which\n            the actee should be enrolled in the session\n    ",
            "title": "constraint.actor_actee_enrolled_in_same_session",
            "name": "constraint.actor_actee_enrolled_in_same_session",
            "create_timestamp": "2012-04-27T16:22:10.410Z",
            "owner": null,
            "final_type": [
                "pr_services",
                "accheckmethod"
            ]
        }
    },
    {
        "pk": 13,
        "model": "pr_services.accheckmethod",
        "fields": {
            "save_timestamp": "2012-04-27T16:22:10.416Z",
            "description": "\n    Returns True if the actor is a valid authenticated user in\n    the system who is acting upon themselves.\n\n    @param actee  A user object that we wish to compare the actor to\n    ",
            "title": "constraint.actor_is_acting_upon_themselves",
            "name": "constraint.actor_is_acting_upon_themselves",
            "create_timestamp": "2012-04-27T16:22:10.416Z",
            "owner": null,
            "final_type": [
                "pr_services",
                "accheckmethod"
            ]
        }
    },
    {
        "pk": 14,
        "model": "pr_services.accheckmethod",
        "fields": {
            "save_timestamp": "2012-04-27T16:22:10.421Z",
            "description": "\n    This is a strange new breed of auth_check that concerns itcls with the\n    update_dict. It ensures that the update_dict is only attempting to add\n    items from the list of allowed primary keys to the attribute on the actee.\n    It will return false if any 'remove' operation is in the dict, or if any\n    primary key appears in the add list that is not in the allowed primary\n    key list.\n\n    @param auth_token       The authentication token of the acting user\n    @type auth_token        auth_token\n    @param actee            A user object that we are evaluation authorization for\n    @type actee             user\n    @param attribute_name   The attribute that we are authorizing the update\n                            call based on\n    @type attribute_name    string\n    @param allowed_pks      A list of primary keys that we will allow the actor\n                            to add to the actee's many ended attribute\n    @type allowed_pks       list\n    @param update_dict      The dictionary of changes that the actor is\n                            attempting to apply to actee\n    @type update_dict       dict\n    @return                 A boolean of whether or not the actor will be\n                            allowed to run the update call\n    @raises                 InvalidActeeTypeException, AttributeNotInUpdateDictException\n    ",
            "title": "constraint.actor_is_adding_allowed_many_ended_objects_to_user",
            "name": "constraint.actor_is_adding_allowed_many_ended_objects_to_user",
            "create_timestamp": "2012-04-27T16:22:10.421Z",
            "owner": null,
            "final_type": [
                "pr_services",
                "accheckmethod"
            ]
        }
    },
    {
        "pk": 15,
        "model": "pr_services.accheckmethod",
        "fields": {
            "save_timestamp": "2012-04-27T16:22:10.426Z",
            "description": "\n    Returns True if the actor is the instructor manager for a product\n    line in which the actee is an instructor.\n\n    @param actee      A user object that we are evaluation authorization for\n    ",
            "title": "constraint.actor_is_instructor_manager_of_actee",
            "name": "constraint.actor_is_instructor_manager_of_actee",
            "create_timestamp": "2012-04-27T16:22:10.426Z",
            "owner": null,
            "final_type": [
                "pr_services",
                "accheckmethod"
            ]
        }
    },
    {
        "pk": 16,
        "model": "pr_services.accheckmethod",
        "fields": {
            "save_timestamp": "2012-04-27T16:22:10.430Z",
            "description": "\n    Returns True if the actor is the user who created the venue, which is discovered by\n    examining the venue's blame\n    ",
            "title": "constraint.actor_is_venue_creator",
            "name": "constraint.actor_is_venue_creator",
            "create_timestamp": "2012-04-27T16:22:10.430Z",
            "owner": null,
            "final_type": [
                "pr_services",
                "accheckmethod"
            ]
        }
    },
    {
        "pk": 50,
        "model": "pr_services.accheckmethod",
        "fields": {
            "save_timestamp": "2012-04-27T16:22:10.608Z",
            "description": "\n    Returns True iff the assignment's prerequisites have been met\n    ",
            "title": "assignment.assignment_prerequisites_met",
            "name": "assignment.assignment_prerequisites_met",
            "create_timestamp": "2012-04-27T16:22:10.607Z",
            "owner": null,
            "final_type": [
                "pr_services",
                "accheckmethod"
            ]
        }
    },
    {
        "pk": 17,
        "model": "pr_services.accheckmethod",
        "fields": {
            "save_timestamp": "2012-04-27T16:22:10.436Z",
            "description": "\n    Returns True if the actor's status is equal to the specified status.\n\n    @param actee    Not used by this method\n    @type actee     user\n    @param status   The status value that we want to know if the user has or not\n    @type status    string\n    @return         True if the actor's status is equal to the specified status, false otherwise.\n    ",
            "title": "constraint.actor_status_check",
            "name": "constraint.actor_status_check",
            "create_timestamp": "2012-04-27T16:22:10.436Z",
            "owner": null,
            "final_type": [
                "pr_services",
                "accheckmethod"
            ]
        }
    },
    {
        "pk": 18,
        "model": "pr_services.accheckmethod",
        "fields": {
            "save_timestamp": "2012-04-27T16:22:10.442Z",
            "description": "\n    Does nothing if the ExamSession does not have any answered questions\n    or ratings.  That allows us to use the same ACL to allow creation of\n    an ExamSession and allow reading results.  Returns True if the\n    ExamSession has been finished, else False.\n\n    @param actee      Instance of ExamSession\n    ",
            "title": "constraint.populated_exam_session_is_finished",
            "name": "constraint.populated_exam_session_is_finished",
            "create_timestamp": "2012-04-27T16:22:10.442Z",
            "owner": null,
            "final_type": [
                "pr_services",
                "accheckmethod"
            ]
        }
    },
    {
        "pk": 19,
        "model": "pr_services.accheckmethod",
        "fields": {
            "save_timestamp": "2012-04-27T16:22:10.448Z",
            "description": "\n    Returns True iff the session_user_role associate with the actee is the same as the\n    session_user_role specified by the parameter session_user_role.\n    ",
            "title": "constraint.surr_is_of_a_particular_sur",
            "name": "constraint.surr_is_of_a_particular_sur",
            "create_timestamp": "2012-04-27T16:22:10.448Z",
            "owner": null,
            "final_type": [
                "pr_services",
                "accheckmethod"
            ]
        }
    },
    {
        "pk": 20,
        "model": "pr_services.accheckmethod",
        "fields": {
            "save_timestamp": "2012-04-27T16:22:10.453Z",
            "description": "Returns True iff the actor is the owner of the AchievementAward",
            "title": "ownership.actor_owns_achievement_award",
            "name": "ownership.actor_owns_achievement_award",
            "create_timestamp": "2012-04-27T16:22:10.453Z",
            "owner": null,
            "final_type": [
                "pr_services",
                "accheckmethod"
            ]
        }
    },
    {
        "pk": 21,
        "model": "pr_services.accheckmethod",
        "fields": {
            "save_timestamp": "2012-04-27T16:22:10.458Z",
            "description": "\n    Returns True iff the actor is the owner of an AchievementAward for the\n    Achievement.\n    ",
            "title": "ownership.actor_owns_achievement_award_for_achievement",
            "name": "ownership.actor_owns_achievement_award_for_achievement",
            "create_timestamp": "2012-04-27T16:22:10.458Z",
            "owner": null,
            "final_type": [
                "pr_services",
                "accheckmethod"
            ]
        }
    },
    {
        "pk": 22,
        "model": "pr_services.accheckmethod",
        "fields": {
            "save_timestamp": "2012-04-27T16:22:10.462Z",
            "description": "\n    Returns True if the address object is either the user's\n    shipping or billing address, False otherwise.\n\n    @param actee  The address object in question\n    ",
            "title": "ownership.actor_owns_address",
            "name": "ownership.actor_owns_address",
            "create_timestamp": "2012-04-27T16:22:10.462Z",
            "owner": null,
            "final_type": [
                "pr_services",
                "accheckmethod"
            ]
        }
    },
    {
        "pk": 23,
        "model": "pr_services.accheckmethod",
        "fields": {
            "save_timestamp": "2012-04-27T16:22:10.468Z",
            "description": "Returns True iff the actor is the owner of the Assignment.",
            "title": "ownership.actor_owns_assignment",
            "name": "ownership.actor_owns_assignment",
            "create_timestamp": "2012-04-27T16:22:10.468Z",
            "owner": null,
            "final_type": [
                "pr_services",
                "accheckmethod"
            ]
        }
    },
    {
        "pk": 24,
        "model": "pr_services.accheckmethod",
        "fields": {
            "save_timestamp": "2012-04-27T16:22:10.473Z",
            "description": "\n    Returns True iff the actor is the owner of the Assignment\n    ",
            "title": "ownership.actor_owns_assignment_attempt",
            "name": "ownership.actor_owns_assignment_attempt",
            "create_timestamp": "2012-04-27T16:22:10.473Z",
            "owner": null,
            "final_type": [
                "pr_services",
                "accheckmethod"
            ]
        }
    },
    {
        "pk": 25,
        "model": "pr_services.accheckmethod",
        "fields": {
            "save_timestamp": "2012-04-27T16:22:10.478Z",
            "description": "Returns True iff actor owns an assignment for the given task.",
            "title": "ownership.actor_owns_assignment_for_task",
            "name": "ownership.actor_owns_assignment_for_task",
            "create_timestamp": "2012-04-27T16:22:10.478Z",
            "owner": null,
            "final_type": [
                "pr_services",
                "accheckmethod"
            ]
        }
    },
    {
        "pk": 26,
        "model": "pr_services.accheckmethod",
        "fields": {
            "save_timestamp": "2012-04-27T16:22:10.483Z",
            "description": "\n    Returns True if the actor is the owner of the Assignment, or if the\n    actor is a guest and the Assignment doesn't have a user @check\ndefined.\n    ",
            "title": "ownership.actor_owns_assignment_or_is_guest",
            "name": "ownership.actor_owns_assignment_or_is_guest",
            "create_timestamp": "2012-04-27T16:22:10.483Z",
            "owner": null,
            "final_type": [
                "pr_services",
                "accheckmethod"
            ]
        }
    },
    {
        "pk": 27,
        "model": "pr_services.accheckmethod",
        "fields": {
            "save_timestamp": "2012-04-27T16:22:10.488Z",
            "description": "\n    Returns True iff the actor is the owner of the Credential\n    ",
            "title": "ownership.actor_owns_credential",
            "name": "ownership.actor_owns_credential",
            "create_timestamp": "2012-04-27T16:22:10.488Z",
            "owner": null,
            "final_type": [
                "pr_services",
                "accheckmethod"
            ]
        }
    },
    {
        "pk": 28,
        "model": "pr_services.accheckmethod",
        "fields": {
            "save_timestamp": "2012-04-27T16:22:10.493Z",
            "description": "\n    Returns True iff the actor is the owner of a Credential for the\n    CredentialType.\n    ",
            "title": "ownership.actor_owns_credential_for_credential_type",
            "name": "ownership.actor_owns_credential_for_credential_type",
            "create_timestamp": "2012-04-27T16:22:10.493Z",
            "owner": null,
            "final_type": [
                "pr_services",
                "accheckmethod"
            ]
        }
    },
    {
        "pk": 29,
        "model": "pr_services.accheckmethod",
        "fields": {
            "save_timestamp": "2012-04-27T16:22:10.498Z",
            "description": "\n    Returns true if the actor is the owner of an event.\n    ",
            "title": "ownership.actor_owns_event",
            "name": "ownership.actor_owns_event",
            "create_timestamp": "2012-04-27T16:22:10.498Z",
            "owner": null,
            "final_type": [
                "pr_services",
                "accheckmethod"
            ]
        }
    },
    {
        "pk": 30,
        "model": "pr_services.accheckmethod",
        "fields": {
            "save_timestamp": "2012-04-27T16:22:10.502Z",
            "description": "\n    Returns true if the actor owns the payment.\n\n    @param actee      Instance of a purchase_order\n    ",
            "title": "ownership.actor_owns_payment",
            "name": "ownership.actor_owns_payment",
            "create_timestamp": "2012-04-27T16:22:10.502Z",
            "owner": null,
            "final_type": [
                "pr_services",
                "accheckmethod"
            ]
        }
    },
    {
        "pk": 31,
        "model": "pr_services.accheckmethod",
        "fields": {
            "save_timestamp": "2012-04-27T16:22:10.509Z",
            "description": "\n    Returns True if the actor is the same User object as is listed in the\n    PRModel's owner field, or if the PRModel has None in its owner field.\n    ",
            "title": "ownership.actor_owns_prmodel",
            "name": "ownership.actor_owns_prmodel",
            "create_timestamp": "2012-04-27T16:22:10.509Z",
            "owner": null,
            "final_type": [
                "pr_services",
                "accheckmethod"
            ]
        }
    },
    {
        "pk": 32,
        "model": "pr_services.accheckmethod",
        "fields": {
            "save_timestamp": "2012-04-27T16:22:10.515Z",
            "description": "\n    Returns true if the actor owns the purchase order being accessed.\n\n    @param actee      Instance of a purchase_order\n    ",
            "title": "ownership.actor_owns_purchase_order",
            "name": "ownership.actor_owns_purchase_order",
            "create_timestamp": "2012-04-27T16:22:10.515Z",
            "owner": null,
            "final_type": [
                "pr_services",
                "accheckmethod"
            ]
        }
    },
    {
        "pk": 33,
        "model": "pr_services.accheckmethod",
        "fields": {
            "save_timestamp": "2012-04-27T16:22:10.520Z",
            "description": "\n    Returns True iff the QuestionResponse is for an ExamSession owned by the\n    actor.\n    ",
            "title": "ownership.actor_owns_question_response",
            "name": "ownership.actor_owns_question_response",
            "create_timestamp": "2012-04-27T16:22:10.520Z",
            "owner": null,
            "final_type": [
                "pr_services",
                "accheckmethod"
            ]
        }
    },
    {
        "pk": 34,
        "model": "pr_services.accheckmethod",
        "fields": {
            "save_timestamp": "2012-04-27T16:22:10.526Z",
            "description": "\n    Returns True if the actor owns the event associated with this session.\n    ",
            "title": "ownership.actor_owns_session",
            "name": "ownership.actor_owns_session",
            "create_timestamp": "2012-04-27T16:22:10.526Z",
            "owner": null,
            "final_type": [
                "pr_services",
                "accheckmethod"
            ]
        }
    },
    {
        "pk": 35,
        "model": "pr_services.accheckmethod",
        "fields": {
            "save_timestamp": "2012-04-27T16:22:10.532Z",
            "description": "\n    Returns True if the session associated with the session_user_role_requirement is owned\n    by the actor\n    ",
            "title": "ownership.actor_owns_session_user_role_requirement",
            "name": "ownership.actor_owns_session_user_role_requirement",
            "create_timestamp": "2012-04-27T16:22:10.532Z",
            "owner": null,
            "final_type": [
                "pr_services",
                "accheckmethod"
            ]
        }
    },
    {
        "pk": 36,
        "model": "pr_services.accheckmethod",
        "fields": {
            "save_timestamp": "2012-04-27T16:22:10.538Z",
            "description": "\n    Returns true if the actor owns the purchase order being accessed.\n\n    @param actee      Instance of a purchase_order\n    ",
            "title": "ownership.actor_owns_training_unit_authorization",
            "name": "ownership.actor_owns_training_unit_authorization",
            "create_timestamp": "2012-04-27T16:22:10.538Z",
            "owner": null,
            "final_type": [
                "pr_services",
                "accheckmethod"
            ]
        }
    },
    {
        "pk": 37,
        "model": "pr_services.accheckmethod",
        "fields": {
            "save_timestamp": "2012-04-27T16:22:10.544Z",
            "description": "\n    Returns true if the purchase order being accessed has no payments.\n\n    @param actee      Instance of a purchase_order\n    ",
            "title": "payment.purchase_order_has_no_payments",
            "name": "payment.purchase_order_has_no_payments",
            "create_timestamp": "2012-04-27T16:22:10.544Z",
            "owner": null,
            "final_type": [
                "pr_services",
                "accheckmethod"
            ]
        }
    },
    {
        "pk": 38,
        "model": "pr_services.accheckmethod",
        "fields": {
            "save_timestamp": "2012-04-27T16:22:10.549Z",
            "description": "\n    Returns true if the purchase order being accessed has at least one payment.\n\n    @param actee      Instance of a purchase_order\n    ",
            "title": "payment.purchase_order_has_payments",
            "name": "payment.purchase_order_has_payments",
            "create_timestamp": "2012-04-27T16:22:10.549Z",
            "owner": null,
            "final_type": [
                "pr_services",
                "accheckmethod"
            ]
        }
    },
    {
        "pk": 39,
        "model": "pr_services.accheckmethod",
        "fields": {
            "save_timestamp": "2012-04-27T16:22:10.553Z",
            "description": "\n    Returns true if the refund does not put the total amount of\n    refunds for a particular payment over the value of the payment.\n\n    @param actee      Instance of refund\n    ",
            "title": "payment.refund_does_not_exceed_payment",
            "name": "payment.refund_does_not_exceed_payment",
            "create_timestamp": "2012-04-27T16:22:10.553Z",
            "owner": null,
            "final_type": [
                "pr_services",
                "accheckmethod"
            ]
        }
    },
    {
        "pk": 40,
        "model": "pr_services.accheckmethod",
        "fields": {
            "save_timestamp": "2012-04-27T16:22:10.558Z",
            "description": "auth.actor_is_anybody",
            "title": "auth.actor_is_anybody",
            "name": "auth.actor_is_anybody",
            "create_timestamp": "2012-04-27T16:22:10.558Z",
            "owner": null,
            "final_type": [
                "pr_services",
                "accheckmethod"
            ]
        }
    },
    {
        "pk": 41,
        "model": "pr_services.accheckmethod",
        "fields": {
            "save_timestamp": "2012-04-27T16:22:10.563Z",
            "description": "Returns True if the actor is an authenticated user.",
            "title": "auth.actor_is_authenticated",
            "name": "auth.actor_is_authenticated",
            "create_timestamp": "2012-04-27T16:22:10.563Z",
            "owner": null,
            "final_type": [
                "pr_services",
                "accheckmethod"
            ]
        }
    },
    {
        "pk": 42,
        "model": "pr_services.accheckmethod",
        "fields": {
            "save_timestamp": "2012-04-27T16:22:10.568Z",
            "description": "Returns True if the actor is a guest.",
            "title": "auth.actor_is_guest",
            "name": "auth.actor_is_guest",
            "create_timestamp": "2012-04-27T16:22:10.568Z",
            "owner": null,
            "final_type": [
                "pr_services",
                "accheckmethod"
            ]
        }
    },
    {
        "pk": 43,
        "model": "pr_services.accheckmethod",
        "fields": {
            "save_timestamp": "2012-04-27T16:22:10.574Z",
            "description": "\n    Returns True iff the actor is assigned to the CurriculumEnrollment\n    ",
            "title": "assignment.actor_assigned_to_curriculum_enrollment",
            "name": "assignment.actor_assigned_to_curriculum_enrollment",
            "create_timestamp": "2012-04-27T16:22:10.574Z",
            "owner": null,
            "final_type": [
                "pr_services",
                "accheckmethod"
            ]
        }
    },
    {
        "pk": 44,
        "model": "pr_services.accheckmethod",
        "fields": {
            "save_timestamp": "2012-04-27T16:22:10.578Z",
            "description": "\n    Returns True if the actor is assigned to a session for the\n    actee (an `Event` object).\n    ",
            "title": "assignment.actor_assigned_to_event_session",
            "name": "assignment.actor_assigned_to_event_session",
            "create_timestamp": "2012-04-27T16:22:10.578Z",
            "owner": null,
            "final_type": [
                "pr_services",
                "accheckmethod"
            ]
        }
    },
    {
        "pk": 45,
        "model": "pr_services.accheckmethod",
        "fields": {
            "save_timestamp": "2012-04-27T16:22:10.583Z",
            "description": "\n    Returns True iff the actor has an assignment for this session\n    ",
            "title": "assignment.actor_assigned_to_session",
            "name": "assignment.actor_assigned_to_session",
            "create_timestamp": "2012-04-27T16:22:10.583Z",
            "owner": null,
            "final_type": [
                "pr_services",
                "accheckmethod"
            ]
        }
    },
    {
        "pk": 46,
        "model": "pr_services.accheckmethod",
        "fields": {
            "save_timestamp": "2012-04-27T16:22:10.588Z",
            "description": "\n    Returns True iff the actor has completed all of the prerequisite tasks\n    for the task being queried.\n    ",
            "title": "assignment.actor_has_completed_assignment_prerequisites",
            "name": "assignment.actor_has_completed_assignment_prerequisites",
            "create_timestamp": "2012-04-27T16:22:10.588Z",
            "owner": null,
            "final_type": [
                "pr_services",
                "accheckmethod"
            ]
        }
    },
    {
        "pk": 47,
        "model": "pr_services.accheckmethod",
        "fields": {
            "save_timestamp": "2012-04-27T16:22:10.593Z",
            "description": "\n    Returns True iff the actor has completed all of the prerequisite tasks for the task being queried.\n    ",
            "title": "assignment.actor_has_completed_task_prerequisites",
            "name": "assignment.actor_has_completed_task_prerequisites",
            "create_timestamp": "2012-04-27T16:22:10.593Z",
            "owner": null,
            "final_type": [
                "pr_services",
                "accheckmethod"
            ]
        }
    },
    {
        "pk": 48,
        "model": "pr_services.accheckmethod",
        "fields": {
            "save_timestamp": "2012-04-27T16:22:10.598Z",
            "description": "\n    Returns True iff the assignment_attempt's dates meet the restrictions\n    defined on the Assignment\n    ",
            "title": "assignment.assignment_attempt_meets_date_restrictions",
            "name": "assignment.assignment_attempt_meets_date_restrictions",
            "create_timestamp": "2012-04-27T16:22:10.598Z",
            "owner": null,
            "final_type": [
                "pr_services",
                "accheckmethod"
            ]
        }
    },
    {
        "pk": 49,
        "model": "pr_services.accheckmethod",
        "fields": {
            "save_timestamp": "2012-04-27T16:22:10.603Z",
            "description": "\n    Returns True iff the assignment_attempt's prerequisites have been met\n    ",
            "title": "assignment.assignment_attempt_prerequisites_met",
            "name": "assignment.assignment_attempt_prerequisites_met",
            "create_timestamp": "2012-04-27T16:22:10.603Z",
            "owner": null,
            "final_type": [
                "pr_services",
                "accheckmethod"
            ]
        }
    },
    {
        "pk": 51,
        "model": "pr_services.accheckmethod",
        "fields": {
            "save_timestamp": "2012-04-27T16:22:10.613Z",
            "description": "\n    Returns true if the assignment is at a venue that matches the actor's\n    preferred venue\n\n    @param actee      Instance of Assignment\n    ",
            "title": "assignment.assignment_venue_matches_actor_preferred_venue",
            "name": "assignment.assignment_venue_matches_actor_preferred_venue",
            "create_timestamp": "2012-04-27T16:22:10.613Z",
            "owner": null,
            "final_type": [
                "pr_services",
                "accheckmethod"
            ]
        }
    },
    {
        "pk": 52,
        "model": "pr_services.accheckmethod",
        "fields": {
            "save_timestamp": "2012-04-27T16:22:10.619Z",
            "description": "\n    If the actee is in the group, the method returns True iff they are also\n    of the domain.  If they are not in the group, it will return False.\n\n    This is useful for making sure that participants who register themselves are\n    in a particular domain, such as 'constantcontact.com' for the Constant\n    Contact variant.\n\n    Note that returning False instead of True if the user is not a part of\n    the specified group is a different behavior from what the Constant\n    Contact variant does!\n\n    @param actee    The user object in question\n    @type actee     user\n    @param group_id The primary key of the group that the actee must be a member of\n    @param domain_id the primary key of the domain\n    ",
            "title": "membership.actee_is_in_group_and_domain",
            "name": "membership.actee_is_in_group_and_domain",
            "create_timestamp": "2012-04-27T16:22:10.618Z",
            "owner": null,
            "final_type": [
                "pr_services",
                "accheckmethod"
            ]
        }
    },
    {
        "pk": 53,
        "model": "pr_services.accheckmethod",
        "fields": {
            "save_timestamp": "2012-04-27T16:22:10.623Z",
            "description": "\n    Returns True if the actor is the manager of the group.\n\n    @param actee  Instance of a group\n    ",
            "title": "membership.actor_is_group_manager",
            "name": "membership.actor_is_group_manager",
            "create_timestamp": "2012-04-27T16:22:10.623Z",
            "owner": null,
            "final_type": [
                "pr_services",
                "accheckmethod"
            ]
        }
    },
    {
        "pk": 54,
        "model": "pr_services.accheckmethod",
        "fields": {
            "save_timestamp": "2012-04-27T16:22:10.628Z",
            "description": "Returns true if the actee is a group and the actor is a member thereof.",
            "title": "membership.actor_is_in_actee_which_is_a_group",
            "name": "membership.actor_is_in_actee_which_is_a_group",
            "create_timestamp": "2012-04-27T16:22:10.628Z",
            "owner": null,
            "final_type": [
                "pr_services",
                "accheckmethod"
            ]
        }
    },
    {
        "pk": 55,
        "model": "pr_services.accheckmethod",
        "fields": {
            "save_timestamp": "2012-04-27T16:22:10.633Z",
            "description": "\n    Returns True if the actee is an Organization and the actor belongs to that\n    organization.\n    ",
            "title": "membership.actor_is_in_actee_which_is_an_organization",
            "name": "membership.actor_is_in_actee_which_is_an_organization",
            "create_timestamp": "2012-04-27T16:22:10.633Z",
            "owner": null,
            "final_type": [
                "pr_services",
                "accheckmethod"
            ]
        }
    },
    {
        "pk": 56,
        "model": "pr_services.accheckmethod",
        "fields": {
            "save_timestamp": "2012-04-27T16:22:10.639Z",
            "description": "\n    Returns True if the actor is a member of the specified group, False otherwise.\n\n    @param actee      Not used by this method, but must be passed anyway as\n            per authorization system requirements\n    @param group_id   The primary key of the group we wish to test membership in\n    ",
            "title": "membership.actor_member_of_group",
            "name": "membership.actor_member_of_group",
            "create_timestamp": "2012-04-27T16:22:10.639Z",
            "owner": null,
            "final_type": [
                "pr_services",
                "accheckmethod"
            ]
        }
    },
    {
        "pk": 57,
        "model": "pr_services.accheckmethod",
        "fields": {
            "save_timestamp": "2012-04-27T16:22:10.643Z",
            "description": "\n    Returns True if the DomainAffiliation's 'user' attribute\n    references the actor\n\n    @param actee  The DomainAffiliation object in question\n    ",
            "title": "membership.actor_related_to_domain_affiliation",
            "name": "membership.actor_related_to_domain_affiliation",
            "create_timestamp": "2012-04-27T16:22:10.643Z",
            "owner": null,
            "final_type": [
                "pr_services",
                "accheckmethod"
            ]
        }
    },
    {
        "pk": 58,
        "model": "pr_services.accheckmethod",
        "fields": {
            "save_timestamp": "2012-04-27T16:22:10.649Z",
            "description": "membership.orgrole.actor_has_orgrole",
            "title": "membership.orgrole.actor_has_orgrole",
            "name": "membership.orgrole.actor_has_orgrole",
            "create_timestamp": "2012-04-27T16:22:10.649Z",
            "owner": null,
            "final_type": [
                "pr_services",
                "accheckmethod"
            ]
        }
    },
    {
        "pk": 59,
        "model": "pr_services.accheckmethod",
        "fields": {
            "save_timestamp": "2012-04-27T16:22:10.654Z",
            "description": "\n    Returns True if the actor has the specified OrgRole for the\n    organization and the actee is an `Achievement` object. False otherwise.\n    ",
            "title": "membership.orgrole.actor_has_role_for_achievement",
            "name": "membership.orgrole.actor_has_role_for_achievement",
            "create_timestamp": "2012-04-27T16:22:10.654Z",
            "owner": null,
            "final_type": [
                "pr_services",
                "accheckmethod"
            ]
        }
    },
    {
        "pk": 60,
        "model": "pr_services.accheckmethod",
        "fields": {
            "save_timestamp": "2012-04-27T16:22:10.660Z",
            "description": "Returns True if the actor has the specified OrgRole named `role` for an\n    organization, and the actee is a member of the same organization or a\n    descendant organization.\n\n    This check supports ALL authorizable actee types for OrgRole privileges. It\n    may be desirable to exclude some specific types from this broad check. In\n    that case, such types can be specified in `excluded_types`.\n\n    Arguments:\n        auth_token: The user's auth token.\n        actee: The object being acted on.\n        role: The name of the OrgRole required for the actor.\n        excluded_types: A set of types that will NOT be checked by this method.\n        restricted_ops: A set of operations which will be checked by this\n                        method.\n    ",
            "title": "membership.orgrole.actor_has_role_for_actee",
            "name": "membership.orgrole.actor_has_role_for_actee",
            "create_timestamp": "2012-04-27T16:22:10.660Z",
            "owner": null,
            "final_type": [
                "pr_services",
                "accheckmethod"
            ]
        }
    },
    {
        "pk": 61,
        "model": "pr_services.accheckmethod",
        "fields": {
            "save_timestamp": "2012-04-27T16:22:10.667Z",
            "description": "\n    Returns True if the actor has the specified OrgRole for the\n    organization to which the actee (an `Assignment` object) belongs.\n    False otherwise.\n    ",
            "title": "membership.orgrole.actor_has_role_for_assignment",
            "name": "membership.orgrole.actor_has_role_for_assignment",
            "create_timestamp": "2012-04-27T16:22:10.667Z",
            "owner": null,
            "final_type": [
                "pr_services",
                "accheckmethod"
            ]
        }
    },
    {
        "pk": 62,
        "model": "pr_services.accheckmethod",
        "fields": {
            "save_timestamp": "2012-04-27T16:22:10.675Z",
            "description": "\n    Returns True if the actor has the specified OrgRole for the organization\n    to which the actee (a `Credential` object) belongs. False Otherwise.\n    ",
            "title": "membership.orgrole.actor_has_role_for_credential",
            "name": "membership.orgrole.actor_has_role_for_credential",
            "create_timestamp": "2012-04-27T16:22:10.674Z",
            "owner": null,
            "final_type": [
                "pr_services",
                "accheckmethod"
            ]
        }
    },
    {
        "pk": 63,
        "model": "pr_services.accheckmethod",
        "fields": {
            "save_timestamp": "2012-04-27T16:22:10.681Z",
            "description": "\n    Returns True if the actee is a `CredentialType` object and the actor has\n    the role in question. Support for differentiating Credential types by\n    Organization *may* be implemented in the future.\n    ",
            "title": "membership.orgrole.actor_has_role_for_credential_type",
            "name": "membership.orgrole.actor_has_role_for_credential_type",
            "create_timestamp": "2012-04-27T16:22:10.681Z",
            "owner": null,
            "final_type": [
                "pr_services",
                "accheckmethod"
            ]
        }
    },
    {
        "pk": 64,
        "model": "pr_services.accheckmethod",
        "fields": {
            "save_timestamp": "2012-04-27T16:22:10.688Z",
            "description": "\n    Returns True if the actor has the specified OrgRole for the\n    organization to which the actee (a `CurriculumTaskAssignment`\n    object) belongs. False otherwise\n    ",
            "title": "membership.orgrole.actor_has_role_for_curriculum_task_assoc",
            "name": "membership.orgrole.actor_has_role_for_curriculum_task_assoc",
            "create_timestamp": "2012-04-27T16:22:10.688Z",
            "owner": null,
            "final_type": [
                "pr_services",
                "accheckmethod"
            ]
        }
    },
    {
        "pk": 65,
        "model": "pr_services.accheckmethod",
        "fields": {
            "save_timestamp": "2012-04-27T16:22:10.695Z",
            "description": "\n    Returns True if the actor has the specified OrgRole for the\n    organization to which the actee (a `CurriculumEnrollment` object)\n    belongs. False otherwise.\n    ",
            "title": "membership.orgrole.actor_has_role_for_enrollment",
            "name": "membership.orgrole.actor_has_role_for_enrollment",
            "create_timestamp": "2012-04-27T16:22:10.695Z",
            "owner": null,
            "final_type": [
                "pr_services",
                "accheckmethod"
            ]
        }
    },
    {
        "pk": 66,
        "model": "pr_services.accheckmethod",
        "fields": {
            "save_timestamp": "2012-04-27T16:22:10.701Z",
            "description": "membership.orgrole.actor_has_role_for_enrollment_association",
            "title": "membership.orgrole.actor_has_role_for_enrollment_association",
            "name": "membership.orgrole.actor_has_role_for_enrollment_association",
            "create_timestamp": "2012-04-27T16:22:10.701Z",
            "owner": null,
            "final_type": [
                "pr_services",
                "accheckmethod"
            ]
        }
    },
    {
        "pk": 67,
        "model": "pr_services.accheckmethod",
        "fields": {
            "save_timestamp": "2012-04-27T16:22:10.708Z",
            "description": "\n    Returns True if the actor has the specified OrgRole for the\n    organization which owns the actee, an `Answer` object.\n    False otherwise.\n    ",
            "title": "membership.orgrole.actor_has_role_for_exam_answer",
            "name": "membership.orgrole.actor_has_role_for_exam_answer",
            "create_timestamp": "2012-04-27T16:22:10.708Z",
            "owner": null,
            "final_type": [
                "pr_services",
                "accheckmethod"
            ]
        }
    },
    {
        "pk": 68,
        "model": "pr_services.accheckmethod",
        "fields": {
            "save_timestamp": "2012-04-27T16:22:10.714Z",
            "description": "\n    Returns True if the actor has the specified OrgRole for the\n    organization which owns the actee (a `Question` or `QuestionPool`\n    object). False otherwise.\n    ",
            "title": "membership.orgrole.actor_has_role_for_exam_question",
            "name": "membership.orgrole.actor_has_role_for_exam_question",
            "create_timestamp": "2012-04-27T16:22:10.714Z",
            "owner": null,
            "final_type": [
                "pr_services",
                "accheckmethod"
            ]
        }
    },
    {
        "pk": 69,
        "model": "pr_services.accheckmethod",
        "fields": {
            "save_timestamp": "2012-04-27T16:22:10.722Z",
            "description": "\n    Return True if the actor has the specified OrgRole for the Group. Currently\n    this always returns True since a Group is not associated with any particular\n    organization.\n    ",
            "title": "membership.orgrole.actor_has_role_for_group",
            "name": "membership.orgrole.actor_has_role_for_group",
            "create_timestamp": "2012-04-27T16:22:10.722Z",
            "owner": null,
            "final_type": [
                "pr_services",
                "accheckmethod"
            ]
        }
    },
    {
        "pk": 70,
        "model": "pr_services.accheckmethod",
        "fields": {
            "save_timestamp": "2012-04-27T16:22:10.729Z",
            "description": "\n    Return True if the actor has the specified OrgRole for any\n    organization at all.\n    ",
            "title": "membership.orgrole.actor_has_role_for_organization",
            "name": "membership.orgrole.actor_has_role_for_organization",
            "create_timestamp": "2012-04-27T16:22:10.729Z",
            "owner": null,
            "final_type": [
                "pr_services",
                "accheckmethod"
            ]
        }
    },
    {
        "pk": 71,
        "model": "pr_services.accheckmethod",
        "fields": {
            "save_timestamp": "2012-04-27T16:22:10.737Z",
            "description": "\n    Returns True if the actor has the specified OrgRole for the\n    organization which owns the actee (a `Resource` object). False\n    otherwise.\n    ",
            "title": "membership.orgrole.actor_has_role_for_resource",
            "name": "membership.orgrole.actor_has_role_for_resource",
            "create_timestamp": "2012-04-27T16:22:10.736Z",
            "owner": null,
            "final_type": [
                "pr_services",
                "accheckmethod"
            ]
        }
    },
    {
        "pk": 72,
        "model": "pr_services.accheckmethod",
        "fields": {
            "save_timestamp": "2012-04-27T16:22:10.743Z",
            "description": "\n    Returns True if the actor has the specified OrgRole for the\n    organization to which the actee (a `Session` object) belongs. False\n    otherwise.\n    ",
            "title": "membership.orgrole.actor_has_role_for_session",
            "name": "membership.orgrole.actor_has_role_for_session",
            "create_timestamp": "2012-04-27T16:22:10.743Z",
            "owner": null,
            "final_type": [
                "pr_services",
                "accheckmethod"
            ]
        }
    },
    {
        "pk": 73,
        "model": "pr_services.accheckmethod",
        "fields": {
            "save_timestamp": "2012-04-27T16:22:10.749Z",
            "description": "\n    Return True if the actor has the specified OrgRole for a TaskFee object,\n    which is determined by whether or not the actor has this role for the\n    associated Task.\n    ",
            "title": "membership.orgrole.actor_has_role_for_task_fee",
            "name": "membership.orgrole.actor_has_role_for_task_fee",
            "create_timestamp": "2012-04-27T16:22:10.749Z",
            "owner": null,
            "final_type": [
                "pr_services",
                "accheckmethod"
            ]
        }
    },
    {
        "pk": 74,
        "model": "pr_services.accheckmethod",
        "fields": {
            "save_timestamp": "2012-04-27T16:22:10.756Z",
            "description": "\n    Returns True if the actor has the specified OrgRole for the\n    organization to which the actee (a `User` object) belongs. False\n    otherwise.\n    ",
            "title": "membership.orgrole.actor_has_role_for_user",
            "name": "membership.orgrole.actor_has_role_for_user",
            "create_timestamp": "2012-04-27T16:22:10.756Z",
            "owner": null,
            "final_type": [
                "pr_services",
                "accheckmethod"
            ]
        }
    },
    {
        "pk": 75,
        "model": "pr_services.accheckmethod",
        "fields": {
            "save_timestamp": "2012-04-27T16:22:10.762Z",
            "description": "\n    Returns True if the actor has the specified OrgRole for the same\n    organization as the actee (a `UserOrgRole` object) and the actee does not\n    belong to other organizations.\n    ",
            "title": "membership.orgrole.actor_has_role_for_userorgrole",
            "name": "membership.orgrole.actor_has_role_for_userorgrole",
            "create_timestamp": "2012-04-27T16:22:10.762Z",
            "owner": null,
            "final_type": [
                "pr_services",
                "accheckmethod"
            ]
        }
    },
    {
        "pk": 1,
        "model": "pr_services.acl",
        "fields": {
            "save_timestamp": "2012-04-27T16:22:10.946Z",
            "final_type": [
                "pr_services",
                "acl"
            ],
            "arbitrary_perm_list": "(lp1\nS'access_db_settings'\np2\naS'change_password_of_other_users'\np3\naS'check_usernames'\np4\naS'exceed_enrollment_capacity'\np5\naS'logging'\np6\naS'read_reports'\np7\naS'regenerate_payment_confirmations'\np8\naS'resend_payment_confirmations'\np9\naS'send_email'\np10\naS'upload_scorm_course'\np11\na.",
            "acl": "(dp1\nS'Group'\np2\n(dp3\nS'c'\nI01\nsS'r'\nc__builtin__\nset\np4\n((lp5\nS'save_timestamp'\np6\naS'name'\np7\naS'default'\np8\naS'notes'\np9\naS'create_timestamp'\np10\naS'content_type'\np11\naS'managers'\np12\naS'id'\np13\naS'categories'\np14\naS'users'\np15\natRp16\nsS'u'\ng4\n((lp17\ng12\nag7\nag8\nag9\nag14\nag15\natRp18\nsS'd'\nI01\nssS'ResourceType'\np19\n(dp20\nS'c'\nI01\nsS'r'\ng4\n((lp21\ng6\nag7\nag9\nag10\nag11\naS'sessiontemplateresourcetypereqs'\np22\nag13\naS'resources'\np23\naS'sessionresourcetyperequirements'\np24\natRp25\nsS'u'\ng4\n((lp26\ng9\nag24\nag7\nag23\nag22\natRp27\nsS'd'\nI01\nssS'CurriculumEnrollment'\np28\n(dp29\nS'c'\nI01\nsS'r'\ng4\n((lp30\ng6\naS'description'\np31\naS'assignments'\np32\naS'curriculum_name'\np33\naS'curriculum'\np34\nag13\naS'start'\np35\nag10\nag11\naS'end'\np36\nag15\naS'user_completion_statuses'\np37\nag9\nag7\natRp38\nsS'u'\ng4\n((lp39\ng35\nag36\nag31\nag7\nag9\nag34\nag15\natRp40\nsS'd'\nI01\nssS'Note'\np41\n(dp42\nS'c'\nI01\nsS'r'\ng4\n((lp43\ng6\naS'text'\np44\nag10\nag11\nag13\natRp45\nsS'u'\ng4\n((lp46\ng44\natRp47\nsS'd'\nI01\nssS'Role'\np48\n(dp49\nS'c'\nI01\nsS'r'\ng4\n((lp50\nS'ac_check_methods'\np51\nag6\nag7\nag9\naS'acl'\np52\nag10\nag11\nag13\natRp53\nsS'u'\ng4\n((lp54\ng9\nag51\nag7\nag52\natRp55\nsS'd'\nI01\nssS'CSVData'\np56\n(dp57\nS'c'\nI01\nsS'r'\ng4\n((lp58\ng6\naS'id'\np59\naS'content_type'\np60\nag10\natRp61\nsS'u'\ng4\n((ltRp62\nsS'd'\nI01\nssS'Answer'\np63\n(dp64\nS'c'\nI01\nsS'r'\ng4\n((lp65\nS'correct'\np66\nag6\naS'responses'\np67\naS'end_question_pool'\np68\naS'next_question_pool'\np69\nag10\nag11\nag13\naS'text_response'\np70\nag7\nag9\naS'end_exam'\np71\naS'question'\np72\naS'value'\np73\naS'label'\np74\naS'order'\np75\natRp76\nsS'u'\ng4\n((lp77\ng70\nag68\nag67\nag9\nag71\nag72\nag69\nag73\nag74\nag75\nag66\nag7\natRp78\nsS'd'\nI01\nssS'Credential'\np79\n(dp80\nS'c'\nI01\nsS'r'\ng4\n((lp81\nS'status'\np82\nag6\naS'credential_type'\np83\nag9\naS'authority'\np84\naS'credential_type_name'\np85\naS'date_expires'\np86\nag10\nag11\naS'serial_number'\np87\naS'date_started'\np88\naS'date_granted'\np89\nag13\naS'date_assigned'\np90\naS'user'\np91\natRp92\nsS'u'\ng4\n((lp93\ng82\nag83\nag9\nag84\nag86\nag91\nag87\nag88\nag89\nag90\natRp94\nsS'd'\nI01\nssS'ProductLine'\np95\n(dp96\nS'c'\nI01\nsS'r'\ng4\n((lp97\ng6\nag7\nag9\naS'instructors'\np98\nag10\nag11\nag12\naS'instructor_managers'\np99\nag13\natRp100\nsS'u'\ng4\n((lp101\ng98\nag9\nag99\nag12\nag7\natRp102\nsS'd'\nI01\nssS'SessionUserRole'\np103\n(dp104\nS'c'\nI01\nsS'r'\ng4\n((lp105\ng6\nag7\naS'session_user_role_requirements'\np106\nag9\nag10\nag11\nag13\natRp107\nsS'u'\ng4\n((lp108\ng9\nag7\nag106\natRp109\nsS'd'\nI01\nssS'FormPage'\np110\n(dp111\nS'c'\nI01\nsS'r'\ng4\n((lp112\ng6\naS'exam'\np113\naS'photo'\np114\nag9\naS'number'\np115\nag10\nag11\naS'form_widgets'\np116\nag13\natRp117\nsS'u'\ng4\n((lp118\ng9\nag116\nag113\nag115\natRp119\nsS'd'\nI01\nssS'SessionUserRoleRequirement'\np120\n(dp121\nS'c'\nI01\nsS'r'\ng4\n((lp122\nS'achievements'\np123\nag6\nag31\naS'max'\np124\naS'prerequisite_tasks'\np125\naS'version_id'\np126\naS'session'\np127\naS'session_user_role'\np128\nag10\naS'version_label'\np129\naS'credential_types'\np130\naS'task_fees'\np131\nag13\nag15\naS'yielded_tasks'\np132\nag7\naS'min'\np133\naS'prerequisite_achievements'\np134\nag9\naS'title'\np135\naS'version_comment'\np136\naS'role_name'\np137\nag11\naS'organization'\np138\naS'remaining_capacity'\np139\naS'ignore_room_capacity'\np140\naS'type'\np141\naS'prevent_duplicate_assignments'\np142\natRp143\nsS'u'\ng4\n((lp144\ng123\nag31\nag124\nag125\nag126\nag127\nag128\nag129\nag130\nag131\nag15\nag132\nag7\nag133\nag9\nag135\nag136\nag138\nag139\nag140\nag134\nag142\natRp145\nsS'd'\nI01\nssS'Assignment'\np146\n(dp147\nS'c'\nI01\nsS'r'\ng4\n((lp148\ng82\naS'due_date'\np149\nag6\nag84\naS'prerequisites_met'\np150\nag10\nag11\nag91\nag13\naS'achievement_awards'\np151\naS'task'\np152\naS'date_completed'\np153\naS'task_content_type'\np154\nag9\naS'effective_date_assigned'\np155\naS'status_change_log'\np156\nag87\nag88\naS'assignment_attempts'\np157\natRp158\nsS'u'\ng4\n((lp159\ng82\nag149\nag152\nag153\nag9\nag84\nag155\nag91\nag151\nag87\nag88\nag157\natRp160\nsS'd'\nI01\nssS'MessageType'\np161\n(dp162\nS'c'\nI01\nsS'r'\ng4\n((lp163\ng6\nag31\nag9\naS'enabled'\np164\nag13\nag10\nag11\naS'slug'\np165\nag7\natRp166\nsS'u'\ng4\n((lp167\ng9\nag165\natRp168\nsS'd'\nI01\nssS'User'\np169\n(dp170\nS'c'\nI01\nsS'r'\ng4\n((lp171\ng123\naS'product_lines_managed'\np172\naS'last_name'\np173\nag6\nag11\naS'is_staff'\np174\nag10\naS'full_name'\np175\naS'product_lines_instructor_manager_for'\np176\naS'email2'\np177\nag13\naS'biography'\np178\nag151\naS'alleged_organization'\np179\naS'first_name'\np180\naS'middle_name'\np181\naS'domain_affiliations'\np182\nag135\naS'enable_paypal'\np183\naS'product_lines_instructor_for'\np184\naS'email'\np185\nag82\naS'billing_address'\np186\naS'color_code'\np187\naS'default_username_and_domain'\np188\naS'phone3'\np189\naS'phone'\np190\naS'groups'\np191\naS'credentials'\np192\naS'owned_userorgroles'\np193\naS'preferred_venues'\np194\naS'photo_url'\np195\naS'username'\np196\naS'organizations'\np197\naS'roles'\np198\nag106\naS'url'\np199\nag9\naS'name_suffix'\np200\naS'completed_curriculum_enrollments'\np201\naS'suppress_emails'\np202\naS'incomplete_curriculum_enrollments'\np203\naS'paypal_address'\np204\naS'shipping_address'\np205\naS'domains'\np206\naS'phone2'\np207\natRp208\nsS'u'\ng4\n((lp209\ng82\nag123\nag173\nag187\nag207\nag189\nag190\nag174\nag191\nag192\nag177\nag178\nag195\nag151\nag197\nag180\nag181\nag198\nag135\nag179\nag9\nag200\nag183\nag199\nag202\nag194\nag204\nag205\nag186\nag185\natRp210\nsS'd'\nI01\nssS'FileUploadAttempt'\np211\n(dp212\nS'c'\nI01\nsS'r'\ng4\n((lp213\nS'file_upload'\np214\nag6\naS'deleted'\np215\naS'assignment'\np216\nag9\naS'file_url'\np217\naS'file_name'\np218\nag10\nag11\naS'file_size'\np219\nag153\nag88\nag13\nag91\natRp220\nsS'u'\ng4\n((lp221\ng215\nag9\nag153\nag88\natRp222\nsS'd'\nI01\nssS'TrainingUnitTransaction'\np223\n(dp224\nS'c'\nI01\nsS'r'\ng4\n((lp225\ng6\nag9\nag73\naS'purchase_order'\np226\naS'training_unit_authorizations'\np227\nag10\nag11\naS'training_unit_account'\np228\nag13\natRp229\nsS'u'\ng4\n((lp230\ng9\nag227\nag228\nag226\natRp231\nsS'd'\nI01\nssS'Response'\np232\n(dp233\nS'c'\nI01\nsS'r'\ng4\n((lp234\ng6\naS'exam_session'\np235\nag9\nag72\nag73\nag13\naS'valid'\np236\naS'answers'\np237\nag11\nag44\nag66\nag10\natRp238\nsS'u'\ng4\n((lp239\ng9\natRp240\nsS'd'\nI01\nssS'ForumPost'\np241\n(dp242\nS'c'\nI01\nsS'r'\ng4\n((lp243\nS'body'\np244\nag6\naS'attachments'\np245\nag9\naS'topic'\np246\nag10\nag11\nag13\natRp247\nsS'u'\ng4\n((lp248\ng244\nag246\nag9\natRp249\nsS'd'\nI01\nssS'Task'\np250\n(dp251\nS'c'\nI01\nsS'r'\ng4\n((lp252\ng123\nag6\nag31\nag124\nag125\nag126\nag10\nag129\nag131\nag13\nag15\nag132\nag7\nag133\nag141\nag9\nag135\nag136\nag11\nag138\nag139\nag134\nag142\natRp253\nsS'u'\ng4\n((lp254\ng123\nag31\nag124\nag125\nag126\nag129\nag131\nag15\nag132\nag7\nag133\nag9\nag135\nag136\nag138\nag139\nag134\nag142\natRp255\nsS'd'\nI01\nssS'ScoSession'\np256\n(dp257\nS'c'\nI01\nsS'r'\ng4\n((lp258\nS'sco'\np259\nag6\nag11\naS'cmi_core_score_max'\np260\nag216\nag9\naS'cmi_core_lesson_status'\np261\nag13\nag10\naS'cmi_core_lesson_location'\np262\naS'cmi_core_score_min'\np263\nag153\nag88\naS'shared_object'\np264\natRp265\nsS'u'\ng4\n((lp266\ng9\nag153\nag88\natRp267\nsS'd'\nI01\nssS'ProductClaim'\np268\n(dp269\nS'c'\nI01\nsS'r'\ng4\n((lp270\nS'product'\np271\nag6\naS'discounts'\np272\nag9\nag32\nag226\naS'training_units_paid'\np273\nag10\nag11\nag13\naS'price_paid'\np274\naS'quantity'\np275\natRp276\nsS'u'\ng4\n((lp277\ng9\nag226\nag271\nag275\natRp278\nsS'd'\nI01\nssS'TaskBundleTaskAssociation'\np279\n(dp280\nS'c'\nI01\nsS'r'\ng4\n((lp281\nS'task_bundle'\np282\nag152\nag6\naS'presentation_order'\np283\naS'continue_automatically'\np284\nag10\nag60\nag59\natRp285\nsS'u'\ng4\n((lp286\ng282\nag152\nag284\nag283\natRp287\nsS'd'\nI01\nssS'ConditionTestCollection'\np288\n(dp289\nS'c'\nI01\nsS'r'\ng4\n((lp290\ng6\nag7\nag9\nag10\nag11\naS'condition_tests'\np291\nag13\natRp292\nsS'u'\ng4\n((lp293\ng9\nag7\natRp294\nsS'd'\nI01\nssS'Region'\np295\n(dp296\nS'c'\nI01\nsS'r'\ng4\n((lp297\ng6\nag7\nag9\naS'venues'\np298\nag13\nag10\nag11\naS'events'\np299\natRp300\nsS'u'\ng4\n((lp301\ng9\nag299\nag298\nag7\natRp302\nsS'd'\nI01\nssS'Venue'\np303\n(dp304\nS'c'\nI01\nsS'r'\ng4\n((lp305\ng6\nag7\nag9\naS'hours_of_operation'\np306\nag299\nag190\naS'contact'\np307\nag10\nag11\naS'address'\np308\naS'owner'\np309\naS'blackout_periods'\np310\naS'region'\np311\nag13\naS'rooms'\np312\natRp313\nsS'u'\ng4\n((lp314\ng310\nag7\nag9\nag308\nag190\nag307\nag312\nag306\nag309\nag311\nag299\natRp315\nsS'd'\nI01\nssS'CredentialType'\np316\n(dp317\nS'c'\nI01\nsS'r'\ng4\n((lp318\nS'min_required_tasks'\np319\nag6\nag31\nag9\naS'prerequisite_credential_types'\np320\nag10\nag11\naS'duration'\np321\naS'required_achievements'\np322\nag13\nag7\natRp323\nsS'u'\ng4\n((lp324\ng319\nag31\nag320\nag321\nag9\nag322\nag7\natRp325\nsS'd'\nI01\nssS'SessionResourceTypeRequirement'\np326\n(dp327\nS'c'\nI01\nsS'r'\ng4\n((lp328\ng6\nag133\nag124\nag9\naS'resource_type'\np329\nag127\nag10\nag11\nag13\nag23\natRp330\nsS'u'\ng4\n((lp331\ng127\nag329\nag133\nag124\nag9\nag23\natRp332\nsS'd'\nI01\nssS'Question'\np333\n(dp334\nS'c'\nI01\nsS'r'\ng4\n((lp335\nS'rejoinder'\np336\naS'widget'\np337\nag6\nag67\naS'text_response_label'\np338\naS'max_value'\np339\naS'min_value'\np340\naS'max_answers'\np341\nag237\naS'question_pool'\np342\naS'min_answers'\np343\nag10\nag11\naS'help_text'\np344\nag13\nag70\naS'min_length'\np345\nag7\nag9\naS'required'\np346\nag74\naS'max_length'\np347\naS'question_type'\np348\naS'text_regex'\np349\nag75\nag91\natRp350\nsS'u'\ng4\n((lp351\ng336\nag337\nag67\nag338\nag339\nag340\nag341\nag237\nag342\nag343\nag91\nag344\nag70\nag345\nag7\nag9\nag346\nag74\nag347\nag348\nag349\nag75\natRp352\nsS'd'\nI01\nssS'OrgRole'\np353\n(dp354\nS'c'\nI01\nsS'r'\ng4\n((lp355\ng197\nag6\nag7\naS'user_org_roles'\np356\nag9\nag10\nag11\nag13\nag15\natRp357\nsS'u'\ng4\n((lp358\ng197\nag9\nag7\nag15\natRp359\nsS'd'\nI01\nssS'Organization'\np360\n(dp361\nS'c'\nI01\nsS'r'\ng4\n((lp362\ng6\nag356\naS'primary_contact_cell_phone'\np363\nag10\naS'primary_contact_first_name'\np364\nag13\nag15\naS'use_external_uid'\np365\naS'external_uid'\np366\naS'ancestors'\np367\naS'org_email_domains'\np368\naS'primary_contact_email'\np369\naS'children'\np370\naS'training_unit_accounts'\np371\naS'department'\np372\nag185\naS'fax'\np373\nag31\naS'parent'\np374\naS'descendants'\np375\naS'purchase_orders'\np376\naS'primary_contact_other_phone'\np377\nag190\nag11\nag308\nag195\nag7\nag198\naS'primary_contact_office_phone'\np378\nag199\nag9\naS'primary_contact_last_name'\np379\natRp380\nsS'u'\ng4\n((lp381\ng373\nag31\nag374\nag363\nag365\nag377\nag190\nag308\nag364\nag15\nag366\nag7\nag198\nag378\nag199\nag9\nag369\nag379\nag372\nag195\nag185\natRp382\nsS'd'\nI01\nssS'ExamManager'\np383\n(dp384\nS'methods'\np385\ng4\n((lp386\nS'create_from_xml'\np387\naS'export_to_xml'\np388\natRp389\nssS'CustomAction'\np390\n(dp391\nS'c'\nI01\nsS'r'\ng4\n((lp392\ng6\nag31\nag9\nag7\nag10\nag11\nag13\naS'function_name'\np393\natRp394\nsS'u'\ng4\n((lp395\ng9\nag31\nag7\nag393\natRp396\nsS'd'\nI01\nssS'Refund'\np397\n(dp398\nS'c'\nI01\nsS'r'\ng4\n((lp399\ng6\nag59\nag60\nag10\natRp400\nsS'u'\ng4\n((ltRp401\nsS'd'\nI00\nssS'OrgEmailDomain'\np402\n(dp403\nS'c'\nI01\nsS'r'\ng4\n((lp404\ng138\nag6\nag9\naS'effective_role_name'\np405\naS'role'\np406\nag10\nag11\naS'email_domain'\np407\naS'effective_role'\np408\nag13\natRp409\nsS'u'\ng4\n((lp410\ng138\nag9\nag406\nag407\natRp411\nsS'd'\nI01\nssS'MessageFormat'\np412\n(dp413\nS'c'\nI01\nsS'r'\ng4\n((lp414\ng6\nag10\nag11\nag9\nag13\nag165\natRp415\nsS'u'\ng4\n((lp416\ng9\natRp417\nsS'd'\nI01\nssS'SessionTemplate'\np418\n(dp419\nS'c'\nI01\nsS'r'\ng4\n((lp420\ng6\nag31\naS'sequence'\np421\naS'price'\np422\nag321\nag10\nag11\naS'active'\np423\nag13\naS'product_line'\np424\naS'event_template'\np425\nag9\naS'sessions'\np426\naS'session_template_resource_type_requirements'\np427\naS'modality'\np428\naS'audience'\np429\naS'version'\np430\naS'session_template_user_role_requirements'\np431\naS'shortname'\np432\naS'fullname'\np433\naS'lead_time'\np434\natRp435\nsS'u'\ng4\n((lp436\ng31\nag421\nag422\nag321\nag423\nag428\nag424\nag425\nag9\nag426\nag427\nag429\nag430\nag431\nag432\nag433\nag434\natRp437\nsS'd'\nI01\nssS'CurriculumEnrollmentUserAssociation'\np438\n(dp439\nS'c'\nI01\nsS'r'\ng4\n((lp440\ng6\nag10\nag60\nag59\natRp441\nsS'u'\ng4\n((ltRp442\nsS'd'\nI01\nssS'TaskFee'\np443\n(dp444\nS'c'\nI01\nsS'r'\ng4\n((lp445\nS'custom_actions'\np446\nag6\nag31\nag422\naS'cost'\np447\naS'starting_quantity'\np448\nag11\nag13\naS'sku'\np449\nag152\naS'training_units'\np450\nag7\nag9\naS'inventory'\np451\naS'display_order'\np452\nag10\natRp453\nsS'u'\ng4\n((lp454\ng449\nag446\nag450\nag31\nag9\nag452\nag7\nag152\nag448\nag422\nag447\natRp455\nsS'd'\nI01\nssS'DomainAffiliation'\np456\n(dp457\nS'c'\nI01\nsS'r'\ng4\n((lp458\ng196\naS'domain'\np459\nag6\nag8\nag9\nag10\nag11\naS'may_log_me_in'\np460\nag13\nag91\natRp461\nsS'u'\ng4\n((lp462\ng196\nag8\nag459\nag91\nag460\nag9\natRp463\nsS'd'\nI01\nssS'Sco'\np464\n(dp465\nS'c'\nI01\nsS'r'\ng4\n((lp466\ng123\nag6\nag31\nag124\nag125\nag126\naS'course'\np467\nag10\nag129\nag134\naS'completion_requirement'\np468\nag13\nag15\nag132\nag7\nag133\nag199\nag131\nag9\nag135\naS'data'\np469\nag136\nag11\nag138\nag139\nag141\nag142\natRp470\nsS'u'\ng4\n((lp471\ng123\nag31\nag124\nag125\nag126\nag467\nag129\nag131\nag15\nag132\nag7\nag133\nag199\nag468\nag9\nag135\nag469\nag136\nag138\nag139\nag134\nag142\natRp472\nsS'd'\nI01\nssS'ForumCategory'\np473\n(dp474\nS'c'\nI01\nsS'r'\ng4\n((lp475\ng6\nag7\nag9\nag10\nag11\naS'forums'\np476\nag13\natRp477\nsS'u'\ng4\n((lp478\ng9\nag7\natRp479\nsS'd'\nI01\nssS'EventTemplate'\np480\n(dp481\nS'c'\nI01\nsS'r'\ng4\n((lp482\ng6\nag31\naS'facebook_message'\np483\nag10\nag11\nag13\nag424\naS'external_reference'\np484\nag135\nag199\nag9\naS'session_templates'\np485\naS'notify_cfgs'\np486\naS'lag_time'\np487\nag138\naS'twitter_message'\np488\naS'name_prefix'\np489\nag299\nag434\natRp490\nsS'u'\ng4\n((lp491\ng424\nag31\nag135\nag483\nag9\nag484\nag486\nag199\nag487\nag138\nag488\nag489\nag434\natRp492\nsS'd'\nI01\nssS'Event'\np493\n(dp494\nS'c'\nI01\nsS'r'\ng4\n((lp495\ng82\nag6\nag31\nag426\nag483\nag10\nag11\nag309\nag13\nag7\nag424\nag36\nag484\nag425\nag199\nag9\nag135\naS'venue'\np496\nag486\nag35\nag487\nag138\nag488\nag311\nag434\natRp497\nsS'u'\ng4\n((lp498\ng31\nag483\nag309\nag7\nag424\nag36\nag484\nag425\nag199\nag9\nag135\nag496\nag486\nag35\nag487\nag138\nag488\nag311\nag434\natRp499\nsS'd'\nI01\nssS'ExamSession'\np500\n(dp501\nS'c'\nI01\nsS'r'\ng4\n((lp502\ng6\nag113\naS'number_correct'\np503\nag216\nag9\naS'response_questions'\np504\naS'score'\np505\nag11\nag10\naS'passed'\np506\nag153\nag88\naS'passing_score'\np507\nag13\nag91\natRp508\nsS'u'\ng4\n((lp509\ng9\nag153\nag88\natRp510\nsS'd'\nI01\nssS'FileDownload'\np511\n(dp512\nS'c'\nI01\nsS'r'\ng4\n((lp513\ng123\nag6\nag31\nag215\nag124\nag125\nag126\nag10\nag129\nag219\nag131\nag13\nag15\nag132\nag7\nag133\nag134\nag9\nag135\nag217\nag136\nag11\nag138\nag139\nag141\nag142\natRp514\nsS'u'\ng4\n((lp515\ng123\nag31\nag215\nag124\nag125\nag126\nag129\nag131\nag15\nag132\nag7\nag133\nag9\nag135\nag136\nag138\nag139\nag134\nag142\natRp516\nsS'd'\nI01\nssS'ForumTopic'\np517\n(dp518\nS'c'\nI01\nsS'r'\ng4\n((lp519\ng6\nag11\naS'forum'\np520\nag9\naS'posts'\np521\naS'sticky'\np522\nag10\naS'closed'\np523\nag13\nag7\natRp524\nsS'u'\ng4\n((lp525\ng520\nag9\nag7\nag523\nag522\natRp526\nsS'd'\nI01\nssS'AssignmentAttempt'\np527\n(dp528\nS'c'\nI01\nsS'r'\ng4\n((lp529\ng6\nag216\nag9\nag10\nag11\nag153\nag88\nag13\natRp530\nsS'u'\ng4\n((lp531\ng9\nag153\nag88\natRp532\nsS'd'\nI01\nssS'SessionTemplateResourceTypeReq'\np533\n(dp534\nS'c'\nI01\nsS'r'\ng4\n((lp535\ng6\naS'session_template'\np536\nag133\nag124\nag9\nag10\nag11\nag13\nag329\natRp537\nsS'u'\ng4\n((lp538\ng124\nag9\nag536\nag329\nag133\natRp539\nsS'd'\nI01\nssS'PurchaseOrder'\np540\n(dp541\nS'c'\nI01\nsS'r'\ng4\n((lp542\nS'training_units_price'\np543\naS'total_training_units'\np544\nag6\naS'promo_code'\np545\naS'training_units_purchased'\np546\naS'product_offers'\np547\nag10\nag11\nag138\nag91\nag13\naS'product_claims'\np548\naS'total_price'\np549\nag9\naS'products'\np550\naS'payments'\np551\naS'product_discounts'\np552\naS'is_paid'\np553\naS'expiration'\np554\natRp555\nsS'u'\ng4\n((lp556\ng543\nag545\nag546\nag138\nag9\nag91\nag554\natRp557\nsS'd'\nI01\nssS'FileUpload'\np558\n(dp559\nS'c'\nI01\nsS'r'\ng4\n((lp560\ng123\nag6\nag31\nag124\nag125\nag126\nag10\nag129\nag131\nag13\nag15\nag132\nag7\nag133\nag134\nag9\nag135\nag136\nag11\nag138\nag139\nag141\nag142\natRp561\nsS'u'\ng4\n((lp562\ng123\nag31\nag124\nag125\nag126\nag129\nag131\nag15\nag132\nag7\nag133\nag9\nag135\nag136\nag138\nag139\nag134\nag142\natRp563\nsS'd'\nI01\nssS'TrainingUnitAccount'\np564\n(dp565\nS'c'\nI01\nsS'r'\ng4\n((lp566\ng6\naS'training_unit_transactions'\np567\nag9\nag10\nag11\nag138\naS'balance'\np568\nag13\nag91\natRp569\nsS'u'\ng4\n((lp570\ng138\nag9\naS'starting_value'\np571\nag91\natRp572\nsS'd'\nI01\nssS'Product'\np573\n(dp574\nS'c'\nI01\nsS'r'\ng4\n((lp575\ng449\nag446\nag6\nag31\nag9\nag451\nag422\nag448\nag452\nag447\nag10\nag11\nag450\nag13\nag7\natRp576\nsS'u'\ng4\n((lp577\ng449\nag446\nag450\nag31\nag9\nag422\nag447\nag448\nag452\nag7\natRp578\nsS'd'\nI01\nssS'FileDownloadAttempt'\np579\n(dp580\nS'c'\nI01\nsS'r'\ng4\n((lp581\ng6\naS'file_download'\np582\nag216\nag9\nag10\nag11\nag153\nag88\nag13\nag91\natRp583\nsS'u'\ng4\n((lp584\ng9\nag153\nag88\natRp585\nsS'd'\nI01\nssS'Curriculum'\np586\n(dp587\nS'c'\nI01\nsS'r'\ng4\n((lp588\ng123\naS'curriculum_task_associations'\np589\naS'tasks'\np590\nag6\nag31\nag9\nag10\nag11\nag423\nag138\nag13\nag7\natRp591\nsS'u'\ng4\n((lp592\ng123\nag590\nag31\nag423\nag138\nag9\nag7\natRp593\nsS'd'\nI01\nssS'CurriculumTaskAssociation'\np594\n(dp595\nS'c'\nI01\nsS'r'\ng4\n((lp596\ng282\nag284\nag6\nag11\nag283\nag9\nag34\naS'days_before_start'\np597\nag13\nag152\nag10\naS'task_name'\np598\naS'days_to_complete'\np599\naS'task_type'\np600\natRp601\nsS'u'\ng4\n((lp602\ng282\nag152\nag283\nag9\nag34\nag597\nag284\nag599\natRp603\nsS'd'\nI01\nssS'Blame'\np604\n(dp605\nS'c'\nI01\nsS'r'\ng4\n((lp606\ng6\nag9\nag10\nag11\nag13\natRp607\nsS'u'\ng4\n((lp608\ng9\natRp609\nsS'd'\nI01\nssS'MessageTemplate'\np610\n(dp611\nS'c'\nI01\nsS'r'\ng4\n((lp612\ng244\nag6\naS'message_format'\np613\nag9\nag10\nag11\naS'message_type'\np614\nag13\naS'subject'\np615\natRp616\nsS'u'\ng4\n((lp617\ng244\nag9\nag615\natRp618\nsS'd'\nI01\nssS'Payment'\np619\n(dp620\nS'c'\nI01\nsS'r'\ng4\n((lp621\nS'city'\np622\naS'first_name'\np623\naS'last_name'\np624\nag6\naS'zip'\np625\naS'refunds'\np626\naS'country'\np627\nag9\naS'state'\np628\nag59\nag226\naS'card_type'\np629\naS'amount'\np630\naS'exp_date'\np631\nag10\nag60\naS'sales_tax'\np632\naS'date'\np633\naS'invoice_number'\np634\naS'result_message'\np635\naS'transaction_id'\np636\natRp637\nsS'u'\ng4\n((ltRp638\nsS'd'\nI00\nssS'Achievement'\np639\n(dp640\nS'c'\nI01\nsS'r'\ng4\n((lp641\ng6\nag15\naS'component_achievements'\np642\nag7\nag10\nag11\nag13\naS'yielded_achievements'\np643\nag9\nag31\natRp644\nsS'u'\ng4\n((lp645\ng15\nag9\nag31\nag642\nag643\nag7\natRp646\nsS'd'\nI01\nssS'TrainingVoucher'\np647\n(dp648\nS'c'\nI01\nsS'r'\ng4\n((lp649\nS'code'\np650\nag6\nag9\nag13\nag226\nag10\nag11\naS'session_user_role_requirement'\np651\nag422\natRp652\nsS'u'\ng4\n((lp653\ng9\nag651\nag226\natRp654\nsS'd'\nI01\nssS'BlackoutPeriod'\np655\n(dp656\nS'c'\nI01\nsS'r'\ng4\n((lp657\ng6\nag31\nag9\nag496\nag35\nag10\nag11\nag36\nag13\natRp658\nsS'u'\ng4\n((lp659\ng35\nag9\nag36\nag31\nag496\natRp660\nsS'd'\nI01\nssS'SessionTemplateUserRoleReq'\np661\n(dp662\nS'c'\nI01\nsS'r'\ng4\n((lp663\ng6\nag536\nag133\nag124\nag9\nag128\nag10\nag11\nag13\natRp664\nsS'u'\ng4\n((lp665\ng124\nag9\nag128\nag536\nag133\natRp666\nsS'd'\nI01\nssS'Resource'\np667\n(dp668\nS'c'\nI01\nsS'r'\ng4\n((lp669\nS'session_resource_type_requirements'\np670\nag6\nag31\nag9\nag10\nag11\naS'resource_types'\np671\nag13\nag7\natRp672\nsS'u'\ng4\n((lp673\ng9\nag670\nag671\nag31\nag7\natRp674\nsS'd'\nI01\nssS'Room'\np675\n(dp676\nS'c'\nI01\nsS'r'\ng4\n((lp677\ng6\nag7\naS'venue_name'\np678\naS'venue_address'\np679\nag9\nag496\nag10\nag11\naS'capacity'\np680\nag13\natRp681\nsS'u'\ng4\n((lp682\ng496\nag9\nag680\nag7\natRp683\nsS'd'\nI01\nssS'Forum'\np684\n(dp685\nS'c'\nI01\nsS'r'\ng4\n((lp686\nS'category'\np687\nag6\nag31\nag9\nag13\nag10\nag11\naS'topics'\np688\nag7\natRp689\nsS'u'\ng4\n((lp690\ng687\nag9\nag31\nag7\natRp691\nsS'd'\nI01\nssS'ConditionTest'\np692\n(dp693\nS'c'\nI01\nsS'r'\ng4\n((lp694\ng6\nag11\nag421\nag10\nag191\nag192\nag13\nag36\nag106\naS'condition_test_collection'\np695\nag9\nag426\naS'companies'\np696\naS'match_all_defined_parameters'\np697\nag35\nag299\natRp698\nsS'u'\ng4\n((lp699\ng697\nag106\nag426\nag695\nag9\nag421\nag696\nag35\nag191\nag192\nag36\nag299\natRp700\nsS'd'\nI01\nssS'ProductDiscount'\np701\n(dp702\nS'c'\nI01\nsS'r'\ng4\n((lp703\ng547\nag6\nag7\nag695\nag9\naS'cumulative'\np704\naS'currency'\np705\nag550\nag10\nag11\nag450\naS'percentage'\np706\nag13\nag545\natRp707\nsS'u'\ng4\n((lp708\ng547\nag450\nag7\nag695\nag9\nag704\nag705\nag550\nag706\nag545\natRp709\nsS'd'\nI01\nssS'TaskBundle'\np710\n(dp711\nS'c'\nI01\nsS'r'\ng4\n((lp712\ng590\nag6\nag7\nag9\nag10\nag11\nag13\nag31\natRp713\nsS'u'\ng4\n((lp714\ng9\nag590\nag7\nag31\natRp715\nsS'd'\nI01\nssS'UserOrgRole'\np716\n(dp717\nS'c'\nI01\nsS'r'\ng4\n((lp718\ng6\nag374\nag135\nag9\naS'persistent'\np719\nag13\naS'organization_name'\np720\nag137\nag406\nag10\nag11\nag309\nag138\nag370\natRp721\nsS'u'\ng4\n((lp722\ng406\nag374\nag135\nag309\nag138\nag9\nag719\natRp723\nsS'd'\nI01\nssS'FormWidget'\np724\n(dp725\nS'c'\nI01\nsS'r'\ng4\n((lp726\ng6\naS'y'\naS'form_page'\np727\nag9\nag72\naS'height'\np728\naS'width'\np729\nag10\nag11\naS'answer'\np730\naS'x'\nag13\natRp731\nsS'u'\ng4\n((lp732\nS'y'\nag727\nag9\nag72\nag728\nag729\nag730\naS'x'\natRp733\nsS'd'\nI01\nssS'AssignmentManager'\np734\n(dp735\ng385\ng4\n((lp736\nS'email_task_assignees'\np737\natRp738\nssS'QuestionPool'\np739\n(dp740\nS'c'\nI01\nsS'r'\ng4\n((lp741\ng6\nag113\nag135\nag9\naS'randomize_questions'\np742\nag13\nag11\nag10\naS'questions'\np743\nag75\naS'number_to_answer'\np744\nag7\natRp745\nsS'u'\ng4\n((lp746\ng113\nag135\nag9\nag742\nag743\nag75\nag744\nag7\natRp747\nsS'd'\nI01\nssS'Exam'\np748\n(dp749\nS'c'\nI01\nsS'r'\ng4\n((lp750\ng123\naS'question_pools'\np751\nag6\nag31\nag124\nag125\nag126\nag10\nag129\nag131\nag13\nag15\nag132\nag7\nag133\nag134\nag9\nag135\nag136\nag507\nag11\nag138\nag139\nag141\nag142\natRp752\nsS'u'\ng4\n((lp753\ng123\nag751\nag31\nag124\nag125\nag126\nag129\nag131\nag15\nag132\nag7\nag133\nag9\nag135\nag136\nag507\nag138\nag139\nag134\nag142\natRp754\nsS'd'\nI01\nssS'ForumPostAttachment'\np755\n(dp756\nS'c'\nI01\nsS'r'\ng4\n((lp757\ng6\nag31\nag9\nag10\nag11\naS'post'\np758\nag13\nag7\natRp759\nsS'u'\ng4\n((lp760\ng9\nag31\nag758\nag7\natRp761\nsS'd'\nI01\nssS'Domain'\np762\n(dp763\nS'c'\nI01\nsS'r'\ng4\n((lp764\ng6\nag7\nag9\nag10\nag11\naS'authentication_ip'\np765\nag13\nag15\natRp766\nsS'u'\ng4\n((lp767\ng765\nag9\naS'authentication_password_hash'\np768\nag7\natRp769\nsS'd'\nI01\nssS'TrainingUnitAuthorization'\np770\n(dp771\nS'c'\nI01\nsS'r'\ng4\n((lp772\ng6\nag339\nag9\naS'used_value'\np773\nag35\nag10\nag11\nag36\nag228\nag13\nag91\natRp774\nsS'u'\ng4\n((lp775\ng35\nag36\nag91\nag339\nag9\nag228\natRp776\nsS'd'\nI01\nssS'Session'\np777\n(dp778\nS'c'\nI01\nsS'r'\ng4\n((lp779\nS'default_price'\np780\nag82\nag6\nag31\nag428\naS'paypal_url'\np781\nag10\nag11\nag13\nag536\naS'confirmed'\np782\nag670\nag36\naS'room'\np783\nag106\nag135\nag199\nag9\naS'session_user_roles'\np784\naS'event'\np785\nag35\nag429\nag432\nag433\naS'evaluation'\np786\nag434\natRp787\nsS'u'\ng4\n((lp788\ng780\nag82\nag31\nag428\nag783\nag782\nag670\nag36\nag536\nag106\nag135\nag199\nag9\nag784\nag785\nag35\nag429\nag432\nag433\nag434\natRp789\nsS'd'\nI01\nssS'AchievementAward'\np790\n(dp791\nS'c'\nI01\nsS'r'\ng4\n((lp792\ng6\nag216\nag9\naS'achievement_name'\np793\nag10\nag11\naS'date'\np794\nag13\naS'achievement'\np795\nag91\natRp796\nsS'u'\ng4\n((lp797\ng794\nag216\nag9\nag91\nag795\natRp798\nsS'd'\nI01\nssS'ProductOffer'\np799\n(dp800\nS'c'\nI01\nsS'r'\ng4\n((lp801\ng271\nag6\nag31\nag9\naS'seller'\np802\nag10\nag11\nag13\nag422\natRp803\nsS'u'\ng4\n((lp804\ng9\nag271\nag422\nag31\nag802\natRp805\nsS'd'\nI01\nss.",
            "role": 1,
            "create_timestamp": "2012-04-27T16:22:10.946Z",
            "owner": null
        }
    },
    {
        "pk": 2,
        "model": "pr_services.acl",
        "fields": {
            "save_timestamp": "2012-04-27T16:22:11.050Z",
            "final_type": [
                "pr_services",
                "acl"
            ],
            "arbitrary_perm_list": "(l.",
            "acl": "(dp1\nS'Credential'\np2\n(dp3\nS'c'\nI00\nsS'r'\nc__builtin__\nset\np4\n((lp5\nS'status'\np6\naS'save_timestamp'\np7\naS'date_expires'\np8\naS'authority'\np9\naS'credential_type'\np10\naS'user'\np11\naS'content_type'\np12\naS'serial_number'\np13\naS'date_started'\np14\naS'date_granted'\np15\naS'id'\np16\naS'date_assigned'\np17\naS'create_timestamp'\np18\natRp19\nsS'u'\ng4\n((ltRp20\nsS'd'\nI00\nssS'Task'\np21\n(dp22\nS'c'\nI00\nsS'r'\ng4\n((lp23\nS'achievements'\np24\nag7\naS'description'\np25\naS'title'\np26\naS'type'\np27\nag18\nag12\naS'prerequisite_achievements'\np28\nag16\naS'name'\np29\natRp30\nsS'u'\ng4\n((ltRp31\nsS'd'\nI00\nssS'ExamSession'\np32\n(dp33\nS'c'\nI01\nsS'r'\ng4\n((lp34\nS'date_completed'\np35\naS'score'\np36\naS'number_correct'\np37\naS'response_questions'\np38\naS'passing_score'\np39\nag12\nag18\naS'passed'\np40\nag7\naS'date_started'\np41\nag16\naS'exam'\np42\natRp43\nsS'u'\ng4\n((lp44\nS'date_completed'\np45\natRp46\nsS'd'\nI00\nssS'Exam'\np47\n(dp48\nS'c'\nI00\nsS'r'\ng4\n((lp49\nS'achievements'\np50\nag7\naS'description'\np51\naS'title'\np52\naS'passing_score'\np53\nag18\nag12\naS'type'\np54\nag16\naS'name'\np55\natRp56\nsS'u'\ng4\n((ltRp57\nsS'd'\nI00\nssS'SessionUserRoleRequirement'\np58\n(dp59\nS'c'\nI00\nsS'r'\ng4\n((lp60\ng7\naS'description'\np61\naS'title'\np62\naS'session'\np63\nag18\nag12\naS'type'\np64\nag16\naS'name'\np65\natRp66\nsS'u'\ng4\n((ltRp67\nsS'd'\nI00\nssS'Assignment'\np68\n(dp69\nS'c'\nI01\nsS'r'\ng4\n((lp70\nS'achievement_awards'\np71\naS'due_date'\np72\naS'task'\np73\naS'date_completed'\np74\naS'task_content_type'\np75\naS'effective_date_assigned'\np76\naS'prerequisites_met'\np77\naS'status'\np78\naS'user'\np79\nag12\nag7\naS'date_started'\np80\nag18\nag16\naS'assignment_attempts'\np81\natRp82\nsS'u'\ng4\n((ltRp83\nsS'd'\nI00\nssS'FileDownloadAttempt'\np84\n(dp85\nS'c'\nI01\nsS'r'\ng4\n((lp86\nS'date_completed'\np87\naS'file_download'\np88\naS'assignment'\np89\nag18\nag12\nag7\naS'date_started'\np90\nag16\natRp91\nsS'u'\ng4\n((ltRp92\nsS'd'\nI00\nssS'Venue'\np93\n(dp94\nS'c'\nI00\nsS'r'\ng4\n((lp95\ng7\nag18\nag12\naS'address'\np96\naS'region'\np97\nag16\natRp98\nsS'u'\ng4\n((ltRp99\nsS'd'\nI00\nssS'CredentialType'\np100\n(dp101\nS'c'\nI00\nsS'r'\ng4\n((lp102\ng7\naS'name'\np103\nag12\nag18\nag16\naS'description'\np104\natRp105\nsS'u'\ng4\n((ltRp106\nsS'd'\nI00\nssS'CurriculumEnrollment'\np107\n(dp108\nS'c'\nI00\nsS'r'\ng4\n((lp109\nS'start'\np110\naS'end'\np111\nag18\nag12\nag7\naS'curriculum_name'\np112\nag16\natRp113\nsS'u'\ng4\n((ltRp114\nsS'd'\nI00\nssS'UserOrgRole'\np115\n(dp116\nS'c'\nI00\nsS'r'\ng4\n((lp117\ng7\naS'parent'\np118\nag16\naS'organization_name'\np119\naS'role_name'\np120\naS'role'\np121\nag18\nag12\naS'owner'\np122\naS'organization'\np123\naS'children'\np124\natRp125\nsS'u'\ng4\n((ltRp126\nsS'd'\nI00\nssS'Session'\np127\n(dp128\nS'c'\nI00\nsS'r'\ng4\n((lp129\nS'start'\np130\naS'end'\np131\nag18\nag12\nag7\nag16\natRp132\nsS'u'\ng4\n((ltRp133\nsS'd'\nI00\nssS'AchievementAward'\np134\n(dp135\nS'c'\nI00\nsS'r'\ng4\n((lp136\ng7\naS'assignment'\np137\naS'achievement_name'\np138\naS'user'\np139\nag12\naS'date'\np140\nag16\naS'achievement'\np141\nag18\natRp142\nsS'u'\ng4\n((ltRp143\nsS'd'\nI00\nssS'User'\np144\n(dp145\nS'c'\nI01\nsS'r'\ng4\n((lp146\nS'status'\np147\naS'product_lines_managed'\np148\naS'last_name'\np149\nag7\nag12\nag18\naS'full_name'\np150\naS'product_lines_instructor_manager_for'\np151\naS'email2'\np152\nag16\naS'biography'\np153\naS'achievement_awards'\np154\naS'first_name'\np155\naS'middle_name'\np156\naS'product_lines_instructor_for'\np157\naS'phone2'\np158\naS'email'\np159\naS'achievements'\np160\naS'billing_address'\np161\naS'color_code'\np162\naS'default_username_and_domain'\np163\naS'phone3'\np164\naS'phone'\np165\naS'groups'\np166\naS'credentials'\np167\naS'owned_userorgroles'\np168\naS'preferred_venues'\np169\naS'photo_url'\np170\naS'username'\np171\naS'organizations'\np172\naS'session_user_role_requirements'\np173\naS'roles'\np174\naS'alleged_organization'\np175\naS'title'\np176\naS'name_suffix'\np177\naS'suppress_emails'\np178\naS'url'\np179\naS'shipping_address'\np180\natRp181\nsS'u'\ng4\n((lp182\nS'first_name'\np183\naS'billing_address'\np184\naS'middle_name'\np185\naS'color_code'\np186\naS'title'\np187\naS'alleged_organization'\np188\naS'phone3'\np189\naS'name_suffix'\np190\naS'suppress_emails'\np191\naS'phone'\np192\naS'last_name'\np193\naS'phone2'\np194\naS'shipping_address'\np195\naS'url'\np196\naS'preferred_venues'\np197\naS'email2'\np198\naS'email'\np199\naS'biography'\np200\naS'photo_url'\np201\natRp202\nsS'd'\nI00\nssS'AssignmentAttempt'\np203\n(dp204\nS'c'\nI01\nsS'r'\ng4\n((lp205\nS'date_completed'\np206\nag18\nag12\naS'assignment'\np207\naS'date_started'\np208\nag16\nag7\natRp209\nsS'u'\ng4\n((ltRp210\nsS'd'\nI00\nssS'FileUploadAttempt'\np211\n(dp212\nS'c'\nI01\nsS'r'\ng4\n((lp213\nS'file_upload'\np214\naS'date_completed'\np215\naS'assignment'\np216\nag18\nag12\nag7\naS'date_started'\np217\nag16\natRp218\nsS'u'\ng4\n((ltRp219\nsS'd'\nI00\nssS'Response'\np220\n(dp221\nS'c'\nI01\nsS'r'\ng4\n((lp222\ng7\naS'exam_session'\np223\naS'question'\np224\naS'value'\np225\naS'valid'\np226\nag18\nag12\naS'text'\np227\nag16\natRp228\nsS'u'\ng4\n((ltRp229\nsS'd'\nI00\nssS'Achievement'\np230\n(dp231\nS'c'\nI00\nsS'r'\ng4\n((lp232\ng7\naS'description'\np233\nag12\nag18\nag16\naS'name'\np234\natRp235\nsS'u'\ng4\n((ltRp236\nsS'd'\nI00\nssS'ScoSession'\np237\n(dp238\nS'c'\nI01\nsS'r'\ng4\n((lp239\nS'sco'\np240\naS'date_completed'\np241\nag18\nag12\nag7\naS'date_started'\np242\nag16\natRp243\nsS'u'\ng4\n((ltRp244\nsS'd'\nI00\nss.",
            "role": 2,
            "create_timestamp": "2012-04-27T16:22:11.050Z",
            "owner": null
        }
    },
    {
        "pk": 3,
        "model": "pr_services.acl",
        "fields": {
            "save_timestamp": "2012-04-27T16:22:11.234Z",
            "final_type": [
                "pr_services",
                "acl"
            ],
            "arbitrary_perm_list": "(l.",
            "acl": "(dp1\nS'Group'\np2\n(dp3\nS'c'\nI00\nsS'r'\nc__builtin__\nset\np4\n((lp5\nS'create_timestamp'\np6\naS'save_timestamp'\np7\naS'name'\np8\naS'content_type'\np9\naS'id'\np10\natRp11\nsS'u'\ng4\n((ltRp12\nsS'd'\nI00\nss.",
            "role": 3,
            "create_timestamp": "2012-04-27T16:22:11.234Z",
            "owner": null
        }
    },
    {
        "pk": 4,
        "model": "pr_services.acl",
        "fields": {
            "save_timestamp": "2012-04-27T16:22:11.274Z",
            "final_type": [
                "pr_services",
                "acl"
            ],
            "arbitrary_perm_list": "(lp1\nS'check_usernames'\np2\na.",
            "acl": "(dp1\n.",
            "role": 4,
            "create_timestamp": "2012-04-27T16:22:11.274Z",
            "owner": null
        }
    },
    {
        "pk": 5,
        "model": "pr_services.acl",
        "fields": {
            "save_timestamp": "2012-04-27T16:22:11.300Z",
            "final_type": [
                "pr_services",
                "acl"
            ],
            "arbitrary_perm_list": "(l.",
            "acl": "(dp1\nS'Assignment'\np2\n(dp3\nS'c'\nI01\nsS'r'\nc__builtin__\nset\np4\n((lp5\nS'status'\np6\naS'due_date'\np7\naS'task'\np8\naS'date_completed'\np9\naS'task_content_type'\np10\naS'effective_date_assigned'\np11\naS'prerequisites_met'\np12\naS'user'\np13\naS'content_type'\np14\naS'save_timestamp'\np15\naS'date_started'\np16\naS'create_timestamp'\np17\naS'id'\np18\naS'assignment_attempts'\np19\natRp20\nsS'u'\ng4\n((ltRp21\nsS'd'\nI00\nssS'Task'\np22\n(dp23\nS'c'\nI00\nsS'r'\ng4\n((lp24\ng15\naS'description'\np25\naS'title'\np26\naS'prerequisite_achievements'\np27\naS'prerequisite_tasks'\np28\nag17\nag14\naS'type'\np29\nag18\naS'name'\np30\natRp31\nsS'u'\ng4\n((ltRp32\nsS'd'\nI00\nss.",
            "role": 5,
            "create_timestamp": "2012-04-27T16:22:11.300Z",
            "owner": null
        }
    },
    {
        "pk": 6,
        "model": "pr_services.acl",
        "fields": {
            "save_timestamp": "2012-04-27T16:22:11.524Z",
            "final_type": [
                "pr_services",
                "acl"
            ],
            "arbitrary_perm_list": "(l.",
            "acl": "(dp1\nS'Group'\np2\n(dp3\nS'c'\nI00\nsS'r'\nc__builtin__\nset\np4\n((lp5\nS'managers'\np6\naS'name'\np7\naS'content_type'\np8\naS'save_timestamp'\np9\naS'create_timestamp'\np10\naS'id'\np11\naS'users'\np12\natRp13\nsS'u'\ng4\n((ltRp14\nsS'd'\nI00\nssS'ProductClaim'\np15\n(dp16\nS'c'\nI01\nsS'r'\ng4\n((lp17\nS'product'\np18\nag9\nag10\nag8\nag11\naS'purchase_order'\np19\naS'quantity'\np20\natRp21\nsS'u'\ng4\n((lp22\nS'quantity'\np23\natRp24\nsS'd'\nI01\nssS'Venue'\np25\n(dp26\nS'c'\nI00\nsS'r'\ng4\n((lp27\ng9\naS'name'\np28\naS'region'\np29\naS'phone'\np30\naS'contact'\np31\nag10\nag8\naS'address'\np32\nag11\natRp33\nsS'u'\ng4\n((ltRp34\nsS'd'\nI00\nssS'PurchaseOrder'\np35\n(dp36\nS'c'\nI01\nsS'r'\ng4\n((lp37\ng9\nag11\nag8\nag10\natRp38\nsS'u'\ng4\n((ltRp39\nsS'd'\nI00\nssS'OrgRole'\np40\n(dp41\nS'c'\nI00\nsS'r'\ng4\n((lp42\ng10\nag9\naS'name'\np43\nag8\nag11\natRp44\nsS'u'\ng4\n((ltRp45\nsS'd'\nI00\nssS'Answer'\np46\n(dp47\nS'c'\nI00\nsS'r'\ng4\n((lp48\ng10\nag9\nag11\nag8\naS'label'\np49\natRp50\nsS'u'\ng4\n((ltRp51\nsS'd'\nI00\nssS'Organization'\np52\n(dp53\nS'c'\nI00\nsS'r'\ng4\n((lp54\nS'ancestors'\np55\nag9\naS'name'\np56\naS'parent'\np57\naS'descendants'\np58\nag11\nag10\nag8\naS'children'\np59\natRp60\nsS'u'\ng4\n((ltRp61\nsS'd'\nI00\nssS'Domain'\np62\n(dp63\nS'c'\nI00\nsS'r'\ng4\n((lp64\ng10\nag9\naS'name'\np65\nag8\nag11\natRp66\nsS'u'\ng4\n((ltRp67\nsS'd'\nI00\nssS'SessionUserRoleRequirement'\np68\n(dp69\nS'c'\nI00\nsS'r'\ng4\n((lp70\ng9\nag11\nag8\nag10\natRp71\nsS'u'\ng4\n((ltRp72\nsS'd'\nI00\nssS'Payment'\np73\n(dp74\nS'c'\nI01\nsS'r'\ng4\n((lp75\nS'city'\np76\naS'first_name'\np77\naS'last_name'\np78\nag9\naS'zip'\np79\naS'refunds'\np80\naS'country'\np81\nag11\naS'state'\np82\naS'purchase_order'\np83\naS'card_type'\np84\naS'amount'\np85\naS'exp_date'\np86\nag10\nag8\naS'sales_tax'\np87\naS'date'\np88\naS'invoice_number'\np89\naS'result_message'\np90\naS'transaction_id'\np91\natRp92\nsS'u'\ng4\n((ltRp93\nsS'd'\nI00\nssS'TrainingUnitAuthorization'\np94\n(dp95\nS'c'\nI00\nsS'r'\ng4\n((lp96\nS'end'\np97\naS'max_value'\np98\naS'used_value'\np99\naS'start'\np100\naS'user'\np101\nag8\nag9\naS'training_unit_account'\np102\nag11\nag10\natRp103\nsS'u'\ng4\n((ltRp104\nsS'd'\nI00\nssS'User'\np105\n(dp106\nS'c'\nI00\nsS'r'\ng4\n((lp107\nS'default_username_and_domain'\np108\nag9\nag11\nag8\nag10\natRp109\nsS'u'\ng4\n((ltRp110\nsS'd'\nI00\nssS'DomainAffiliation'\np111\n(dp112\nS'c'\nI01\nsS'r'\ng4\n((lp113\nS'username'\np114\naS'domain'\np115\nag9\naS'default'\np116\naS'user'\np117\nag8\naS'may_log_me_in'\np118\nag11\nag10\natRp119\nsS'u'\ng4\n((lp120\nS'default'\np121\naS'may_log_me_in'\np122\naS'domain'\np123\naS'username'\np124\natRp125\nsS'd'\nI00\nssS'SessionTemplate'\np126\n(dp127\nS'c'\nI00\nsS'r'\ng4\n((lp128\nS'product_line'\np129\nag9\naS'description'\np130\naS'sequence'\np131\naS'sessions'\np132\nag11\naS'duration'\np133\naS'audience'\np134\naS'version'\np135\nag10\nag8\naS'active'\np136\naS'shortname'\np137\naS'fullname'\np138\naS'modality'\np139\natRp140\nsS'u'\ng4\n((ltRp141\nsS'd'\nI00\nss.",
            "role": 6,
            "create_timestamp": "2012-04-27T16:22:11.524Z",
            "owner": null
        }
    },
    {
        "pk": 7,
        "model": "pr_services.acl",
        "fields": {
            "save_timestamp": "2012-04-27T16:22:11.575Z",
            "final_type": [
                "pr_services",
                "acl"
            ],
            "arbitrary_perm_list": "(l.",
            "acl": "(dp1\nS'Sco'\np2\n(dp3\nS'c'\nI00\nsS'r'\nc__builtin__\nset\np4\n((lp5\nS'save_timestamp'\np6\naS'description'\np7\naS'prerequisite_tasks'\np8\naS'version_id'\np9\naS'course'\np10\naS'content_type'\np11\naS'create_timestamp'\np12\naS'version_label'\np13\naS'type'\np14\naS'id'\np15\naS'name'\np16\natRp17\nsS'u'\ng4\n((ltRp18\nsS'd'\nI00\nssS'Task'\np19\n(dp20\nS'c'\nI00\nsS'r'\ng4\n((lp21\ng6\naS'description'\np22\naS'prerequisite_achievements'\np23\naS'prerequisite_tasks'\np24\naS'version_id'\np25\nag11\nag12\naS'version_label'\np26\naS'type'\np27\nag15\nag16\natRp28\nsS'u'\ng4\n((ltRp29\nsS'd'\nI00\nss.",
            "role": 7,
            "create_timestamp": "2012-04-27T16:22:11.575Z",
            "owner": null
        }
    },
    {
        "pk": 8,
        "model": "pr_services.acl",
        "fields": {
            "save_timestamp": "2012-04-27T16:22:11.589Z",
            "final_type": [
                "pr_services",
                "acl"
            ],
            "arbitrary_perm_list": "(l.",
            "acl": "(dp1\nS'Sco'\np2\n(dp3\nS'c'\nI00\nsS'r'\nc__builtin__\nset\np4\n((lp5\nS'url'\np6\naS'save_timestamp'\np7\naS'id'\np8\naS'content_type'\np9\naS'create_timestamp'\np10\natRp11\nsS'u'\ng4\n((ltRp12\nsS'd'\nI00\nss.",
            "role": 7,
            "create_timestamp": "2012-04-27T16:22:11.589Z",
            "owner": null
        }
    },
    {
        "pk": 9,
        "model": "pr_services.acl",
        "fields": {
            "save_timestamp": "2012-04-27T16:22:11.630Z",
            "final_type": [
                "pr_services",
                "acl"
            ],
            "arbitrary_perm_list": "(l.",
            "acl": "(dp1\nS'User'\np2\n(dp3\nS'c'\nI01\nsS'r'\nc__builtin__\nset\np4\n((lp5\nS'status'\np6\naS'product_lines_managed'\np7\naS'last_name'\np8\naS'save_timestamp'\np9\naS'content_type'\np10\naS'create_timestamp'\np11\naS'full_name'\np12\naS'product_lines_instructor_manager_for'\np13\naS'email2'\np14\naS'id'\np15\naS'biography'\np16\naS'first_name'\np17\naS'middle_name'\np18\naS'title'\np19\naS'product_lines_instructor_for'\np20\naS'email'\np21\naS'username'\np22\naS'billing_address'\np23\naS'color_code'\np24\naS'phone2'\np25\naS'phone3'\np26\naS'phone'\np27\naS'groups'\np28\naS'credentials'\np29\naS'photo_url'\np30\naS'session_user_role_requirements'\np31\naS'url'\np32\naS'name_suffix'\np33\naS'shipping_address'\np34\naS'domains'\np35\natRp36\nsS'u'\ng4\n((lp37\nS'status'\np38\naS'first_name'\np39\naS'last_name'\np40\naS'middle_name'\np41\naS'color_code'\np42\naS'title'\np43\naS'url'\np44\naS'phone3'\np45\naS'name_suffix'\np46\naS'email2'\np47\naS'phone'\np48\naS'billing_address'\np49\naS'groups'\np50\naS'shipping_address'\np51\naS'credentials'\np52\naS'phone2'\np53\naS'email'\np54\naS'biography'\np55\naS'photo_url'\np56\natRp57\nsS'd'\nI01\nss.",
            "role": 8,
            "create_timestamp": "2012-04-27T16:22:11.630Z",
            "owner": null
        }
    },
    {
        "pk": 10,
        "model": "pr_services.acl",
        "fields": {
            "save_timestamp": "2012-04-27T16:22:11.658Z",
            "final_type": [
                "pr_services",
                "acl"
            ],
            "arbitrary_perm_list": "(l.",
            "acl": "(dp1\nS'Group'\np2\n(dp3\nS'c'\nI00\nsS'r'\nc__builtin__\nset\np4\n((lp5\nS'managers'\np6\naS'name'\np7\naS'content_type'\np8\naS'save_timestamp'\np9\naS'create_timestamp'\np10\naS'id'\np11\naS'users'\np12\natRp13\nsS'u'\ng4\n((lp14\nS'managers'\np15\naS'name'\np16\naS'users'\np17\natRp18\nsS'd'\nI00\nss.",
            "role": 9,
            "create_timestamp": "2012-04-27T16:22:11.658Z",
            "owner": null
        }
    },
    {
        "pk": 11,
        "model": "pr_services.acl",
        "fields": {
            "save_timestamp": "2012-04-27T16:22:11.676Z",
            "final_type": [
                "pr_services",
                "acl"
            ],
            "arbitrary_perm_list": "(l.",
            "acl": "(dp1\nS'Session'\np2\n(dp3\nS'c'\nI01\nsS'r'\nc__builtin__\nset\np4\n((lp5\nS'default_price'\np6\naS'status'\np7\naS'confirmed'\np8\naS'end'\np9\naS'room'\np10\naS'title'\np11\naS'url'\np12\naS'modality'\np13\naS'start'\np14\naS'audience'\np15\naS'create_timestamp'\np16\naS'content_type'\np17\naS'id'\np18\naS'save_timestamp'\np19\naS'shortname'\np20\naS'evaluation'\np21\naS'fullname'\np22\naS'session_template'\np23\natRp24\nsS'u'\ng4\n((lp25\nS'default_price'\np26\naS'status'\np27\naS'confirmed'\np28\naS'end'\np29\naS'room'\np30\naS'title'\np31\naS'url'\np32\naS'modality'\np33\naS'start'\np34\naS'audience'\np35\naS'shortname'\np36\naS'fullname'\np37\naS'session_template'\np38\natRp39\nsS'd'\nI01\nssS'ProductLine'\np40\n(dp41\nS'c'\nI00\nsS'r'\ng4\n((lp42\nS'managers'\np43\naS'name'\np44\naS'instructors'\np45\nag16\nag17\nag19\naS'instructor_managers'\np46\nag18\natRp47\nsS'u'\ng4\n((lp48\nS'instructors'\np49\naS'instructor_managers'\np50\naS'name'\np51\natRp52\nsS'd'\nI00\nssS'SessionTemplate'\np53\n(dp54\nS'c'\nI01\nsS'r'\ng4\n((lp55\nS'product_line'\np56\nag19\naS'description'\np57\naS'sequence'\np58\naS'price'\np59\naS'event_template'\np60\naS'modality'\np61\naS'audience'\np62\naS'version'\np63\nag18\nag16\nag17\naS'duration'\np64\naS'shortname'\np65\naS'fullname'\np66\naS'lead_time'\np67\natRp68\nsS'u'\ng4\n((lp69\nS'description'\np70\naS'event_template'\np71\naS'price'\np72\naS'sequence'\np73\naS'modality'\np74\naS'audience'\np75\naS'version'\np76\naS'duration'\np77\naS'shortname'\np78\naS'fullname'\np79\naS'lead_time'\np80\natRp81\nsS'd'\nI01\nssS'User'\np82\n(dp83\nS'c'\nI01\nsS'r'\ng4\n((lp84\nS'phone'\np85\naS'last_name'\np86\nag19\nag16\nag17\naS'credentials'\np87\nag18\natRp88\nsS'u'\ng4\n((lp89\nS'phone'\np90\naS'last_name'\np91\natRp92\nsS'd'\nI00\nss.",
            "role": 10,
            "create_timestamp": "2012-04-27T16:22:11.676Z",
            "owner": null
        }
    },
    {
        "pk": 12,
        "model": "pr_services.acl",
        "fields": {
            "save_timestamp": "2012-04-27T16:22:11.736Z",
            "final_type": [
                "pr_services",
                "acl"
            ],
            "arbitrary_perm_list": "(l.",
            "acl": "(dp1\nS'User'\np2\n(dp3\nS'c'\nI01\nsS'r'\nc__builtin__\nset\np4\n((lp5\nS'status'\np6\naS'product_lines_managed'\np7\naS'last_name'\np8\naS'save_timestamp'\np9\naS'content_type'\np10\naS'create_timestamp'\np11\naS'full_name'\np12\naS'default_username_and_domain'\np13\naS'product_lines_instructor_manager_for'\np14\naS'email2'\np15\naS'id'\np16\naS'biography'\np17\naS'first_name'\np18\naS'middle_name'\np19\naS'title'\np20\naS'product_lines_instructor_for'\np21\naS'email'\np22\naS'username'\np23\naS'billing_address'\np24\naS'color_code'\np25\naS'phone2'\np26\naS'phone3'\np27\naS'phone'\np28\naS'groups'\np29\naS'credentials'\np30\naS'photo_url'\np31\naS'session_user_role_requirements'\np32\naS'url'\np33\naS'name_suffix'\np34\naS'shipping_address'\np35\natRp36\nsS'u'\ng4\n((lp37\nS'status'\np38\naS'first_name'\np39\naS'last_name'\np40\naS'middle_name'\np41\naS'color_code'\np42\naS'title'\np43\naS'url'\np44\naS'phone3'\np45\naS'name_suffix'\np46\naS'email2'\np47\naS'phone'\np48\naS'billing_address'\np49\naS'groups'\np50\naS'shipping_address'\np51\naS'credentials'\np52\naS'phone2'\np53\naS'email'\np54\naS'biography'\np55\naS'photo_url'\np56\natRp57\nsS'd'\nI01\nss.",
            "role": 11,
            "create_timestamp": "2012-04-27T16:22:11.736Z",
            "owner": null
        }
    },
    {
        "pk": 13,
        "model": "pr_services.acl",
        "fields": {
            "save_timestamp": "2012-04-27T16:22:11.778Z",
            "final_type": [
                "pr_services",
                "acl"
            ],
            "arbitrary_perm_list": "(l.",
            "acl": "(dp1\nS'PurchaseOrder'\np2\n(dp3\nS'c'\nI00\nsS'r'\nc__builtin__\nset\np4\n((lp5\nS'training_units_price'\np6\naS'save_timestamp'\np7\naS'training_units_purchased'\np8\naS'is_paid'\np9\naS'product_offers'\np10\naS'products'\np11\naS'expiration'\np12\naS'content_type'\np13\naS'organization'\np14\naS'product_discounts'\np15\naS'create_timestamp'\np16\naS'id'\np17\naS'payments'\np18\natRp19\nsS'u'\ng4\n((ltRp20\nsS'd'\nI00\nss.",
            "role": 12,
            "create_timestamp": "2012-04-27T16:22:11.778Z",
            "owner": null
        }
    },
    {
        "pk": 14,
        "model": "pr_services.acl",
        "fields": {
            "save_timestamp": "2012-04-27T16:22:11.862Z",
            "final_type": [
                "pr_services",
                "acl"
            ],
            "arbitrary_perm_list": "(l.",
            "acl": "(dp1\nS'PurchaseOrder'\np2\n(dp3\nS'c'\nI00\nsS'r'\nc__builtin__\nset\np4\n((lp5\nS'training_units_price'\np6\naS'save_timestamp'\np7\naS'training_units_purchased'\np8\naS'is_paid'\np9\naS'product_offers'\np10\naS'products'\np11\naS'expiration'\np12\naS'content_type'\np13\naS'organization'\np14\naS'product_discounts'\np15\naS'create_timestamp'\np16\naS'id'\np17\naS'payments'\np18\natRp19\nsS'u'\ng4\n((lp20\nS'training_units_purchased'\np21\naS'training_units_price'\np22\naS'expiration'\np23\naS'user'\np24\natRp25\nsS'd'\nI00\nss.",
            "role": 13,
            "create_timestamp": "2012-04-27T16:22:11.862Z",
            "owner": null
        }
    },
    {
        "pk": 1,
        "model": "pr_services.acmethodcall",
        "fields": {
            "ac_check_method": 56,
            "final_type": [
                "pr_services",
                "acmethodcall"
            ],
            "acl": 1,
            "create_timestamp": "2012-04-27T16:22:10.969Z",
            "owner": null,
            "save_timestamp": "2012-04-27T16:22:10.969Z",
            "ac_check_parameters": "(dp1\nS'group_id'\np2\nI1\ns."
        }
    },
    {
        "pk": 2,
        "model": "pr_services.acmethodcall",
        "fields": {
            "ac_check_method": 39,
            "final_type": [
                "pr_services",
                "acmethodcall"
            ],
            "acl": 1,
            "create_timestamp": "2012-04-27T16:22:10.981Z",
            "owner": null,
            "save_timestamp": "2012-04-27T16:22:10.981Z",
            "ac_check_parameters": "(dp1\n."
        }
    },
    {
        "pk": 3,
        "model": "pr_services.acmethodcall",
        "fields": {
            "ac_check_method": 43,
            "final_type": [
                "pr_services",
                "acmethodcall"
            ],
            "acl": 2,
            "create_timestamp": "2012-04-27T16:22:11.061Z",
            "owner": null,
            "save_timestamp": "2012-04-27T16:22:11.061Z",
            "ac_check_parameters": "(d."
        }
    },
    {
        "pk": 4,
        "model": "pr_services.acmethodcall",
        "fields": {
            "ac_check_method": 45,
            "final_type": [
                "pr_services",
                "acmethodcall"
            ],
            "acl": 2,
            "create_timestamp": "2012-04-27T16:22:11.070Z",
            "owner": null,
            "save_timestamp": "2012-04-27T16:22:11.070Z",
            "ac_check_parameters": "(d."
        }
    },
    {
        "pk": 5,
        "model": "pr_services.acmethodcall",
        "fields": {
            "ac_check_method": 46,
            "final_type": [
                "pr_services",
                "acmethodcall"
            ],
            "acl": 2,
            "create_timestamp": "2012-04-27T16:22:11.078Z",
            "owner": null,
            "save_timestamp": "2012-04-27T16:22:11.078Z",
            "ac_check_parameters": "(d."
        }
    },
    {
        "pk": 6,
        "model": "pr_services.acmethodcall",
        "fields": {
            "ac_check_method": 13,
            "final_type": [
                "pr_services",
                "acmethodcall"
            ],
            "acl": 2,
            "create_timestamp": "2012-04-27T16:22:11.087Z",
            "owner": null,
            "save_timestamp": "2012-04-27T16:22:11.087Z",
            "ac_check_parameters": "(d."
        }
    },
    {
        "pk": 7,
        "model": "pr_services.acmethodcall",
        "fields": {
            "ac_check_method": 20,
            "final_type": [
                "pr_services",
                "acmethodcall"
            ],
            "acl": 2,
            "create_timestamp": "2012-04-27T16:22:11.096Z",
            "owner": null,
            "save_timestamp": "2012-04-27T16:22:11.096Z",
            "ac_check_parameters": "(d."
        }
    },
    {
        "pk": 8,
        "model": "pr_services.acmethodcall",
        "fields": {
            "ac_check_method": 21,
            "final_type": [
                "pr_services",
                "acmethodcall"
            ],
            "acl": 2,
            "create_timestamp": "2012-04-27T16:22:11.104Z",
            "owner": null,
            "save_timestamp": "2012-04-27T16:22:11.104Z",
            "ac_check_parameters": "(d."
        }
    },
    {
        "pk": 9,
        "model": "pr_services.acmethodcall",
        "fields": {
            "ac_check_method": 22,
            "final_type": [
                "pr_services",
                "acmethodcall"
            ],
            "acl": 2,
            "create_timestamp": "2012-04-27T16:22:11.114Z",
            "owner": null,
            "save_timestamp": "2012-04-27T16:22:11.114Z",
            "ac_check_parameters": "(d."
        }
    },
    {
        "pk": 10,
        "model": "pr_services.acmethodcall",
        "fields": {
            "ac_check_method": 23,
            "final_type": [
                "pr_services",
                "acmethodcall"
            ],
            "acl": 2,
            "create_timestamp": "2012-04-27T16:22:11.122Z",
            "owner": null,
            "save_timestamp": "2012-04-27T16:22:11.122Z",
            "ac_check_parameters": "(d."
        }
    },
    {
        "pk": 11,
        "model": "pr_services.acmethodcall",
        "fields": {
            "ac_check_method": 25,
            "final_type": [
                "pr_services",
                "acmethodcall"
            ],
            "acl": 2,
            "create_timestamp": "2012-04-27T16:22:11.131Z",
            "owner": null,
            "save_timestamp": "2012-04-27T16:22:11.131Z",
            "ac_check_parameters": "(d."
        }
    },
    {
        "pk": 12,
        "model": "pr_services.acmethodcall",
        "fields": {
            "ac_check_method": 24,
            "final_type": [
                "pr_services",
                "acmethodcall"
            ],
            "acl": 2,
            "create_timestamp": "2012-04-27T16:22:11.140Z",
            "owner": null,
            "save_timestamp": "2012-04-27T16:22:11.140Z",
            "ac_check_parameters": "(d."
        }
    },
    {
        "pk": 13,
        "model": "pr_services.acmethodcall",
        "fields": {
            "ac_check_method": 27,
            "final_type": [
                "pr_services",
                "acmethodcall"
            ],
            "acl": 2,
            "create_timestamp": "2012-04-27T16:22:11.149Z",
            "owner": null,
            "save_timestamp": "2012-04-27T16:22:11.149Z",
            "ac_check_parameters": "(d."
        }
    },
    {
        "pk": 14,
        "model": "pr_services.acmethodcall",
        "fields": {
            "ac_check_method": 28,
            "final_type": [
                "pr_services",
                "acmethodcall"
            ],
            "acl": 2,
            "create_timestamp": "2012-04-27T16:22:11.158Z",
            "owner": null,
            "save_timestamp": "2012-04-27T16:22:11.158Z",
            "ac_check_parameters": "(d."
        }
    },
    {
        "pk": 15,
        "model": "pr_services.acmethodcall",
        "fields": {
            "ac_check_method": 31,
            "final_type": [
                "pr_services",
                "acmethodcall"
            ],
            "acl": 2,
            "create_timestamp": "2012-04-27T16:22:11.169Z",
            "owner": null,
            "save_timestamp": "2012-04-27T16:22:11.169Z",
            "ac_check_parameters": "(d."
        }
    },
    {
        "pk": 16,
        "model": "pr_services.acmethodcall",
        "fields": {
            "ac_check_method": 33,
            "final_type": [
                "pr_services",
                "acmethodcall"
            ],
            "acl": 2,
            "create_timestamp": "2012-04-27T16:22:11.180Z",
            "owner": null,
            "save_timestamp": "2012-04-27T16:22:11.180Z",
            "ac_check_parameters": "(d."
        }
    },
    {
        "pk": 17,
        "model": "pr_services.acmethodcall",
        "fields": {
            "ac_check_method": 48,
            "final_type": [
                "pr_services",
                "acmethodcall"
            ],
            "acl": 2,
            "create_timestamp": "2012-04-27T16:22:11.191Z",
            "owner": null,
            "save_timestamp": "2012-04-27T16:22:11.191Z",
            "ac_check_parameters": "(d."
        }
    },
    {
        "pk": 18,
        "model": "pr_services.acmethodcall",
        "fields": {
            "ac_check_method": 49,
            "final_type": [
                "pr_services",
                "acmethodcall"
            ],
            "acl": 2,
            "create_timestamp": "2012-04-27T16:22:11.203Z",
            "owner": null,
            "save_timestamp": "2012-04-27T16:22:11.203Z",
            "ac_check_parameters": "(d."
        }
    },
    {
        "pk": 19,
        "model": "pr_services.acmethodcall",
        "fields": {
            "ac_check_method": 18,
            "final_type": [
                "pr_services",
                "acmethodcall"
            ],
            "acl": 2,
            "create_timestamp": "2012-04-27T16:22:11.216Z",
            "owner": null,
            "save_timestamp": "2012-04-27T16:22:11.216Z",
            "ac_check_parameters": "(d."
        }
    },
    {
        "pk": 20,
        "model": "pr_services.acmethodcall",
        "fields": {
            "ac_check_method": 41,
            "final_type": [
                "pr_services",
                "acmethodcall"
            ],
            "acl": 3,
            "create_timestamp": "2012-04-27T16:22:11.248Z",
            "owner": null,
            "save_timestamp": "2012-04-27T16:22:11.249Z",
            "ac_check_parameters": "(dp1\n."
        }
    },
    {
        "pk": 21,
        "model": "pr_services.acmethodcall",
        "fields": {
            "ac_check_method": 54,
            "final_type": [
                "pr_services",
                "acmethodcall"
            ],
            "acl": 3,
            "create_timestamp": "2012-04-27T16:22:11.260Z",
            "owner": null,
            "save_timestamp": "2012-04-27T16:22:11.260Z",
            "ac_check_parameters": "(dp1\n."
        }
    },
    {
        "pk": 22,
        "model": "pr_services.acmethodcall",
        "fields": {
            "ac_check_method": 42,
            "final_type": [
                "pr_services",
                "acmethodcall"
            ],
            "acl": 4,
            "create_timestamp": "2012-04-27T16:22:11.286Z",
            "owner": null,
            "save_timestamp": "2012-04-27T16:22:11.286Z",
            "ac_check_parameters": "(dp1\n."
        }
    },
    {
        "pk": 23,
        "model": "pr_services.acmethodcall",
        "fields": {
            "ac_check_method": 23,
            "final_type": [
                "pr_services",
                "acmethodcall"
            ],
            "acl": 5,
            "create_timestamp": "2012-04-27T16:22:11.313Z",
            "owner": null,
            "save_timestamp": "2012-04-27T16:22:11.313Z",
            "ac_check_parameters": "(d."
        }
    },
    {
        "pk": 24,
        "model": "pr_services.acmethodcall",
        "fields": {
            "ac_check_method": 25,
            "final_type": [
                "pr_services",
                "acmethodcall"
            ],
            "acl": 5,
            "create_timestamp": "2012-04-27T16:22:11.325Z",
            "owner": null,
            "save_timestamp": "2012-04-27T16:22:11.325Z",
            "ac_check_parameters": "(d."
        }
    },
    {
        "pk": 25,
        "model": "pr_services.acmethodcall",
        "fields": {
            "ac_check_method": 41,
            "final_type": [
                "pr_services",
                "acmethodcall"
            ],
            "acl": 6,
            "create_timestamp": "2012-04-27T16:22:11.533Z",
            "owner": null,
            "save_timestamp": "2012-04-27T16:22:11.533Z",
            "ac_check_parameters": "(d."
        }
    },
    {
        "pk": 26,
        "model": "pr_services.acmethodcall",
        "fields": {
            "ac_check_method": 30,
            "final_type": [
                "pr_services",
                "acmethodcall"
            ],
            "acl": 6,
            "create_timestamp": "2012-04-27T16:22:11.541Z",
            "owner": null,
            "save_timestamp": "2012-04-27T16:22:11.541Z",
            "ac_check_parameters": "(d."
        }
    },
    {
        "pk": 27,
        "model": "pr_services.acmethodcall",
        "fields": {
            "ac_check_method": 57,
            "final_type": [
                "pr_services",
                "acmethodcall"
            ],
            "acl": 6,
            "create_timestamp": "2012-04-27T16:22:11.550Z",
            "owner": null,
            "save_timestamp": "2012-04-27T16:22:11.550Z",
            "ac_check_parameters": "(d."
        }
    },
    {
        "pk": 28,
        "model": "pr_services.acmethodcall",
        "fields": {
            "ac_check_method": 36,
            "final_type": [
                "pr_services",
                "acmethodcall"
            ],
            "acl": 6,
            "create_timestamp": "2012-04-27T16:22:11.558Z",
            "owner": null,
            "save_timestamp": "2012-04-27T16:22:11.559Z",
            "ac_check_parameters": "(d."
        }
    },
    {
        "pk": 29,
        "model": "pr_services.acmethodcall",
        "fields": {
            "ac_check_method": 56,
            "final_type": [
                "pr_services",
                "acmethodcall"
            ],
            "acl": 7,
            "create_timestamp": "2012-04-27T16:22:11.583Z",
            "owner": null,
            "save_timestamp": "2012-04-27T16:22:11.583Z",
            "ac_check_parameters": "(dp1\nS'group_id'\np2\nI2\ns."
        }
    },
    {
        "pk": 30,
        "model": "pr_services.acmethodcall",
        "fields": {
            "ac_check_method": 47,
            "final_type": [
                "pr_services",
                "acmethodcall"
            ],
            "acl": 8,
            "create_timestamp": "2012-04-27T16:22:11.597Z",
            "owner": null,
            "save_timestamp": "2012-04-27T16:22:11.597Z",
            "ac_check_parameters": "(dp1\n."
        }
    },
    {
        "pk": 31,
        "model": "pr_services.acmethodcall",
        "fields": {
            "ac_check_method": 56,
            "final_type": [
                "pr_services",
                "acmethodcall"
            ],
            "acl": 9,
            "create_timestamp": "2012-04-27T16:22:11.639Z",
            "owner": null,
            "save_timestamp": "2012-04-27T16:22:11.640Z",
            "ac_check_parameters": "(dp1\nS'group_id'\np2\nI3\ns."
        }
    },
    {
        "pk": 32,
        "model": "pr_services.acmethodcall",
        "fields": {
            "ac_check_method": 12,
            "final_type": [
                "pr_services",
                "acmethodcall"
            ],
            "acl": 9,
            "create_timestamp": "2012-04-27T16:22:11.647Z",
            "owner": null,
            "save_timestamp": "2012-04-27T16:22:11.647Z",
            "ac_check_parameters": "(dp1\nS'actor_sur_id'\np2\nI1\nsS'actee_sur_id'\np3\nI2\ns."
        }
    },
    {
        "pk": 33,
        "model": "pr_services.acmethodcall",
        "fields": {
            "ac_check_method": 53,
            "final_type": [
                "pr_services",
                "acmethodcall"
            ],
            "acl": 10,
            "create_timestamp": "2012-04-27T16:22:11.666Z",
            "owner": null,
            "save_timestamp": "2012-04-27T16:22:11.666Z",
            "ac_check_parameters": "(dp1\n."
        }
    },
    {
        "pk": 34,
        "model": "pr_services.acmethodcall",
        "fields": {
            "ac_check_method": 7,
            "final_type": [
                "pr_services",
                "acmethodcall"
            ],
            "acl": 11,
            "create_timestamp": "2012-04-27T16:22:11.684Z",
            "owner": null,
            "save_timestamp": "2012-04-27T16:22:11.684Z",
            "ac_check_parameters": "(d."
        }
    },
    {
        "pk": 35,
        "model": "pr_services.acmethodcall",
        "fields": {
            "ac_check_method": 8,
            "final_type": [
                "pr_services",
                "acmethodcall"
            ],
            "acl": 11,
            "create_timestamp": "2012-04-27T16:22:11.692Z",
            "owner": null,
            "save_timestamp": "2012-04-27T16:22:11.692Z",
            "ac_check_parameters": "(d."
        }
    },
    {
        "pk": 36,
        "model": "pr_services.acmethodcall",
        "fields": {
            "ac_check_method": 9,
            "final_type": [
                "pr_services",
                "acmethodcall"
            ],
            "acl": 11,
            "create_timestamp": "2012-04-27T16:22:11.700Z",
            "owner": null,
            "save_timestamp": "2012-04-27T16:22:11.700Z",
            "ac_check_parameters": "(d."
        }
    },
    {
        "pk": 37,
        "model": "pr_services.acmethodcall",
        "fields": {
            "ac_check_method": 6,
            "final_type": [
                "pr_services",
                "acmethodcall"
            ],
            "acl": 11,
            "create_timestamp": "2012-04-27T16:22:11.709Z",
            "owner": null,
            "save_timestamp": "2012-04-27T16:22:11.709Z",
            "ac_check_parameters": "(d."
        }
    },
    {
        "pk": 38,
        "model": "pr_services.acmethodcall",
        "fields": {
            "ac_check_method": 15,
            "final_type": [
                "pr_services",
                "acmethodcall"
            ],
            "acl": 12,
            "create_timestamp": "2012-04-27T16:22:11.749Z",
            "owner": null,
            "save_timestamp": "2012-04-27T16:22:11.750Z",
            "ac_check_parameters": "(dp1\n."
        }
    },
    {
        "pk": 39,
        "model": "pr_services.acmethodcall",
        "fields": {
            "ac_check_method": 32,
            "final_type": [
                "pr_services",
                "acmethodcall"
            ],
            "acl": 13,
            "create_timestamp": "2012-04-27T16:22:11.800Z",
            "owner": null,
            "save_timestamp": "2012-04-27T16:22:11.800Z",
            "ac_check_parameters": "(d."
        }
    },
    {
        "pk": 40,
        "model": "pr_services.acmethodcall",
        "fields": {
            "ac_check_method": 38,
            "final_type": [
                "pr_services",
                "acmethodcall"
            ],
            "acl": 13,
            "create_timestamp": "2012-04-27T16:22:11.833Z",
            "owner": null,
            "save_timestamp": "2012-04-27T16:22:11.833Z",
            "ac_check_parameters": "(d."
        }
    },
    {
        "pk": 41,
        "model": "pr_services.acmethodcall",
        "fields": {
            "ac_check_method": 32,
            "final_type": [
                "pr_services",
                "acmethodcall"
            ],
            "acl": 14,
            "create_timestamp": "2012-04-27T16:22:11.873Z",
            "owner": null,
            "save_timestamp": "2012-04-27T16:22:11.873Z",
            "ac_check_parameters": "(d."
        }
    },
    {
        "pk": 42,
        "model": "pr_services.acmethodcall",
        "fields": {
            "ac_check_method": 37,
            "final_type": [
                "pr_services",
                "acmethodcall"
            ],
            "acl": 14,
            "create_timestamp": "2012-04-27T16:22:11.882Z",
            "owner": null,
            "save_timestamp": "2012-04-27T16:22:11.882Z",
            "ac_check_parameters": "(d."
        }
    },
    {
        "pk": 1,
        "model": "pr_services.domain",
        "fields": {
            "save_timestamp": "2012-04-27T16:22:10.772Z",
            "final_type": [
                "pr_services",
                "domain"
            ],
            "password_hash_type": "SHA-512",
            "create_timestamp": "2012-04-27T16:22:10.772Z",
            "authentication_ip": null,
            "authentication_password_hash": "",
            "name": "local"
        }
    },
    {
        "pk": 2,
        "model": "pr_services.domain",
        "fields": {
            "save_timestamp": "2012-04-27T16:22:10.777Z",
            "final_type": [
                "pr_services",
                "domain"
            ],
            "password_hash_type": "SHA-512",
            "create_timestamp": "2012-04-27T16:22:10.777Z",
            "authentication_ip": null,
            "authentication_password_hash": "",
            "name": "LDAP"
        }
    },
    {
        "pk": 1,
        "model": "pr_services.domainaffiliation",
        "fields": {
            "username": "admin",
            "domain": 1,
            "save_timestamp": "2012-04-27T16:22:10.838Z",
            "final_type": [
                "pr_services",
                "domainaffiliation"
            ],
            "password_salt": "QCknZQXM",
            "default": true,
            "user": 1,
            "password_hash_type": "SHA-512",
            "create_timestamp": "2012-04-27T16:22:10.838Z",
            "may_log_me_in": false,
            "password_hash": "dffb2aca27cc7847310b500548e5d3476853bd20f10a16b1d0f1d1f3cb147e8032773b6a7ec424595cb71188ca62b0e5d5fa1b7601352d9963fe8e1459b5ec37"
        }
    },
    {
        "pk": 3,
        "model": "pr_services.group",
        "fields": {
            "save_timestamp": "2012-04-27T16:22:11.621Z",
            "final_type": [
                "pr_services",
                "group"
            ],
            "default": false,
            "notes": [],
            "active": true,
            "create_timestamp": "2012-04-27T16:22:11.620Z",
            "owner": null,
            "managers": [],
            "name": "Instructors"
        }
    },
    {
        "pk": 2,
        "model": "pr_services.group",
        "fields": {
            "save_timestamp": "2012-04-27T16:22:11.564Z",
            "final_type": [
                "pr_services",
                "group"
            ],
            "default": false,
            "notes": [],
            "active": true,
            "create_timestamp": "2012-04-27T16:22:11.564Z",
            "owner": null,
            "managers": [],
            "name": "Students"
        }
    },
    {
        "pk": 1,
        "model": "pr_services.group",
        "fields": {
            "save_timestamp": "2012-04-27T16:22:10.791Z",
            "final_type": [
                "pr_services",
                "group"
            ],
            "default": false,
            "notes": [],
            "active": true,
            "create_timestamp": "2012-04-27T16:22:10.791Z",
            "owner": null,
            "managers": [],
            "name": "Super Administrators"
        }
    },
    {
        "pk": 1,
        "model": "pr_services.role",
        "fields": {
            "save_timestamp": "2012-04-27T16:22:10.852Z",
            "final_type": [
                "pr_services",
                "role"
            ],
            "notes": [],
            "create_timestamp": "2012-04-27T16:22:10.852Z",
            "owner": null,
            "name": "Admin"
        }
    },
    {
        "pk": 2,
        "model": "pr_services.role",
        "fields": {
            "save_timestamp": "2012-04-27T16:22:11.044Z",
            "final_type": [
                "pr_services",
                "role"
            ],
            "notes": [],
            "create_timestamp": "2012-04-27T16:22:11.044Z",
            "owner": null,
            "name": "Object Owner"
        }
    },
    {
        "pk": 3,
        "model": "pr_services.role",
        "fields": {
            "save_timestamp": "2012-04-27T16:22:11.227Z",
            "final_type": [
                "pr_services",
                "role"
            ],
            "notes": [],
            "create_timestamp": "2012-04-27T16:22:11.227Z",
            "owner": null,
            "name": "Authenticated User"
        }
    },
    {
        "pk": 4,
        "model": "pr_services.role",
        "fields": {
            "save_timestamp": "2012-04-27T16:22:11.268Z",
            "final_type": [
                "pr_services",
                "role"
            ],
            "notes": [],
            "create_timestamp": "2012-04-27T16:22:11.268Z",
            "owner": null,
            "name": "Guest"
        }
    },
    {
        "pk": 5,
        "model": "pr_services.role",
        "fields": {
            "save_timestamp": "2012-04-27T16:22:11.293Z",
            "final_type": [
                "pr_services",
                "role"
            ],
            "notes": [],
            "create_timestamp": "2012-04-27T16:22:11.293Z",
            "owner": null,
            "name": "Task Taker"
        }
    },
    {
        "pk": 6,
        "model": "pr_services.role",
        "fields": {
            "save_timestamp": "2012-04-27T16:22:11.519Z",
            "final_type": [
                "pr_services",
                "role"
            ],
            "notes": [],
            "create_timestamp": "2012-04-27T16:22:11.519Z",
            "owner": null,
            "name": "User"
        }
    },
    {
        "pk": 7,
        "model": "pr_services.role",
        "fields": {
            "save_timestamp": "2012-04-27T16:22:11.570Z",
            "final_type": [
                "pr_services",
                "role"
            ],
            "notes": [],
            "create_timestamp": "2012-04-27T16:22:11.570Z",
            "owner": null,
            "name": "Student"
        }
    },
    {
        "pk": 8,
        "model": "pr_services.role",
        "fields": {
            "save_timestamp": "2012-04-27T16:22:11.626Z",
            "final_type": [
                "pr_services",
                "role"
            ],
            "notes": [],
            "create_timestamp": "2012-04-27T16:22:11.626Z",
            "owner": null,
            "name": "Instructor"
        }
    },
    {
        "pk": 9,
        "model": "pr_services.role",
        "fields": {
            "save_timestamp": "2012-04-27T16:22:11.653Z",
            "final_type": [
                "pr_services",
                "role"
            ],
            "notes": [],
            "create_timestamp": "2012-04-27T16:22:11.653Z",
            "owner": null,
            "name": "Group Manager"
        }
    },
    {
        "pk": 10,
        "model": "pr_services.role",
        "fields": {
            "save_timestamp": "2012-04-27T16:22:11.671Z",
            "final_type": [
                "pr_services",
                "role"
            ],
            "notes": [],
            "create_timestamp": "2012-04-27T16:22:11.671Z",
            "owner": null,
            "name": "Product Line Manager"
        }
    },
    {
        "pk": 11,
        "model": "pr_services.role",
        "fields": {
            "save_timestamp": "2012-04-27T16:22:11.721Z",
            "final_type": [
                "pr_services",
                "role"
            ],
            "notes": [],
            "create_timestamp": "2012-04-27T16:22:11.721Z",
            "owner": null,
            "name": "Instructor Manager"
        }
    },
    {
        "pk": 12,
        "model": "pr_services.role",
        "fields": {
            "save_timestamp": "2012-04-27T16:22:11.772Z",
            "final_type": [
                "pr_services",
                "role"
            ],
            "notes": [],
            "create_timestamp": "2012-04-27T16:22:11.772Z",
            "owner": null,
            "name": "Owner of purchase order with payments"
        }
    },
    {
        "pk": 13,
        "model": "pr_services.role",
        "fields": {
            "save_timestamp": "2012-04-27T16:22:11.855Z",
            "final_type": [
                "pr_services",
                "role"
            ],
            "notes": [],
            "create_timestamp": "2012-04-27T16:22:11.855Z",
            "owner": null,
            "name": "Owner of purchase order with no payments"
        }
    },
    {
        "pk": 1,
        "model": "pr_services.sessionuserrole",
        "fields": {
            "save_timestamp": "2012-04-27T16:22:11.607Z",
            "final_type": [
                "pr_services",
                "sessionuserrole"
            ],
            "notes": [],
            "active": true,
            "create_timestamp": "2012-04-27T16:22:11.607Z",
            "owner": null,
            "name": "Instructor"
        }
    },
    {
        "pk": 2,
        "model": "pr_services.sessionuserrole",
        "fields": {
            "save_timestamp": "2012-04-27T16:22:11.614Z",
            "final_type": [
                "pr_services",
                "sessionuserrole"
            ],
            "notes": [],
            "active": true,
            "create_timestamp": "2012-04-27T16:22:11.614Z",
            "owner": null,
            "name": "Student"
        }
    },
    {
        "pk": 1,
        "model": "pr_services.user",
        "fields": {
            "last_name": "user",
            "save_timestamp": "2012-04-27T16:22:10.804Z",
            "photo": "",
            "is_staff": false,
            "create_timestamp": "2012-04-27T16:22:10.804Z",
            "owner": null,
            "email2": null,
            "biography": null,
            "first_name": "admin",
            "middle_name": "",
            "title": null,
            "confirmation_code": null,
            "enable_paypal": false,
            "email": "admin@admin.org",
            "status": "active",
            "billing_address": null,
            "color_code": null,
            "phone2": null,
            "phone3": null,
            "blame": null,
            "phone": null,
            "groups": [
                1
            ],
            "preferred_venues": [],
            "final_type": [
                "pr_services",
                "user"
            ],
            "url": null,
            "notes": [],
            "name_suffix": null,
            "suppress_emails": false,
            "alleged_organization": null,
            "paypal_address": null,
            "shipping_address": null
        }
    }
]