[
    {
        "pk": 1,
        "model": "pr_messaging.messageformat",
        "fields": {
            "description": null,
            "enabled": true,
            "name": "Email",
            "slug": "email"
        }
    },
    {
        "pk": 1,
        "model": "pr_messaging.messagetype",
        "fields": {
            "multiple_recipients": false,
            "description": null,
            "enabled": true,
            "name": "Log Message",
            "slug": "log-message"
        }
    },
    {
        "pk": 2,
        "model": "pr_messaging.messagetype",
        "fields": {
            "multiple_recipients": false,
            "description": null,
            "enabled": true,
            "name": "Initial Password",
            "slug": "initial-password"
        }
    },
    {
        "pk": 3,
        "model": "pr_messaging.messagetype",
        "fields": {
            "multiple_recipients": false,
            "description": null,
            "enabled": true,
            "name": "User Confirmation",
            "slug": "user-confirmation"
        }
    },
    {
        "pk": 4,
        "model": "pr_messaging.messagetype",
        "fields": {
            "multiple_recipients": false,
            "description": null,
            "enabled": true,
            "name": "Password Reset",
            "slug": "password-reset"
        }
    },
    {
        "pk": 1,
        "model": "pr_messaging.messagetemplate",
        "fields": {
            "body": "The following {{ log_level|lower }} message was logged:\n\n{{ log_message }}\n",
            "subject": "{{ log_level|upper }} Message Logged by Precor Experience VoD",
            "message_type": 1,
            "message_format": 1
        }
    },
    {
        "pk": 2,
        "model": "pr_messaging.messagetemplate",
        "fields": {
            "body": "{% autoescape off %}\n{{ date }}\n\n{{ user.first_name }} {{ user.last_name }}\n{{ organization.name }}\n\nDear {{ user.full_name }},\n\nCongratulations!  You are part of a group of users who have been bulk registered to use the new Precor Experience Training system.  Your username to get into the system is your email address and your password is {{ initial_password }}.  Once you are in the system you can change your password.  Click on Edit Profile in the upper right.\n\nBest regards,\n\nAdministrator\nPrecor Experience Training{% endautoescape %}\n",
            "subject": "{% autoescape off %}Welcome to Precor Experience{% endautoescape %}",
            "message_type": 2,
            "message_format": 1
        }
    },
    {
        "pk": 3,
        "model": "pr_messaging.messagetemplate",
        "fields": {
            "body": "{% autoescape off %}\n{{ date }}\n\n{{ user.first_name }} {{ user.last_name }}\n{{ organization.name }}\n\nDear {{ user.full_name }},\n\nCongratulations!  You have successfully registered in the Precor Experience Training learning management system.  Before you can login, you must confirm \nyour email address. You may do so by clicking on the following link: \n\n\n{{ backend_url }}{% url confirm_email confirmation_code %}\n\n\nBest regards,\n\nAdministrator\nPrecor Experience Training{% endautoescape %}\n",
            "subject": "{% autoescape off %}Congratulations and welcome to Precor Experience{% endautoescape %}",
            "message_type": 3,
            "message_format": 1
        }
    },
    {
        "pk": 4,
        "model": "pr_messaging.messagetemplate",
        "fields": {
            "body": "{% autoescape off %}\n{{ date }}\n\n{{ user.first_name }} {{ user.last_name }}\n{{ organization.name }}\n\nDear {{ user.full_name }},\n\nSuccess! You have reset your password. Your new password is {{ new_password }}.\n\nBest regards,\n\nAdministrator\nPrecor Experience Training{% endautoescape %}\n",
            "subject": "{% autoescape off %}password reset for Precor Experience{% endautoescape %}",
            "message_type": 4,
            "message_format": 1
        }
    },
    {
        "pk": 1,
        "model": "pr_services.accheckmethod",
        "fields": {
            "save_timestamp": "2012-01-14 07:27:35",
            "description": "Returns True if the actor and the actee are both enrolled in the same session, for which actor is in the session_user_role actor_eur, and actee is in the session_user_role actee_eur.  Returns False otherwise.  This method is only for use when the actee is a user.",
            "title": "Actor and actee are enrolled in the same session",
            "name": "actor_actee_enrolled_in_same_session",
            "create_timestamp": "2012-01-14 07:27:35",
            "owner": null,
            "final_type": [
                "pr_services",
                "accheckmethod"
            ]
        }
    },
    {
        "pk": 2,
        "model": "pr_services.accheckmethod",
        "fields": {
            "save_timestamp": "2012-01-14 07:27:35",
            "description": "Returns True if the actor is an authenticated user who is acting upon themselves.  Only affects permissions for the user object",
            "title": "Actor is acting upon themselves",
            "name": "actor_is_acting_upon_themselves",
            "create_timestamp": "2012-01-14 07:27:35",
            "owner": null,
            "final_type": [
                "pr_services",
                "accheckmethod"
            ]
        }
    },
    {
        "pk": 3,
        "model": "pr_services.accheckmethod",
        "fields": {
            "save_timestamp": "2012-01-14 07:27:35",
            "description": "Returns True if the actor is an authenticated user",
            "title": "Actor is authenticated",
            "name": "actor_is_authenticated",
            "create_timestamp": "2012-01-14 07:27:35",
            "owner": null,
            "final_type": [
                "pr_services",
                "accheckmethod"
            ]
        }
    },
    {
        "pk": 4,
        "model": "pr_services.accheckmethod",
        "fields": {
            "save_timestamp": "2012-01-14 07:27:35",
            "description": "Returns True iff the Assignment's prerequisites have been met",
            "title": "Assignment prerequisites have been met",
            "name": "assignment_prerequisites_met",
            "create_timestamp": "2012-01-14 07:27:35",
            "owner": null,
            "final_type": [
                "pr_services",
                "accheckmethod"
            ]
        }
    },
    {
        "pk": 5,
        "model": "pr_services.accheckmethod",
        "fields": {
            "save_timestamp": "2012-01-14 07:27:35",
            "description": "Returns True iff the AssignmentAttempt's start date is after the Assignment's effective_date_assigned",
            "title": "AssignmentAttempt meets date restrictions",
            "name": "assignment_attempt_meets_date_restrictions",
            "create_timestamp": "2012-01-14 07:27:35",
            "owner": null,
            "final_type": [
                "pr_services",
                "accheckmethod"
            ]
        }
    },
    {
        "pk": 6,
        "model": "pr_services.accheckmethod",
        "fields": {
            "save_timestamp": "2012-01-14 07:27:35",
            "description": "Returns True iff the AssignmentAttempt's prerequisites have been met",
            "title": "AssignmentAttempt prerequisites have been met",
            "name": "assignment_attempt_prerequisites_met",
            "create_timestamp": "2012-01-14 07:27:35",
            "owner": null,
            "final_type": [
                "pr_services",
                "accheckmethod"
            ]
        }
    },
    {
        "pk": 7,
        "model": "pr_services.accheckmethod",
        "fields": {
            "save_timestamp": "2012-01-14 07:27:35",
            "description": "Returns True if the actor is the manager of the group they are acting upon",
            "title": "Actor is the manager of the group in question",
            "name": "actor_is_group_manager",
            "create_timestamp": "2012-01-14 07:27:35",
            "owner": null,
            "final_type": [
                "pr_services",
                "accheckmethod"
            ]
        }
    },
    {
        "pk": 8,
        "model": "pr_services.accheckmethod",
        "fields": {
            "save_timestamp": "2012-01-14 07:27:35",
            "description": "Returns True if the actor is a member of the group they are acting upon",
            "title": "Actor is a user in the group in question",
            "name": "actor_is_in_actee_which_is_a_group",
            "create_timestamp": "2012-01-14 07:27:35",
            "owner": null,
            "final_type": [
                "pr_services",
                "accheckmethod"
            ]
        }
    },
    {
        "pk": 9,
        "model": "pr_services.accheckmethod",
        "fields": {
            "save_timestamp": "2012-01-14 07:27:35",
            "description": "Returns True if the actor is a guest, which means they have not authenticated or logged in",
            "title": "Actor is a guest",
            "name": "actor_is_guest",
            "create_timestamp": "2012-01-14 07:27:35",
            "owner": null,
            "final_type": [
                "pr_services",
                "accheckmethod"
            ]
        }
    },
    {
        "pk": 10,
        "model": "pr_services.accheckmethod",
        "fields": {
            "save_timestamp": "2012-01-14 07:27:35",
            "description": "Returns True if the actor is an instructor manager for a product line for which the actee is listed as an instructor",
            "title": "Actor is the instructor manager of the actee",
            "name": "actor_is_instructor_manager_of_actee",
            "create_timestamp": "2012-01-14 07:27:35",
            "owner": null,
            "final_type": [
                "pr_services",
                "accheckmethod"
            ]
        }
    },
    {
        "pk": 11,
        "model": "pr_services.accheckmethod",
        "fields": {
            "save_timestamp": "2012-01-14 07:27:35",
            "description": "Returns true if the actor is a member of the specified group. Specify a group by passing its ID as 'group_id'",
            "title": "Actor is Member of Group",
            "name": "actor_member_of_group",
            "create_timestamp": "2012-01-14 07:27:35",
            "owner": null,
            "final_type": [
                "pr_services",
                "accheckmethod"
            ]
        }
    },
    {
        "pk": 12,
        "model": "pr_services.accheckmethod",
        "fields": {
            "save_timestamp": "2012-01-14 07:27:35",
            "description": "Returns True if the actor owns the address in question.  Only affects permissions on the address object",
            "title": "Actor owns the address",
            "name": "actor_owns_address",
            "create_timestamp": "2012-01-14 07:27:35",
            "owner": null,
            "final_type": [
                "pr_services",
                "accheckmethod"
            ]
        }
    },
    {
        "pk": 13,
        "model": "pr_services.accheckmethod",
        "fields": {
            "save_timestamp": "2012-01-14 07:27:35",
            "description": "Returns True if the actor is the product line manager for the product line being accessed.",
            "title": "Actor is product line manager for a given product line",
            "name": "actor_is_product_line_manager_of_product_line",
            "create_timestamp": "2012-01-14 07:27:35",
            "owner": null,
            "final_type": [
                "pr_services",
                "accheckmethod"
            ]
        }
    },
    {
        "pk": 14,
        "model": "pr_services.accheckmethod",
        "fields": {
            "save_timestamp": "2012-01-14 07:27:35",
            "description": "Returns True if the actor is the product line manager for the product line of the session being accessed.",
            "title": "Actor is product line manager for the session_template being accessed",
            "name": "actor_is_product_line_manager_of_session",
            "create_timestamp": "2012-01-14 07:27:35",
            "owner": null,
            "final_type": [
                "pr_services",
                "accheckmethod"
            ]
        }
    },
    {
        "pk": 15,
        "model": "pr_services.accheckmethod",
        "fields": {
            "save_timestamp": "2012-01-14 07:27:35",
            "description": "Returns True if the actor is the product line manager for the product line of the session_template being accessed.",
            "title": "Actor is product line manager for the session being accessed",
            "name": "actor_is_product_line_manager_of_session_template",
            "create_timestamp": "2012-01-14 07:27:35",
            "owner": null,
            "final_type": [
                "pr_services",
                "accheckmethod"
            ]
        }
    },
    {
        "pk": 16,
        "model": "pr_services.accheckmethod",
        "fields": {
            "save_timestamp": "2012-01-14 07:27:35",
            "description": "Returns True if the actor is the product line manager for the product line of the user being accessed.",
            "title": "Actor is product line manager for the user being accessed",
            "name": "actor_is_product_line_manager_of_user",
            "create_timestamp": "2012-01-14 07:27:35",
            "owner": null,
            "final_type": [
                "pr_services",
                "accheckmethod"
            ]
        }
    },
    {
        "pk": 17,
        "model": "pr_services.accheckmethod",
        "fields": {
            "save_timestamp": "2012-01-14 07:27:35",
            "description": "Returns True if the actor owns the purchase order being accessed.",
            "title": "Actor is the owner of the purchase order being accessed",
            "name": "actor_owns_purchase_order",
            "create_timestamp": "2012-01-14 07:27:35",
            "owner": null,
            "final_type": [
                "pr_services",
                "accheckmethod"
            ]
        }
    },
    {
        "pk": 18,
        "model": "pr_services.accheckmethod",
        "fields": {
            "save_timestamp": "2012-01-14 07:27:35",
            "description": "Returns True if the purchase order being accessed has at least one payment.",
            "title": "Purchase Order being accessed has payments",
            "name": "purchase_order_has_payments",
            "create_timestamp": "2012-01-14 07:27:35",
            "owner": null,
            "final_type": [
                "pr_services",
                "accheckmethod"
            ]
        }
    },
    {
        "pk": 19,
        "model": "pr_services.accheckmethod",
        "fields": {
            "save_timestamp": "2012-01-14 07:27:35",
            "description": "Returns True if the purchase order being accessed has no payments.",
            "title": "Purchase Order being accessed has no payments",
            "name": "purchase_order_has_no_payments",
            "create_timestamp": "2012-01-14 07:27:35",
            "owner": null,
            "final_type": [
                "pr_services",
                "accheckmethod"
            ]
        }
    },
    {
        "pk": 20,
        "model": "pr_services.accheckmethod",
        "fields": {
            "save_timestamp": "2012-01-14 07:27:35",
            "description": "Returns True if the actor owns the training_unit_authorization being accessed.",
            "title": "Actor owns the training_unit_authorization being accessed",
            "name": "actor_owns_training_unit_authorization",
            "create_timestamp": "2012-01-14 07:27:35",
            "owner": null,
            "final_type": [
                "pr_services",
                "accheckmethod"
            ]
        }
    },
    {
        "pk": 21,
        "model": "pr_services.accheckmethod",
        "fields": {
            "save_timestamp": "2012-01-14 07:27:35",
            "description": "Returns True if the actor owns the purchase order against which the currently accessed payment was made,",
            "title": "Actor owns the given payment",
            "name": "actor_owns_payment",
            "create_timestamp": "2012-01-14 07:27:35",
            "owner": null,
            "final_type": [
                "pr_services",
                "accheckmethod"
            ]
        }
    },
    {
        "pk": 22,
        "model": "pr_services.accheckmethod",
        "fields": {
            "save_timestamp": "2012-01-14 07:27:35",
            "description": "Returns true if the refund does not put the total amount of refunds for a particular payment over the value of the payment",
            "title": "Refund does not exceed payment",
            "name": "refund_does_not_exceed_payment",
            "create_timestamp": "2012-01-14 07:27:35",
            "owner": null,
            "final_type": [
                "pr_services",
                "accheckmethod"
            ]
        }
    },
    {
        "pk": 23,
        "model": "pr_services.accheckmethod",
        "fields": {
            "save_timestamp": "2012-01-14 07:27:35",
            "description": "Returns true if the assignment is for a session at a venue that matches the actor's preferred venue",
            "title": "Assignment venue matches actor venue",
            "name": "assignment_venue_matches_actor_preferred_venue",
            "create_timestamp": "2012-01-14 07:27:35",
            "owner": null,
            "final_type": [
                "pr_services",
                "accheckmethod"
            ]
        }
    },
    {
        "pk": 24,
        "model": "pr_services.accheckmethod",
        "fields": {
            "save_timestamp": "2012-01-14 07:27:35",
            "description": "Returns true if the actor is of the specified status.",
            "title": "Actor is of specified status",
            "name": "actor_status_check",
            "create_timestamp": "2012-01-14 07:27:35",
            "owner": null,
            "final_type": [
                "pr_services",
                "accheckmethod"
            ]
        }
    },
    {
        "pk": 25,
        "model": "pr_services.accheckmethod",
        "fields": {
            "save_timestamp": "2012-01-14 07:27:35",
            "description": "Always returns True.",
            "title": "Actor is any user",
            "name": "actor_is_anybody",
            "create_timestamp": "2012-01-14 07:27:35",
            "owner": null,
            "final_type": [
                "pr_services",
                "accheckmethod"
            ]
        }
    },
    {
        "pk": 26,
        "model": "pr_services.accheckmethod",
        "fields": {
            "save_timestamp": "2012-01-14 07:27:35",
            "description": "This is a strange new breed of auth_check that concerns itself with the update_dict.  It ensures that the update_dict is only attempting to add items from the list of allowed primary keys to the attribute on the actee.  It will return false if any 'remove' operation is in the dict, or if any primary key appears in the add list that is not in the allowed primary key list.",
            "title": "Actor is adding allowed many ended objects to user",
            "name": "actor_is_adding_allowed_many_ended_objects_to_user",
            "create_timestamp": "2012-01-14 07:27:35",
            "owner": null,
            "final_type": [
                "pr_services",
                "accheckmethod"
            ]
        }
    },
    {
        "pk": 27,
        "model": "pr_services.accheckmethod",
        "fields": {
            "save_timestamp": "2012-01-14 07:27:35",
            "description": "Returns True if the actor owns the event.",
            "title": "Actor owns the event",
            "name": "actor_owns_event",
            "create_timestamp": "2012-01-14 07:27:35",
            "owner": null,
            "final_type": [
                "pr_services",
                "accheckmethod"
            ]
        }
    },
    {
        "pk": 28,
        "model": "pr_services.accheckmethod",
        "fields": {
            "save_timestamp": "2012-01-14 07:27:35",
            "description": "Returns True if the actor owns the session.",
            "title": "Actor owns the session",
            "name": "actor_owns_session",
            "create_timestamp": "2012-01-14 07:27:35",
            "owner": null,
            "final_type": [
                "pr_services",
                "accheckmethod"
            ]
        }
    },
    {
        "pk": 29,
        "model": "pr_services.accheckmethod",
        "fields": {
            "save_timestamp": "2012-01-14 07:27:35",
            "description": "Returns True if the actor owns the session_user_role_requirement.",
            "title": "Actor owns the session_user_role_requirement",
            "name": "actor_owns_session_user_role_requirement",
            "create_timestamp": "2012-01-14 07:27:35",
            "owner": null,
            "final_type": [
                "pr_services",
                "accheckmethod"
            ]
        }
    },
    {
        "pk": 30,
        "model": "pr_services.accheckmethod",
        "fields": {
            "save_timestamp": "2012-01-14 07:27:35",
            "description": "Does nothing if the exam_session has no answered questions or ratings.  Returns True if exam_session is finished, else False.",
            "title": "Populated exam_session is finished.",
            "name": "populated_exam_session_is_finished",
            "create_timestamp": "2012-01-14 07:27:35",
            "owner": null,
            "final_type": [
                "pr_services",
                "accheckmethod"
            ]
        }
    },
    {
        "pk": 31,
        "model": "pr_services.accheckmethod",
        "fields": {
            "save_timestamp": "2012-01-14 07:27:35",
            "description": "Returns True if the actor is the user who created the venue, which is discovered by examining the venue's blame",
            "title": "The actor is the venue's creator",
            "name": "actor_is_venue_creator",
            "create_timestamp": "2012-01-14 07:27:35",
            "owner": null,
            "final_type": [
                "pr_services",
                "accheckmethod"
            ]
        }
    },
    {
        "pk": 32,
        "model": "pr_services.accheckmethod",
        "fields": {
            "save_timestamp": "2012-01-14 07:27:35",
            "description": "Returns True iff the session_user_role associate with the actee is the same as the session_user_role specified by the parameter session_user_role.",
            "title": "session_user_role_requirement is of a particular session_user_role",
            "name": "surr_is_of_a_particular_sur",
            "create_timestamp": "2012-01-14 07:27:35",
            "owner": null,
            "final_type": [
                "pr_services",
                "accheckmethod"
            ]
        }
    },
    {
        "pk": 33,
        "model": "pr_services.accheckmethod",
        "fields": {
            "save_timestamp": "2012-01-14 07:27:35",
            "description": "Returns True iff the actor is the owner of the credential",
            "title": "Actor owns Credential",
            "name": "actor_owns_credential",
            "create_timestamp": "2012-01-14 07:27:35",
            "owner": null,
            "final_type": [
                "pr_services",
                "accheckmethod"
            ]
        }
    },
    {
        "pk": 34,
        "model": "pr_services.accheckmethod",
        "fields": {
            "save_timestamp": "2012-01-14 07:27:35",
            "description": "Returns True iff the actor has completed all of the prerequisite tasks for the task being queried.",
            "title": "Actor has completed Task prerequisites",
            "name": "actor_has_completed_task_prerequisites",
            "create_timestamp": "2012-01-14 07:27:35",
            "owner": null,
            "final_type": [
                "pr_services",
                "accheckmethod"
            ]
        }
    },
    {
        "pk": 35,
        "model": "pr_services.accheckmethod",
        "fields": {
            "save_timestamp": "2012-01-14 07:27:35",
            "description": "Returns True iff the actor is the owner of the AchievementAward",
            "title": "Actor owns AchievementAward",
            "name": "actor_owns_achievement_award",
            "create_timestamp": "2012-01-14 07:27:35",
            "owner": null,
            "final_type": [
                "pr_services",
                "accheckmethod"
            ]
        }
    },
    {
        "pk": 36,
        "model": "pr_services.accheckmethod",
        "fields": {
            "save_timestamp": "2012-01-14 07:27:35",
            "description": "Returns True iff the actor is the owner of an AchievementAward for the Achievement",
            "title": "Actor owns AchievementAward for Achievement",
            "name": "actor_owns_achievement_award_for_achievement",
            "create_timestamp": "2012-01-14 07:27:35",
            "owner": null,
            "final_type": [
                "pr_services",
                "accheckmethod"
            ]
        }
    },
    {
        "pk": 37,
        "model": "pr_services.accheckmethod",
        "fields": {
            "save_timestamp": "2012-01-14 07:27:35",
            "description": "Returns True iff the actor is the owner of the assignment",
            "title": "Actor owns Assignment",
            "name": "actor_owns_assignment",
            "create_timestamp": "2012-01-14 07:27:35",
            "owner": null,
            "final_type": [
                "pr_services",
                "accheckmethod"
            ]
        }
    },
    {
        "pk": 38,
        "model": "pr_services.accheckmethod",
        "fields": {
            "save_timestamp": "2012-01-14 07:27:35",
            "description": "Returns True iff the actor is the owner of the assignment attempt",
            "title": "Actor owns AssignmentAttempt",
            "name": "actor_owns_assignment_attempt",
            "create_timestamp": "2012-01-14 07:27:35",
            "owner": null,
            "final_type": [
                "pr_services",
                "accheckmethod"
            ]
        }
    },
    {
        "pk": 39,
        "model": "pr_services.accheckmethod",
        "fields": {
            "save_timestamp": "2012-01-14 07:27:35",
            "description": "Returns True iff the actor has completed all of the prerequisite Tasks for the Assignment being queried.",
            "title": "Actor has completed Assignment prerequisites",
            "name": "actor_has_completed_assignment_prerequisites",
            "create_timestamp": "2012-01-14 07:27:35",
            "owner": null,
            "final_type": [
                "pr_services",
                "accheckmethod"
            ]
        }
    },
    {
        "pk": 40,
        "model": "pr_services.accheckmethod",
        "fields": {
            "save_timestamp": "2012-01-14 07:27:35",
            "description": "Returns True iff the QuestionResponse is for an ExamSession owned by the actor.",
            "title": "Actor owns QuestionResponse",
            "name": "actor_owns_question_response",
            "create_timestamp": "2012-01-14 07:27:35",
            "owner": null,
            "final_type": [
                "pr_services",
                "accheckmethod"
            ]
        }
    },
    {
        "pk": 41,
        "model": "pr_services.accheckmethod",
        "fields": {
            "save_timestamp": "2012-01-14 07:27:35",
            "description": "This complicatedly name method exists to be a bit genericly useful.  It will examine actee, ensuring that it is of type actee_model_name.  It will then ensure that attribute_name's value is equal to attribute_value.",
            "title": "Actee's attribute is set to",
            "name": "actees_attribute_is_set_to",
            "create_timestamp": "2012-01-14 07:27:35",
            "owner": null,
            "final_type": [
                "pr_services",
                "accheckmethod"
            ]
        }
    },
    {
        "pk": 42,
        "model": "pr_services.accheckmethod",
        "fields": {
            "save_timestamp": "2012-01-14 07:27:35",
            "description": "This complicatedly name method exists to be a bit genericly useful.  It will examine actee, ensuring that it is of type actee_model_name.  It will then follow a foreign key relationship, actee.foreign_object_attribute_name, and ensure that that attribute's value is equal to foreign_object_attribute_value.",
            "title": "Actee's foreign key object has attribute set to",
            "name": "actees_foreign_key_object_has_attribute_set_to",
            "create_timestamp": "2012-01-14 07:27:35",
            "owner": null,
            "final_type": [
                "pr_services",
                "accheckmethod"
            ]
        }
    },
    {
        "pk": 43,
        "model": "pr_services.accheckmethod",
        "fields": {
            "save_timestamp": "2012-01-14 07:27:35",
            "description": "Returns True if the actor is the owner of the Assignment, or if the actor is a guest and the Assignment doesn't have a user defined.",
            "title": "Actor owns assignment or is guest",
            "name": "actor_owns_assignment_or_is_guest",
            "create_timestamp": "2012-01-14 07:27:35",
            "owner": null,
            "final_type": [
                "pr_services",
                "accheckmethod"
            ]
        }
    },
    {
        "pk": 44,
        "model": "pr_services.accheckmethod",
        "fields": {
            "save_timestamp": "2012-01-14 07:27:35",
            "description": "Returns True if the actor is the same User object as is listed in the OwnedPRModel's owner field.",
            "title": "Actor owns PRModel",
            "name": "actor_owns_prmodel",
            "create_timestamp": "2012-01-14 07:27:35",
            "owner": null,
            "final_type": [
                "pr_services",
                "accheckmethod"
            ]
        }
    },
    {
        "pk": 45,
        "model": "pr_services.accheckmethod",
        "fields": {
            "save_timestamp": "2012-01-14 07:27:35",
            "description": "If the actee is in the group, the method returns True iff they are also of the domain.  If they are not in the group, it will return True.  This is useful for making sure that participants who register themselves are in the constantcontact.com domain.",
            "title": "Actee is in group and domain",
            "name": "actee_is_in_group_and_domain",
            "create_timestamp": "2012-01-14 07:27:35",
            "owner": null,
            "final_type": [
                "pr_services",
                "accheckmethod"
            ]
        }
    },
    {
        "pk": 46,
        "model": "pr_services.accheckmethod",
        "fields": {
            "save_timestamp": "2012-01-14 07:27:35",
            "description": "Returns True if DomainAffiliation.user is the actor.",
            "title": "DomainAffiliation user is actor",
            "name": "actor_related_to_domain_affiliation",
            "create_timestamp": "2012-01-14 07:27:35",
            "owner": null,
            "final_type": [
                "pr_services",
                "accheckmethod"
            ]
        }
    },
    {
        "pk": 47,
        "model": "pr_services.accheckmethod",
        "fields": {
            "save_timestamp": "2012-01-14 07:27:35",
            "description": "Returns True if the actee is an Organization and the actor belongs to that organization",
            "title": "Actor is in actee organization",
            "name": "actor_is_in_actee_which_is_an_organization",
            "create_timestamp": "2012-01-14 07:27:35",
            "owner": null,
            "final_type": [
                "pr_services",
                "accheckmethod"
            ]
        }
    },
    {
        "pk": 48,
        "model": "pr_services.accheckmethod",
        "fields": {
            "save_timestamp": "2012-01-14 07:27:35",
            "description": "Returns True iff the actee is an Assignment the Task in which is not a Video",
            "title": "Assignment is not to watch Video",
            "name": "assignment_is_not_video",
            "create_timestamp": "2012-01-14 07:27:35",
            "owner": null,
            "final_type": [
                "pr_services",
                "accheckmethod"
            ]
        }
    },
    {
        "pk": 49,
        "model": "pr_services.accheckmethod",
        "fields": {
            "save_timestamp": "2012-01-14 07:27:35",
            "description": "Returns True iff the actor is a manager of a category that the actee is directly or indirectly related to, and the relationship is not through a deleted video",
            "title": "Actor is Category Manager of category related to actee",
            "name": "actor_is_manager_of_actee_related_category",
            "create_timestamp": "2012-01-14 07:27:35",
            "owner": null,
            "final_type": [
                "pr_services",
                "accheckmethod"
            ]
        }
    },
    {
        "pk": 50,
        "model": "pr_services.accheckmethod",
        "fields": {
            "save_timestamp": "2012-01-14 07:27:35",
            "description": "Returns true iff the actor is a member of an authorized group on a category that's in an approved relationship to the actee",
            "title": "Actor is a member of an actee-related Category's authorized groups",
            "name": "actor_is_member_of_actee_related_category_authorized_groups",
            "create_timestamp": "2012-01-14 07:27:35",
            "owner": null,
            "final_type": [
                "pr_services",
                "accheckmethod"
            ]
        }
    },
    {
        "pk": 51,
        "model": "pr_services.accheckmethod",
        "fields": {
            "save_timestamp": "2012-01-14 07:27:35",
            "description": "Returns true iff the actor is a member of any Organization",
            "title": "Actor is member of any Organization",
            "name": "actor_is_member_of_any_organization",
            "create_timestamp": "2012-01-14 07:27:35",
            "owner": null,
            "final_type": [
                "pr_services",
                "accheckmethod"
            ]
        }
    },
    {
        "pk": 52,
        "model": "pr_services.accheckmethod",
        "fields": {
            "save_timestamp": "2012-01-14 07:27:35",
            "description": "Returns True iff actor owns an assignment for the given task",
            "title": "Actor owns Assignment for Task",
            "name": "actor_owns_assignment_for_task",
            "create_timestamp": "2012-01-14 07:27:35",
            "owner": null,
            "final_type": [
                "pr_services",
                "accheckmethod"
            ]
        }
    },
    {
        "pk": 53,
        "model": "pr_services.accheckmethod",
        "fields": {
            "save_timestamp": "2012-01-14 07:27:35",
            "description": "Returns True iff the actor has an assignment for this session",
            "title": "Actor is assigned to the session",
            "name": "actor_assigned_to_session",
            "create_timestamp": "2012-01-14 07:27:35",
            "owner": null,
            "final_type": [
                "pr_services",
                "accheckmethod"
            ]
        }
    },
    {
        "pk": 1,
        "model": "pr_services.acl",
        "fields": {
            "save_timestamp": "2012-01-14 07:27:35",
            "final_type": [
                "pr_services",
                "acl"
            ],
            "arbitrary_perm_list": "(lp1\nS'access_db_settings'\np2\naS'change_password_of_other_users'\np3\naS'check_usernames'\np4\naS'exceed_enrollment_capacity'\np5\naS'export_exam_to_xml'\np6\naS'import_exam_from_xml'\np7\naS'logging'\np8\naS'read_reports'\np9\naS'regenerate_payment_confirmations'\np10\naS'resend_payment_confirmations'\np11\naS'send_email'\np12\naS'upload_scorm_course'\np13\na.",
            "acl": "(dp1\nS'Category'\np2\n(dp3\nS'c'\nI01\nsS'r'\nc__builtin__\nset\np4\n((lp5\nS'locked'\np6\naS'name'\np7\naS'videos'\np8\naS'save_timestamp'\np9\naS'approved_videos'\np10\naS'create_timestamp'\np11\naS'content_type'\np12\naS'managers'\np13\naS'authorized_groups'\np14\naS'id'\np15\natRp16\nsS'u'\ng4\n((lp17\nS'locked'\np18\nag14\naS'managers'\np19\nag7\nag8\natRp20\nsS'd'\nI01\nssS'ExamSession'\np21\n(dp22\nS'c'\nI01\nsS'r'\ng4\n((lp23\nS'date_completed'\np24\naS'exam'\np25\naS'number_correct'\np26\naS'response_questions'\np27\naS'passing_score'\np28\nag12\naS'user'\np29\naS'passed'\np30\nag9\naS'date_started'\np31\naS'score'\np32\nag15\nag11\natRp33\nsS'u'\ng4\n((lp34\nS'date_completed'\np35\natRp36\nsS'd'\nI01\nssS'Response'\np37\n(dp38\nS'c'\nI01\nsS'r'\ng4\n((lp39\ng9\naS'exam_session'\np40\naS'question'\np41\naS'value'\np42\nag15\naS'valid'\np43\nag11\nag12\naS'text'\np44\naS'correct'\np45\natRp46\nsS'u'\ng4\n((ltRp47\nsS'd'\nI01\nssS'FileDownload'\np48\n(dp49\nS'c'\nI01\nsS'r'\ng4\n((lp50\nS'achievements'\np51\nag9\nag7\naS'title'\np52\naS'deleted'\np53\naS'prerequisite_tasks'\np54\naS'file_url'\np55\nag11\nag12\naS'file_size'\np56\nag15\naS'description'\np57\natRp58\nsS'u'\ng4\n((lp59\nS'achievements'\np60\naS'prerequisite_tasks'\np61\naS'title'\np62\nag7\naS'description'\np63\natRp64\nsS'd'\nI01\nssS'EncodedVideo'\np65\n(dp66\nS'c'\nI01\nsS'r'\ng4\n((lp67\ng9\naS'url'\np68\naS'video'\np69\nag11\nag12\naS'http_url'\np70\naS'bitrate'\np71\nag15\natRp72\nsS'u'\ng4\n((ltRp73\nsS'd'\nI01\nssS'ResourceType'\np74\n(dp75\nS'c'\nI01\nsS'r'\ng4\n((lp76\ng9\nag7\naS'notes'\np77\nag11\nag12\naS'sessiontemplateresourcetypereqs'\np78\nag15\naS'resources'\np79\naS'sessionresourcetyperequirements'\np80\natRp81\nsS'u'\ng4\n((lp82\nS'sessiontemplateresourcetypereqs'\np83\nag7\naS'resources'\np84\naS'sessionresourcetyperequirements'\np85\natRp86\nsS'd'\nI01\nssS'SessionUserRole'\np87\n(dp88\nS'c'\nI01\nsS'r'\ng4\n((lp89\ng9\nag7\naS'session_user_role_requirements'\np90\nag12\nag15\nag11\natRp91\nsS'u'\ng4\n((lp92\ng7\naS'session_user_role_requirements'\np93\natRp94\nsS'd'\nI01\nssS'ConditionTestCollection'\np95\n(dp96\nS'c'\nI01\nsS'r'\ng4\n((lp97\ng9\nag7\nag12\naS'condition_tests'\np98\nag15\nag11\natRp99\nsS'u'\ng4\n((lp100\ng7\natRp101\nsS'd'\nI01\nssS'CurriculumEnrollment'\np102\n(dp103\nS'c'\nI01\nsS'r'\ng4\n((lp104\nS'end'\np105\naS'users'\np106\naS'start'\np107\naS'curriculum_name'\np108\naS'curriculum'\np109\naS'assignments'\np110\nag11\nag12\nag9\nag15\naS'user_completion_statuses'\np111\natRp112\nsS'u'\ng4\n((lp113\nS'start'\np114\naS'curriculum'\np115\naS'end'\np116\naS'users'\np117\natRp118\nsS'd'\nI01\nssS'forum.ForumPostAttachment'\np119\n(dp120\nS'c'\nI01\nsS'r'\ng4\n((lp121\ng9\naS'description'\np122\nag12\naS'post'\np123\nag11\nag15\nag7\natRp124\nsS'u'\ng4\n((lp125\nS'post'\np126\naS'description'\np127\nag7\natRp128\nsS'd'\nI01\nssS'Note'\np129\n(dp130\nS'c'\nI01\nsS'r'\ng4\n((lp131\nS'text'\np132\nag9\nag15\nag12\nag11\natRp133\nsS'u'\ng4\n((lp134\nS'text'\np135\natRp136\nsS'd'\nI01\nssS'PurchaseOrder'\np137\n(dp138\nS'c'\nI01\nsS'r'\ng4\n((lp139\nS'training_units_price'\np140\naS'total_price'\np141\nag9\naS'promo_code'\np142\naS'training_units_purchased'\np143\naS'is_paid'\np144\naS'product_offers'\np145\naS'payments'\np146\naS'products'\np147\naS'user'\np148\nag12\naS'product_discounts'\np149\naS'organization'\np150\nag11\nag15\naS'expiration'\np151\natRp152\nsS'u'\ng4\n((lp153\nS'training_units_price'\np154\naS'promo_code'\np155\naS'training_units_purchased'\np156\naS'expiration'\np157\naS'organization'\np158\naS'user'\np159\natRp160\nsS'd'\nI01\nssS'FileUpload'\np161\n(dp162\nS'c'\nI01\nsS'r'\ng4\n((lp163\nS'achievements'\np164\nag9\nag7\nag12\nag11\nag15\naS'description'\np165\natRp166\nsS'u'\ng4\n((lp167\nS'achievements'\np168\nag7\naS'description'\np169\natRp170\nsS'd'\nI01\nssS'Role'\np171\n(dp172\nS'c'\nI01\nsS'r'\ng4\n((lp173\nS'ac_check_methods'\np174\nag9\nag7\naS'notes'\np175\naS'acl'\np176\nag11\nag12\nag15\natRp177\nsS'u'\ng4\n((lp178\nS'notes'\np179\naS'ac_check_methods'\np180\nag7\naS'acl'\np181\natRp182\nsS'd'\nI01\nssS'CSVData'\np183\n(dp184\nS'c'\nI01\nsS'r'\ng4\n((lp185\ng9\nag15\nag12\nag11\natRp186\nsS'u'\ng4\n((ltRp187\nsS'd'\nI01\nssS'Answer'\np188\n(dp189\nS'c'\nI01\nsS'r'\ng4\n((lp190\nS'text_response'\np191\nag9\naS'end_question_pool'\np192\naS'end_exam'\np193\naS'question'\np194\naS'next_question_pool'\np195\naS'value'\np196\naS'correct'\np197\nag11\nag12\nag15\naS'label'\np198\naS'order'\np199\natRp200\nsS'u'\ng4\n((lp201\nS'text_response'\np202\naS'end_question_pool'\np203\naS'end_exam'\np204\naS'question'\np205\naS'next_question_pool'\np206\naS'value'\np207\naS'correct'\np208\naS'label'\np209\naS'order'\np210\natRp211\nsS'd'\nI01\nssS'Group'\np212\n(dp213\nS'c'\nI01\nsS'r'\ng4\n((lp214\nS'managers'\np215\nag7\naS'default'\np216\naS'notes'\np217\nag11\nag12\nag9\nag15\naS'categories'\np218\naS'users'\np219\natRp220\nsS'u'\ng4\n((lp221\ng216\naS'managers'\np222\nag7\naS'categories'\np223\naS'users'\np224\natRp225\nsS'd'\nI01\nssS'Region'\np226\n(dp227\nS'c'\nI01\nsS'r'\ng4\n((lp228\ng9\nag7\naS'notes'\np229\naS'venues'\np230\nag15\nag11\nag12\naS'events'\np231\natRp232\nsS'u'\ng4\n((lp233\ng7\naS'venues'\np234\naS'events'\np235\natRp236\nsS'd'\nI01\nssS'TrainingUnitAccount'\np237\n(dp238\nS'c'\nI01\nsS'r'\ng4\n((lp239\ng9\naS'training_unit_transactions'\np240\naS'user'\np241\nag12\naS'organization'\np242\naS'balance'\np243\nag15\nag11\natRp244\nsS'u'\ng4\n((lp245\nS'organization'\np246\naS'starting_value'\np247\naS'user'\np248\natRp249\nsS'd'\nI01\nssS'ScoSession'\np250\n(dp251\nS'c'\nI01\nsS'r'\ng4\n((lp252\nS'sco'\np253\naS'date_completed'\np254\nag12\naS'cmi_core_score_max'\np255\naS'cmi_core_score_min'\np256\naS'shared_object'\np257\naS'cmi_core_lesson_status'\np258\nag11\naS'cmi_core_lesson_location'\np259\nag9\naS'date_started'\np260\nag15\natRp261\nsS'u'\ng4\n((lp262\nS'date_started'\np263\naS'date_completed'\np264\natRp265\nsS'd'\nI01\nssS'Credential'\np266\n(dp267\nS'c'\nI01\nsS'r'\ng4\n((lp268\nS'status'\np269\nag9\naS'date_expires'\np270\naS'notes'\np271\naS'authority'\np272\naS'credential_type'\np273\naS'user'\np274\nag12\naS'serial_number'\np275\naS'date_started'\np276\naS'date_granted'\np277\nag15\naS'date_assigned'\np278\nag11\natRp279\nsS'u'\ng4\n((lp280\ng269\naS'date_expires'\np281\naS'authority'\np282\naS'credential_type'\np283\naS'user'\np284\naS'serial_number'\np285\naS'date_started'\np286\naS'date_granted'\np287\naS'date_assigned'\np288\natRp289\nsS'd'\nI01\nssS'Product'\np290\n(dp291\nS'c'\nI01\nsS'r'\ng4\n((lp292\nS'sku'\np293\naS'custom_actions'\np294\naS'training_units'\np295\naS'description'\np296\naS'display_order'\np297\naS'starting_quantity'\np298\nag15\naS'cost'\np299\naS'inventory'\np300\nag12\nag9\nag11\naS'price'\np301\nag7\natRp302\nsS'u'\ng4\n((lp303\nS'sku'\np304\naS'custom_actions'\np305\naS'training_units'\np306\naS'description'\np307\naS'price'\np308\naS'cost'\np309\naS'starting_quantity'\np310\naS'display_order'\np311\nag7\natRp312\nsS'd'\nI01\nssS'ProductLine'\np313\n(dp314\nS'c'\nI01\nsS'r'\ng4\n((lp315\nS'managers'\np316\nag7\naS'notes'\np317\naS'instructors'\np318\nag11\nag12\nag9\naS'instructor_managers'\np319\nag15\natRp320\nsS'u'\ng4\n((lp321\nS'instructors'\np322\naS'instructor_managers'\np323\naS'managers'\np324\nag7\natRp325\nsS'd'\nI01\nssS'Exam'\np326\n(dp327\nS'c'\nI01\nsS'r'\ng4\n((lp328\nS'achievements'\np329\naS'question_pools'\np330\nag9\naS'description'\np331\naS'title'\np332\naS'prerequisite_tasks'\np333\naS'version_id'\np334\naS'version_comment'\np335\naS'passing_score'\np336\nag12\nag11\naS'version_label'\np337\naS'type'\np338\nag15\nag7\natRp339\nsS'u'\ng4\n((lp340\nS'achievements'\np341\naS'question_pools'\np342\naS'description'\np343\naS'title'\np344\naS'prerequisite_tasks'\np345\naS'version_id'\np346\naS'version_comment'\np347\naS'passing_score'\np348\naS'version_label'\np349\nag7\natRp350\nsS'd'\nI01\nssS'FormPage'\np351\n(dp352\nS'c'\nI01\nsS'r'\ng4\n((lp353\nS'form_widgets'\np354\naS'exam'\np355\naS'photo'\np356\naS'number'\np357\nag11\nag12\nag9\nag15\natRp358\nsS'u'\ng4\n((lp359\nS'form_widgets'\np360\naS'exam'\np361\naS'number'\np362\natRp363\nsS'd'\nI01\nssS'SessionUserRoleRequirement'\np364\n(dp365\nS'c'\nI01\nsS'r'\ng4\n((lp366\nS'achievements'\np367\nag9\naS'remaining_capacity'\np368\naS'min'\np369\naS'max'\np370\naS'prerequisite_tasks'\np371\naS'session'\np372\naS'session_user_role'\np373\nag11\nag12\naS'credential_types'\np374\naS'role_name'\np375\naS'ignore_room_capacity'\np376\nag15\naS'users'\np377\natRp378\nsS'u'\ng4\n((lp379\nS'achievements'\np380\naS'users'\np381\naS'min'\np382\naS'max'\np383\naS'prerequisite_tasks'\np384\naS'session'\np385\naS'session_user_role'\np386\naS'credential_types'\np387\naS'ignore_room_capacity'\np388\natRp389\nsS'd'\nI01\nssS'Assignment'\np390\n(dp391\nS'c'\nI01\nsS'r'\ng4\n((lp392\ng269\naS'due_date'\np393\naS'task'\np394\naS'date_completed'\np395\naS'status_change_log'\np396\naS'task_content_type'\np397\naS'effective_date_assigned'\np398\naS'prerequisites_met'\np399\naS'user'\np400\nag12\nag9\naS'date_started'\np401\nag11\nag15\naS'assignment_attempts'\np402\natRp403\nsS'u'\ng4\n((lp404\ng269\naS'due_date'\np405\naS'effective_date_assigned'\np406\naS'date_completed'\np407\naS'date_started'\np408\natRp409\nsS'd'\nI01\nssS'FileDownloadAttempt'\np410\n(dp411\nS'c'\nI01\nsS'r'\ng4\n((lp412\nS'date_completed'\np413\naS'file_download'\np414\naS'assignment'\np415\naS'user'\np416\nag12\nag9\naS'date_started'\np417\nag15\nag11\natRp418\nsS'u'\ng4\n((lp419\nS'date_completed'\np420\natRp421\nsS'd'\nI01\nssS'Curriculum'\np422\n(dp423\nS'c'\nI01\nsS'r'\ng4\n((lp424\nS'achievements'\np425\naS'curriculum_task_associations'\np426\naS'tasks'\np427\nag9\nag7\nag11\nag12\naS'organization'\np428\nag15\natRp429\nsS'u'\ng4\n((lp430\nS'achievements'\np431\naS'organization'\np432\naS'tasks'\np433\nag7\natRp434\nsS'd'\nI01\nssS'CurriculumTaskAssociation'\np435\n(dp436\nS'c'\nI01\nsS'r'\ng4\n((lp437\nS'task_bundle'\np438\naS'task'\np439\nag9\nag12\naS'presentation_order'\np440\naS'curriculum'\np441\naS'days_before_start'\np442\naS'continue_automatically'\np443\nag11\naS'task_name'\np444\naS'days_to_complete'\np445\nag15\natRp446\nsS'u'\ng4\n((lp447\nS'task_bundle'\np448\naS'task'\np449\naS'presentation_order'\np450\naS'curriculum'\np451\naS'days_before_start'\np452\naS'continue_automatically'\np453\naS'days_to_complete'\np454\natRp455\nsS'd'\nI01\nssS'VideoSession'\np456\n(dp457\nS'c'\nI01\nsS'r'\ng4\n((lp458\nS'date_completed'\np459\naS'assignment'\np460\nag69\naS'user'\np461\nag12\nag9\naS'date_started'\np462\nag15\nag11\natRp463\nsS'u'\ng4\n((lp464\nS'date_started'\np465\naS'date_completed'\np466\natRp467\nsS'd'\nI01\nssS'Task'\np468\n(dp469\nS'c'\nI01\nsS'r'\ng4\n((lp470\nS'achievements'\np471\naS'yielded_tasks'\np472\nag9\naS'remaining_capacity'\np473\naS'title'\np474\naS'max'\np475\naS'prerequisite_tasks'\np476\naS'version_id'\np477\nag7\naS'version_comment'\np478\nag11\nag12\naS'min'\np479\naS'version_label'\np480\naS'type'\np481\nag15\naS'description'\np482\natRp483\nsS'u'\ng4\n((lp484\nS'achievements'\np485\naS'yielded_tasks'\np486\naS'description'\np487\naS'title'\np488\naS'max'\np489\naS'prerequisite_tasks'\np490\naS'version_id'\np491\naS'version_comment'\np492\naS'min'\np493\naS'version_label'\np494\nag7\natRp495\nsS'd'\nI01\nssS'User'\np496\n(dp497\nS'c'\nI01\nsS'r'\ng4\n((lp498\ng269\naS'product_lines_managed'\np499\naS'last_name'\np500\nag9\nag12\naS'is_staff'\np501\nag11\naS'full_name'\np502\naS'default_username_and_domain'\np503\naS'product_lines_instructor_manager_for'\np504\naS'email2'\np505\nag15\naS'biography'\np506\naS'alleged_organization'\np507\naS'first_name'\np508\naS'middle_name'\np509\naS'title'\np510\naS'enable_paypal'\np511\naS'product_lines_instructor_for'\np512\naS'email'\np513\naS'username'\np514\naS'billing_address'\np515\naS'color_code'\np516\naS'phone2'\np517\naS'phone3'\np518\naS'phone'\np519\naS'groups'\np520\naS'credentials'\np521\naS'owned_userorgroles'\np522\naS'preferred_venues'\np523\naS'photo_url'\np524\naS'organizations'\np525\naS'session_user_role_requirements'\np526\naS'roles'\np527\naS'url'\np528\naS'name_suffix'\np529\naS'completed_curriculum_enrollments'\np530\naS'suppress_emails'\np531\naS'incomplete_curriculum_enrollments'\np532\naS'paypal_address'\np533\naS'shipping_address'\np534\naS'domains'\np535\natRp536\nsS'u'\ng4\n((lp537\ng500\naS'is_staff'\np538\naS'email2'\np539\naS'biography'\np540\nag508\naS'middle_name'\np541\naS'title'\np542\naS'enable_paypal'\np543\nag513\nag269\naS'billing_address'\np544\naS'color_code'\np545\naS'phone2'\np546\naS'phone3'\np547\naS'phone'\np548\naS'groups'\np549\naS'credentials'\np550\naS'preferred_venues'\np551\naS'photo_url'\np552\naS'organizations'\np553\naS'roles'\np554\naS'url'\np555\naS'name_suffix'\np556\naS'suppress_emails'\np557\naS'alleged_organization'\np558\naS'paypal_address'\np559\naS'shipping_address'\np560\natRp561\nsS'd'\nI01\nssS'forum.ForumCategory'\np562\n(dp563\nS'c'\nI01\nsS'r'\ng4\n((lp564\ng9\nag7\nag12\naS'forums'\np565\nag15\nag11\natRp566\nsS'u'\ng4\n((lp567\ng7\natRp568\nsS'd'\nI01\nssS'TrainingUnitTransaction'\np569\n(dp570\nS'c'\nI01\nsS'r'\ng4\n((lp571\nS'purchase_order'\np572\naS'training_unit_authorizations'\np573\nag11\nag12\nag9\nag15\naS'value'\np574\natRp575\nsS'u'\ng4\n((lp576\nS'training_unit_authorizations'\np577\natRp578\nsS'd'\nI01\nssS'forum.ForumTopic'\np579\n(dp580\nS'c'\nI01\nsS'r'\ng4\n((lp581\ng9\nag7\naS'forum'\np582\naS'posts'\np583\naS'sticky'\np584\nag12\nag11\naS'closed'\np585\nag15\natRp586\nsS'u'\ng4\n((lp587\nS'sticky'\np588\naS'forum'\np589\naS'closed'\np590\nag7\natRp591\nsS'd'\nI01\nssS'SessionTemplate'\np592\n(dp593\nS'c'\nI01\nsS'r'\ng4\n((lp594\nS'product_line'\np595\nag9\naS'description'\np596\naS'sequence'\np597\naS'price'\np598\naS'event_template'\np599\naS'session_template_resource_type_requirements'\np600\naS'modality'\np601\naS'session_template_user_role_requirements'\np602\naS'duration'\np603\naS'audience'\np604\naS'version'\np605\nag15\naS'sessions'\np606\nag12\naS'active'\np607\naS'fullname'\np608\nag11\naS'shortname'\np609\naS'lead_time'\np610\natRp611\nsS'u'\ng4\n((lp612\nS'product_line'\np613\naS'description'\np614\naS'event_template'\np615\naS'price'\np616\naS'sequence'\np617\naS'modality'\np618\naS'duration'\np619\naS'audience'\np620\naS'version'\np621\naS'active'\np622\naS'fullname'\np623\naS'shortname'\np624\naS'lead_time'\np625\natRp626\nsS'd'\nI01\nssS'Achievement'\np627\n(dp628\nS'c'\nI01\nsS'r'\ng4\n((lp629\ng9\naS'users'\np630\naS'component_achievements'\np631\naS'description'\np632\nag7\nag11\nag12\nag15\naS'yielded_achievements'\np633\natRp634\nsS'u'\ng4\n((lp635\nS'users'\np636\naS'component_achievements'\np637\naS'yielded_achievements'\np638\naS'description'\np639\nag7\natRp640\nsS'd'\nI01\nssS'TrainingVoucher'\np641\n(dp642\nS'c'\nI01\nsS'r'\ng4\n((lp643\nS'code'\np644\naS'session_user_role_requirement'\np645\naS'price'\np646\naS'purchase_order'\np647\nag11\nag12\nag9\nag15\natRp648\nsS'u'\ng4\n((lp649\nS'purchase_order'\np650\naS'session_user_role_requirement'\np651\natRp652\nsS'd'\nI01\nssS'TaskBundle'\np653\n(dp654\nS'c'\nI01\nsS'r'\ng4\n((lp655\nS'tasks'\np656\naS'tasks_depr'\np657\nag7\nag11\nag12\nag9\nag15\naS'description'\np658\natRp659\nsS'u'\ng4\n((lp660\nS'tasks'\np661\nag657\nag7\naS'description'\np662\natRp663\nsS'd'\nI01\nssS'SessionTemplateUserRoleReq'\np664\n(dp665\nS'c'\nI01\nsS'r'\ng4\n((lp666\ng9\naS'session_template'\np667\naS'min'\np668\naS'max'\np669\naS'session_user_role'\np670\nag11\nag12\nag15\natRp671\nsS'u'\ng4\n((lp672\nS'max'\np673\naS'session_user_role'\np674\naS'session_template'\np675\naS'min'\np676\natRp677\nsS'd'\nI01\nssS'Resource'\np678\n(dp679\nS'c'\nI01\nsS'r'\ng4\n((lp680\nS'session_resource_type_requirements'\np681\naS'resource_types'\np682\nag7\naS'notes'\np683\nag11\nag12\nag9\nag15\naS'description'\np684\natRp685\nsS'u'\ng4\n((lp686\nS'session_resource_type_requirements'\np687\naS'resource_types'\np688\nag7\naS'description'\np689\natRp690\nsS'd'\nI01\nssS'Room'\np691\n(dp692\nS'c'\nI01\nsS'r'\ng4\n((lp693\nS'capacity'\np694\nag7\naS'venue_name'\np695\naS'venue_address'\np696\naS'venue'\np697\nag11\nag12\nag9\nag15\natRp698\nsS'u'\ng4\n((lp699\nS'venue'\np700\naS'capacity'\np701\nag7\natRp702\nsS'd'\nI01\nssS'ProductClaim'\np703\n(dp704\nS'c'\nI01\nsS'r'\ng4\n((lp705\nS'product'\np706\nag9\nag11\nag12\nag15\naS'purchase_order'\np707\naS'quantity'\np708\natRp709\nsS'u'\ng4\n((lp710\nS'quantity'\np711\natRp712\nsS'd'\nI01\nssS'TaskBundleTaskAssociation'\np713\n(dp714\nS'c'\nI01\nsS'r'\ng4\n((lp715\nS'task_bundle'\np716\naS'task'\np717\nag9\naS'presentation_order'\np718\naS'continue_automatically'\np719\nag11\nag12\nag15\natRp720\nsS'u'\ng4\n((lp721\nS'task_bundle'\np722\naS'task'\np723\naS'continue_automatically'\np724\naS'presentation_order'\np725\natRp726\nsS'd'\nI01\nssS'forum.Forum'\np727\n(dp728\nS'c'\nI01\nsS'r'\ng4\n((lp729\nS'category'\np730\nag9\naS'description'\np731\naS'topics'\np732\nag11\nag12\nag15\nag7\natRp733\nsS'u'\ng4\n((lp734\nS'category'\np735\naS'description'\np736\nag7\natRp737\nsS'd'\nI01\nssS'ConditionTest'\np738\n(dp739\nS'c'\nI01\nsS'r'\ng4\n((lp740\nS'match_all_defined_parameters'\np741\nag12\naS'session_user_role_requirements'\np742\naS'sequence'\np743\naS'condition_test_collection'\np744\naS'sessions'\np745\nag9\nag15\naS'end'\np746\naS'start'\np747\nag11\naS'groups'\np748\naS'credentials'\np749\naS'events'\np750\natRp751\nsS'u'\ng4\n((lp752\nS'match_all_defined_parameters'\np753\naS'session_user_role_requirements'\np754\naS'sequence'\np755\naS'condition_test_collection'\np756\naS'sessions'\np757\naS'end'\np758\naS'start'\np759\naS'groups'\np760\naS'credentials'\np761\naS'events'\np762\natRp763\nsS'd'\nI01\nssS'DomainAffiliation'\np764\n(dp765\nS'c'\nI01\nsS'r'\ng4\n((lp766\ng514\naS'domain'\np767\nag9\nag216\naS'user'\np768\nag12\naS'may_log_me_in'\np769\nag15\nag11\natRp770\nsS'u'\ng4\n((lp771\ng216\naS'may_log_me_in'\np772\nag767\nag514\naS'user'\np773\natRp774\nsS'd'\nI01\nssS'Venue'\np775\n(dp776\nS'c'\nI01\nsS'r'\ng4\n((lp777\ng9\nag7\naS'region'\np778\naS'hours_of_operation'\np779\nag15\naS'phone'\np780\naS'contact'\np781\naS'rooms'\np782\nag12\naS'address'\np783\naS'owner'\np784\naS'events'\np785\nag11\natRp786\nsS'u'\ng4\n((lp787\ng7\naS'region'\np788\naS'hours_of_operation'\np789\naS'phone'\np790\naS'contact'\np791\naS'address'\np792\naS'owner'\np793\naS'events'\np794\natRp795\nsS'd'\nI01\nssS'CredentialType'\np796\n(dp797\nS'c'\nI01\nsS'r'\ng4\n((lp798\nS'min_required_tasks'\np799\nag9\naS'description'\np800\naS'notes'\np801\nag7\naS'prerequisite_credential_types'\np802\nag11\nag12\nag15\naS'required_achievements'\np803\natRp804\nsS'u'\ng4\n((lp805\ng799\naS'description'\np806\naS'notes'\np807\nag7\naS'prerequisite_credential_types'\np808\naS'required_achievements'\np809\natRp810\nsS'd'\nI01\nssS'SessionResourceTypeRequirement'\np811\n(dp812\nS'c'\nI01\nsS'r'\ng4\n((lp813\ng9\naS'min'\np814\naS'max'\np815\naS'session'\np816\naS'resource_type'\np817\nag12\nag15\naS'resources'\np818\nag11\natRp819\nsS'u'\ng4\n((lp820\nS'max'\np821\naS'session'\np822\naS'resources'\np823\naS'resource_type'\np824\naS'min'\np825\natRp826\nsS'd'\nI01\nssS'ProductDiscount'\np827\n(dp828\nS'c'\nI01\nsS'r'\ng4\n((lp829\nS'product_offers'\np830\nag9\naS'promo_code'\np831\naS'condition_test_collection'\np832\naS'cumulative'\np833\naS'currency'\np834\naS'products'\np835\nag11\nag12\naS'percentage'\np836\nag15\natRp837\nsS'u'\ng4\n((lp838\nS'product_offers'\np839\naS'promo_code'\np840\naS'condition_test_collection'\np841\naS'cumulative'\np842\naS'currency'\np843\naS'products'\np844\naS'percentage'\np845\natRp846\nsS'd'\nI01\nssS'FormWidget'\np847\n(dp848\nS'c'\nI01\nsS'r'\ng4\n((lp849\ng9\naS'y'\naS'form_page'\np850\naS'question'\np851\naS'height'\np852\naS'width'\np853\nag11\nag12\naS'answer'\np854\naS'x'\nag15\natRp855\nsS'u'\ng4\n((lp856\nS'y'\naS'form_page'\np857\naS'question'\np858\naS'height'\np859\naS'width'\np860\naS'answer'\np861\naS'x'\natRp862\nsS'd'\nI01\nssS'OrgRole'\np863\n(dp864\nS'c'\nI01\nsS'r'\ng4\n((lp865\nS'organizations'\np866\nag9\nag7\naS'user_org_roles'\np867\nag11\nag12\nag15\naS'users'\np868\natRp869\nsS'u'\ng4\n((lp870\nS'organizations'\np871\nag7\naS'users'\np872\natRp873\nsS'd'\nI01\nssS'FileUploadAttempt'\np874\n(dp875\nS'c'\nI01\nsS'r'\ng4\n((lp876\nS'file_upload'\np877\naS'date_completed'\np878\naS'deleted'\np879\naS'file_name'\np880\naS'file_size'\np881\naS'file_url'\np882\naS'user'\np883\nag12\naS'assignment'\np884\nag9\naS'date_started'\np885\nag15\nag11\natRp886\nsS'u'\ng4\n((lp887\nS'date_completed'\np888\natRp889\nsS'd'\nI01\nssS'Organization'\np890\n(dp891\nS'c'\nI01\nsS'r'\ng4\n((lp892\ng9\naS'user_org_roles'\np893\naS'primary_contact_cell_phone'\np894\nag11\naS'primary_contact_first_name'\np895\naS'children'\np896\naS'users'\np897\naS'ancestors'\np898\naS'org_email_domains'\np899\naS'primary_contact_email'\np900\nag15\naS'training_unit_accounts'\np901\naS'department'\np902\nag513\naS'fax'\np903\naS'description'\np904\naS'parent'\np905\naS'descendants'\np906\naS'purchase_orders'\np907\naS'primary_contact_other_phone'\np908\naS'phone'\np909\nag12\naS'address'\np910\naS'photo_url'\np911\nag7\naS'roles'\np912\naS'primary_contact_office_phone'\np913\naS'url'\np914\naS'notes'\np915\naS'primary_contact_last_name'\np916\natRp917\nsS'u'\ng4\n((lp918\nS'fax'\np919\naS'description'\np920\naS'parent'\np921\naS'primary_contact_office_phone'\np922\naS'url'\np923\naS'primary_contact_cell_phone'\np924\naS'notes'\np925\naS'primary_contact_email'\np926\naS'primary_contact_other_phone'\np927\naS'phone'\np928\naS'primary_contact_last_name'\np929\naS'address'\np930\naS'department'\np931\naS'roles'\np932\naS'users'\np933\naS'photo_url'\np934\naS'primary_contact_first_name'\np935\nag513\nag7\natRp936\nsS'd'\nI01\nssS'QuestionPool'\np937\n(dp938\nS'c'\nI01\nsS'r'\ng4\n((lp939\ng9\naS'exam'\np940\naS'title'\np941\naS'randomize_questions'\np942\nag15\nag12\nag11\naS'questions'\np943\naS'order'\np944\naS'number_to_answer'\np945\nag7\natRp946\nsS'u'\ng4\n((lp947\nS'exam'\np948\naS'title'\np949\naS'randomize_questions'\np950\naS'questions'\np951\naS'order'\np952\naS'number_to_answer'\np953\nag7\natRp954\nsS'd'\nI01\nssS'CustomAction'\np955\n(dp956\nS'c'\nI01\nsS'r'\ng4\n((lp957\ng9\nag7\nag12\naS'description'\np958\nag11\nag15\naS'function_name'\np959\natRp960\nsS'u'\ng4\n((lp961\nS'function_name'\np962\nag7\naS'description'\np963\natRp964\nsS'd'\nI01\nssS'Refund'\np965\n(dp966\nS'c'\nI01\nsS'r'\ng4\n((lp967\ng9\nag15\nag12\nag11\natRp968\nsS'u'\ng4\n((ltRp969\nsS'd'\nI00\nssS'Domain'\np970\n(dp971\nS'c'\nI01\nsS'r'\ng4\n((lp972\ng9\nag7\nag12\naS'authentication_ip'\np973\nag11\nag15\naS'users'\np974\natRp975\nsS'u'\ng4\n((lp976\nS'authentication_ip'\np977\naS'authentication_password_hash'\np978\nag7\natRp979\nsS'd'\nI01\nssS'OrgEmailDomain'\np980\n(dp981\nS'c'\nI01\nsS'r'\ng4\n((lp982\nS'effective_role'\np983\naS'effective_role_name'\np984\nag9\naS'role'\np985\nag11\nag12\naS'email_domain'\np986\naS'organization'\np987\nag15\natRp988\nsS'u'\ng4\n((lp989\nS'organization'\np990\naS'role'\np991\naS'email_domain'\np992\natRp993\nsS'd'\nI01\nssS'forum.ForumPost'\np994\n(dp995\nS'c'\nI01\nsS'r'\ng4\n((lp996\nS'topic'\np997\naS'body'\np998\nag9\naS'attachments'\np999\nag12\nag15\nag11\natRp1000\nsS'u'\ng4\n((lp1001\nS'topic'\np1002\naS'body'\np1003\natRp1004\nsS'd'\nI01\nssS'Video'\np1005\n(dp1006\nS'c'\nI01\nsS'r'\ng4\n((lp1007\ng9\naS'encoded_videos'\np1008\naS'create_timestamp'\np1009\naS'version_label'\np1010\naS'owner'\np1011\naS'id'\np1012\naS'category_relationships'\np1013\naS'author'\np1014\naS'num_views'\np1015\naS'live'\np1016\naS'is_ready'\np1017\naS'public'\np1018\nag269\naS'description'\np1019\naS'tags'\np1020\naS'deleted'\np1021\naS'prerequisite_tasks'\np1022\naS'version_id'\np1023\nag12\naS'categories'\np1024\naS'photo_url'\np1025\nag7\naS'users_who_watched'\np1026\naS'src_file_size'\np1027\naS'approved_categories'\np1028\naS'version_comment'\np1029\naS'length'\np1030\naS'aspect_ratio'\np1031\naS'title'\np1032\natRp1033\nsS'u'\ng4\n((lp1034\nS'prerequisite_tasks'\np1035\naS'description'\np1036\nag1014\naS'title'\np1037\nag1016\naS'version_id'\np1038\nag1008\naS'owner'\np1039\naS'length'\np1040\naS'tags'\np1041\naS'version_label'\np1042\naS'version_comment'\np1043\nag1031\naS'photo_url'\np1044\naS'public'\np1045\naS'categories'\np1046\nag7\natRp1047\nsS'd'\nI01\nssS'Question'\np1048\n(dp1049\nS'c'\nI01\nsS'r'\ng4\n((lp1050\nS'rejoinder'\np1051\naS'widget'\np1052\nag9\naS'text_response_label'\np1053\naS'max_value'\np1054\naS'min_value'\np1055\naS'max_answers'\np1056\naS'answers'\np1057\naS'help_text'\np1058\naS'min_answers'\np1059\nag11\nag12\naS'question_pool'\np1060\nag15\naS'text_response'\np1061\naS'min_length'\np1062\naS'required'\np1063\naS'label'\np1064\naS'max_length'\np1065\naS'question_type'\np1066\naS'text_regex'\np1067\naS'order'\np1068\natRp1069\nsS'u'\ng4\n((lp1070\nS'text_response'\np1071\naS'rejoinder'\np1072\naS'widget'\np1073\naS'required'\np1074\naS'min_length'\np1075\naS'max_value'\np1076\naS'min_value'\np1077\naS'max_answers'\np1078\naS'answers'\np1079\naS'label'\np1080\naS'question_pool'\np1081\naS'min_answers'\np1082\naS'question_type'\np1083\naS'text_regex'\np1084\naS'help_text'\np1085\naS'max_length'\np1086\naS'order'\np1087\naS'text_response_label'\np1088\natRp1089\nsS'd'\nI01\nssS'UserOrgRole'\np1090\n(dp1091\nS'c'\nI01\nsS'r'\ng4\n((lp1092\ng9\naS'parent'\np1093\naS'title'\np1094\naS'persistent'\np1095\nag15\naS'organization_name'\np1096\naS'role_name'\np1097\naS'role'\np1098\nag11\nag12\naS'owner'\np1099\naS'organization'\np1100\naS'children'\np1101\natRp1102\nsS'u'\ng4\n((lp1103\nS'parent'\np1104\naS'title'\np1105\naS'persistent'\np1106\naS'role'\np1107\naS'owner'\np1108\naS'organization'\np1109\natRp1110\nsS'd'\nI01\nssS'Payment'\np1111\n(dp1112\nS'c'\nI01\nsS'r'\ng4\n((lp1113\nS'city'\np1114\nag508\nag500\nag9\naS'zip'\np1115\naS'refunds'\np1116\naS'country'\np1117\nag15\naS'state'\np1118\naS'purchase_order'\np1119\naS'card_type'\np1120\naS'amount'\np1121\naS'exp_date'\np1122\nag11\nag12\naS'sales_tax'\np1123\naS'date'\np1124\naS'invoice_number'\np1125\naS'result_message'\np1126\naS'transaction_id'\np1127\natRp1128\nsS'u'\ng4\n((ltRp1129\nsS'd'\nI00\nssS'VideoCategory'\np1130\n(dp1131\nS'c'\nI01\nsS'r'\ng4\n((lp1132\ng269\naS'category'\np1133\nag9\nag69\nag11\nag12\nag15\naS'category_name'\np1134\natRp1135\nsS'u'\ng4\n((lp1136\ng269\natRp1137\nsS'd'\nI01\nssS'TrainingUnitAuthorization'\np1138\n(dp1139\nS'c'\nI01\nsS'r'\ng4\n((lp1140\nS'end'\np1141\naS'max_value'\np1142\naS'used_value'\np1143\naS'start'\np1144\naS'user'\np1145\nag12\nag9\naS'training_unit_account'\np1146\nag15\nag11\natRp1147\nsS'u'\ng4\n((lp1148\nS'start'\np1149\naS'training_unit_account'\np1150\naS'end'\np1151\naS'user'\np1152\naS'max_value'\np1153\natRp1154\nsS'd'\nI01\nssS'Session'\np1155\n(dp1156\nS'c'\nI01\nsS'r'\ng4\n((lp1157\nS'default_price'\np1158\nag269\nag9\naS'description'\np1159\naS'paypal_url'\np1160\nag11\nag12\nag15\naS'event'\np1161\naS'room'\np1162\naS'confirmed'\np1163\naS'session_resource_type_requirements'\np1164\naS'end'\np1165\naS'session_template'\np1166\naS'session_user_role_requirements'\np1167\naS'title'\np1168\naS'url'\np1169\naS'fullname'\np1170\naS'session_user_roles'\np1171\naS'modality'\np1172\naS'start'\np1173\naS'audience'\np1174\naS'shortname'\np1175\naS'evaluation'\np1176\naS'lead_time'\np1177\natRp1178\nsS'u'\ng4\n((lp1179\nS'default_price'\np1180\nag269\naS'confirmed'\np1181\naS'session_resource_type_requirements'\np1182\naS'end'\np1183\naS'session_template'\np1184\naS'session_user_role_requirements'\np1185\naS'room'\np1186\naS'url'\np1187\naS'title'\np1188\naS'session_user_roles'\np1189\naS'event'\np1190\naS'start'\np1191\naS'audience'\np1192\naS'shortname'\np1193\naS'fullname'\np1194\naS'lead_time'\np1195\naS'modality'\np1196\naS'description'\np1197\natRp1198\nsS'd'\nI01\nssS'AchievementAward'\np1199\n(dp1200\nS'c'\nI01\nsS'r'\ng4\n((lp1201\ng9\naS'assignment'\np1202\naS'user'\np1203\nag12\naS'date'\np1204\nag15\naS'achievement'\np1205\nag11\natRp1206\nsS'u'\ng4\n((lp1207\nS'date'\np1208\naS'assignment'\np1209\naS'user'\np1210\naS'achievement'\np1211\natRp1212\nsS'd'\nI01\nssS'CurriculumEnrollmentUserAssociation'\np1213\n(dp1214\nS'c'\nI01\nsS'r'\ng4\n((lp1215\ng9\nag15\nag12\nag11\natRp1216\nsS'u'\ng4\n((ltRp1217\nsS'd'\nI01\nssS'TaskFee'\np1218\n(dp1219\nS'c'\nI01\nsS'r'\ng4\n((lp1220\nS'sku'\np1221\naS'custom_actions'\np1222\naS'training_units'\np1223\naS'description'\np1224\naS'display_order'\np1225\naS'starting_quantity'\np1226\naS'task'\np1227\naS'cost'\np1228\nag300\nag12\nag15\nag9\nag11\naS'price'\np1229\nag7\natRp1230\nsS'u'\ng4\n((lp1231\nS'sku'\np1232\naS'custom_actions'\np1233\naS'training_units'\np1234\naS'description'\np1235\naS'price'\np1236\naS'task'\np1237\naS'cost'\np1238\naS'starting_quantity'\np1239\naS'display_order'\np1240\nag7\natRp1241\nsS'd'\nI01\nssS'AssignmentAttempt'\np1242\n(dp1243\nS'c'\nI01\nsS'r'\ng4\n((lp1244\nS'date_completed'\np1245\nag11\nag12\naS'assignment'\np1246\naS'date_started'\np1247\nag15\nag9\natRp1248\nsS'u'\ng4\n((lp1249\nS'date_started'\np1250\naS'date_completed'\np1251\natRp1252\nsS'd'\nI01\nssS'Sco'\np1253\n(dp1254\nS'c'\nI01\nsS'r'\ng4\n((lp1255\nS'achievements'\np1256\nag9\naS'description'\np1257\naS'title'\np1258\naS'url'\np1259\naS'data'\np1260\naS'prerequisite_tasks'\np1261\naS'version_id'\np1262\naS'course'\np1263\nag12\nag11\naS'version_label'\np1264\naS'version_comment'\np1265\naS'completion_requirement'\np1266\nag15\nag7\natRp1267\nsS'u'\ng4\n((lp1268\nS'achievements'\np1269\naS'description'\np1270\naS'title'\np1271\naS'prerequisite_tasks'\np1272\naS'version_id'\np1273\naS'version_comment'\np1274\naS'version_label'\np1275\naS'completion_requirement'\np1276\nag7\natRp1277\nsS'd'\nI01\nssS'SessionTemplateResourceTypeReq'\np1278\n(dp1279\nS'c'\nI01\nsS'r'\ng4\n((lp1280\ng9\naS'session_template'\np1281\naS'min'\np1282\naS'max'\np1283\nag11\nag12\nag15\naS'resource_type'\np1284\natRp1285\nsS'u'\ng4\n((lp1286\nS'max'\np1287\naS'session_template'\np1288\naS'resource_type'\np1289\naS'min'\np1290\natRp1291\nsS'd'\nI01\nssS'EventTemplate'\np1292\n(dp1293\nS'c'\nI01\nsS'r'\ng4\n((lp1294\nS'product_line'\np1295\nag9\naS'external_reference'\np1296\naS'title'\np1297\naS'url'\np1298\naS'description'\np1299\naS'session_templates'\np1300\naS'facebook_message'\np1301\naS'lag_time'\np1302\nag11\nag12\nag15\naS'organization'\np1303\naS'twitter_message'\np1304\naS'name_prefix'\np1305\naS'events'\np1306\naS'lead_time'\np1307\natRp1308\nsS'u'\ng4\n((lp1309\nS'product_line'\np1310\naS'external_reference'\np1311\naS'title'\np1312\naS'url'\np1313\naS'description'\np1314\naS'facebook_message'\np1315\naS'lag_time'\np1316\naS'organization'\np1317\naS'twitter_message'\np1318\naS'name_prefix'\np1319\naS'lead_time'\np1320\natRp1321\nsS'd'\nI01\nssS'Event'\np1322\n(dp1323\nS'c'\nI01\nsS'r'\ng4\n((lp1324\ng269\nag9\naS'description'\np1325\naS'sessions'\np1326\naS'facebook_message'\np1327\nag11\nag12\naS'owner'\np1328\nag15\nag7\naS'product_line'\np1329\naS'end'\np1330\naS'external_reference'\np1331\naS'event_template'\np1332\naS'url'\np1333\naS'region'\np1334\naS'title'\np1335\naS'venue'\np1336\naS'start'\np1337\naS'lag_time'\np1338\naS'organization'\np1339\naS'twitter_message'\np1340\naS'lead_time'\np1341\natRp1342\nsS'u'\ng4\n((lp1343\nS'description'\np1344\naS'product_line'\np1345\naS'end'\np1346\naS'external_reference'\np1347\naS'event_template'\np1348\naS'url'\np1349\naS'facebook_message'\np1350\naS'region'\np1351\naS'title'\np1352\naS'venue'\np1353\naS'start'\np1354\naS'lag_time'\np1355\naS'owner'\np1356\naS'organization'\np1357\naS'twitter_message'\np1358\naS'lead_time'\np1359\nag7\natRp1360\nsS'd'\nI01\nssS'ProductOffer'\np1361\n(dp1362\nS'c'\nI01\nsS'r'\ng4\n((lp1363\nS'product'\np1364\nag9\naS'description'\np1365\naS'price'\np1366\naS'seller'\np1367\nag11\nag12\nag15\natRp1368\nsS'u'\ng4\n((lp1369\nS'price'\np1370\naS'product'\np1371\naS'description'\np1372\naS'seller'\np1373\natRp1374\nsS'd'\nI01\nss.",
            "role": 1,
            "create_timestamp": "2012-01-14 07:27:35",
            "owner": null
        }
    },
    {
        "pk": 2,
        "model": "pr_services.acl",
        "fields": {
            "save_timestamp": "2012-01-14 07:27:35",
            "final_type": [
                "pr_services",
                "acl"
            ],
            "arbitrary_perm_list": "",
            "acl": "(dp1\nS'ExamSession'\np2\n(dp3\nS'c'\nI01\nsS'r'\nc__builtin__\nset\np4\n((lp5\nS'date_completed'\np6\naS'score'\np7\naS'number_correct'\np8\naS'response_questions'\np9\naS'passing_score'\np10\naS'content_type'\np11\naS'create_timestamp'\np12\naS'passed'\np13\naS'save_timestamp'\np14\naS'date_started'\np15\naS'id'\np16\naS'exam'\np17\natRp18\nsS'u'\ng4\n((lp19\nS'date_completed'\np20\natRp21\nsS'd'\nI00\nssS'ScoSession'\np22\n(dp23\nS'c'\nI01\nsS'r'\ng4\n((lp24\nS'sco'\np25\naS'date_completed'\np26\nag12\nag11\nag14\naS'date_started'\np27\naS'id'\np28\natRp29\nsS'u'\ng4\n((ltRp30\nsS'd'\nI00\nssS'Venue'\np31\n(dp32\nS'c'\nI00\nsS'r'\ng4\n((lp33\ng14\nag12\nag11\naS'address'\np34\naS'region'\np35\nag28\natRp36\nsS'u'\ng4\n((ltRp37\nsS'd'\nI00\nssS'UserOrgRole'\np38\n(dp39\nS'c'\nI00\nsS'r'\ng4\n((lp40\ng14\naS'parent'\np41\nag28\naS'organization_name'\np42\naS'role_name'\np43\naS'role'\np44\nag12\nag11\naS'owner'\np45\naS'organization'\np46\naS'children'\np47\natRp48\nsS'u'\ng4\n((ltRp49\nsS'd'\nI00\nssS'VideoSession'\np50\n(dp51\nS'c'\nI01\nsS'r'\ng4\n((lp52\nS'date_completed'\np53\nag12\nag11\naS'assignment'\np54\naS'date_started'\np55\nag28\nag14\natRp56\nsS'u'\ng4\n((ltRp57\nsS'd'\nI00\nssS'Credential'\np58\n(dp59\nS'c'\nI00\nsS'r'\ng4\n((lp60\nS'status'\np61\nag14\naS'date_expires'\np62\naS'authority'\np63\naS'credential_type'\np64\naS'user'\np65\nag11\naS'serial_number'\np66\naS'date_started'\np67\naS'date_granted'\np68\nag28\naS'date_assigned'\np69\nag12\natRp70\nsS'u'\ng4\n((ltRp71\nsS'd'\nI00\nssS'Assignment'\np72\n(dp73\nS'c'\nI01\nsS'r'\ng4\n((lp74\nS'status'\np75\naS'due_date'\np76\naS'task'\np77\naS'date_completed'\np78\naS'task_content_type'\np79\naS'effective_date_assigned'\np80\naS'prerequisites_met'\np81\naS'user'\np82\nag11\nag14\naS'date_started'\np83\nag12\nag28\naS'assignment_attempts'\np84\natRp85\nsS'u'\ng4\n((ltRp86\nsS'd'\nI00\nssS'FileDownloadAttempt'\np87\n(dp88\nS'c'\nI01\nsS'r'\ng4\n((lp89\nS'date_completed'\np90\naS'file_download'\np91\naS'assignment'\np92\nag12\nag11\nag14\naS'date_started'\np93\nag28\natRp94\nsS'u'\ng4\n((ltRp95\nsS'd'\nI00\nssS'AchievementAward'\np96\n(dp97\nS'c'\nI00\nsS'r'\ng4\n((lp98\ng14\naS'assignment'\np99\naS'user'\np100\nag11\naS'date'\np101\nag28\naS'achievement'\np102\nag12\natRp103\nsS'u'\ng4\n((ltRp104\nsS'd'\nI00\nssS'User'\np105\n(dp106\nS'c'\nI01\nsS'r'\ng4\n((lp107\nS'status'\np108\naS'product_lines_managed'\np109\naS'last_name'\np110\nag14\nag11\nag12\naS'full_name'\np111\naS'default_username_and_domain'\np112\naS'product_lines_instructor_manager_for'\np113\naS'email2'\np114\nag28\naS'biography'\np115\naS'first_name'\np116\naS'middle_name'\np117\naS'title'\np118\naS'product_lines_instructor_for'\np119\naS'email'\np120\naS'username'\np121\naS'billing_address'\np122\naS'color_code'\np123\naS'phone2'\np124\naS'phone3'\np125\naS'phone'\np126\naS'groups'\np127\naS'credentials'\np128\naS'owned_userorgroles'\np129\naS'preferred_venues'\np130\naS'photo_url'\np131\naS'organizations'\np132\naS'session_user_role_requirements'\np133\naS'roles'\np134\naS'url'\np135\naS'name_suffix'\np136\naS'suppress_emails'\np137\naS'alleged_organization'\np138\naS'shipping_address'\np139\natRp140\nsS'u'\ng4\n((lp141\nS'alleged_organization'\np142\naS'first_name'\np143\naS'last_name'\np144\naS'middle_name'\np145\naS'color_code'\np146\naS'title'\np147\naS'url'\np148\naS'phone3'\np149\naS'name_suffix'\np150\naS'email2'\np151\naS'suppress_emails'\np152\naS'phone'\np153\naS'billing_address'\np154\naS'preferred_venues'\np155\naS'shipping_address'\np156\naS'phone2'\np157\naS'email'\np158\naS'biography'\np159\naS'photo_url'\np160\natRp161\nsS'd'\nI00\nssS'AssignmentAttempt'\np162\n(dp163\nS'c'\nI01\nsS'r'\ng4\n((lp164\nS'date_completed'\np165\nag12\nag11\naS'assignment'\np166\naS'date_started'\np167\nag28\nag14\natRp168\nsS'u'\ng4\n((ltRp169\nsS'd'\nI00\nssS'FileUploadAttempt'\np170\n(dp171\nS'c'\nI01\nsS'r'\ng4\n((lp172\nS'file_upload'\np173\naS'date_completed'\np174\naS'assignment'\np175\nag12\nag11\nag14\naS'date_started'\np176\nag28\natRp177\nsS'u'\ng4\n((ltRp178\nsS'd'\nI00\nssS'Response'\np179\n(dp180\nS'c'\nI01\nsS'r'\ng4\n((lp181\ng14\naS'exam_session'\np182\naS'question'\np183\naS'value'\np184\naS'valid'\np185\nag12\nag11\naS'text'\np186\nag28\natRp187\nsS'u'\ng4\n((ltRp188\nsS'd'\nI00\nssS'Achievement'\np189\n(dp190\nS'c'\nI00\nsS'r'\ng4\n((lp191\ng14\naS'description'\np192\nag11\nag12\nag28\naS'name'\np193\natRp194\nsS'u'\ng4\n((ltRp195\nsS'd'\nI00\nss.",
            "role": 2,
            "create_timestamp": "2012-01-14 07:27:35",
            "owner": null
        }
    },
    {
        "pk": 3,
        "model": "pr_services.acl",
        "fields": {
            "save_timestamp": "2012-01-14 07:27:35",
            "final_type": [
                "pr_services",
                "acl"
            ],
            "arbitrary_perm_list": "",
            "acl": "(dp1\nS'Group'\np2\n(dp3\nS'c'\nI00\nsS'r'\nc__builtin__\nset\np4\n((lp5\nS'create_timestamp'\np6\naS'save_timestamp'\np7\naS'name'\np8\naS'content_type'\np9\naS'id'\np10\natRp11\nsS'u'\ng4\n((ltRp12\nsS'd'\nI00\nss.",
            "role": 3,
            "create_timestamp": "2012-01-14 07:27:35",
            "owner": null
        }
    },
    {
        "pk": 4,
        "model": "pr_services.acl",
        "fields": {
            "save_timestamp": "2012-01-14 07:27:35",
            "final_type": [
                "pr_services",
                "acl"
            ],
            "arbitrary_perm_list": "(lp1\nS'check_usernames'\np2\na.",
            "acl": "(dp1\n.",
            "role": 4,
            "create_timestamp": "2012-01-14 07:27:35",
            "owner": null
        }
    },
    {
        "pk": 5,
        "model": "pr_services.acl",
        "fields": {
            "save_timestamp": "2012-01-14 07:27:35",
            "final_type": [
                "pr_services",
                "acl"
            ],
            "arbitrary_perm_list": "",
            "acl": "(dp1\nS'Group'\np2\n(dp3\nS'c'\nI00\nsS'r'\nc__builtin__\nset\np4\n((lp5\nS'managers'\np6\naS'name'\np7\naS'content_type'\np8\naS'save_timestamp'\np9\naS'create_timestamp'\np10\naS'id'\np11\naS'users'\np12\natRp13\nsS'u'\ng4\n((ltRp14\nsS'd'\nI00\nssS'ProductClaim'\np15\n(dp16\nS'c'\nI01\nsS'r'\ng4\n((lp17\nS'product'\np18\nag9\nag10\nag8\nag11\naS'purchase_order'\np19\naS'quantity'\np20\natRp21\nsS'u'\ng4\n((lp22\nS'quantity'\np23\natRp24\nsS'd'\nI01\nssS'Venue'\np25\n(dp26\nS'c'\nI00\nsS'r'\ng4\n((lp27\ng9\naS'name'\np28\naS'region'\np29\naS'phone'\np30\naS'contact'\np31\nag10\nag8\naS'address'\np32\nag11\natRp33\nsS'u'\ng4\n((ltRp34\nsS'd'\nI00\nssS'PurchaseOrder'\np35\n(dp36\nS'c'\nI01\nsS'r'\ng4\n((lp37\ng9\nag11\nag8\nag10\natRp38\nsS'u'\ng4\n((ltRp39\nsS'd'\nI00\nssS'OrgRole'\np40\n(dp41\nS'c'\nI00\nsS'r'\ng4\n((lp42\ng10\nag9\naS'name'\np43\nag8\nag11\natRp44\nsS'u'\ng4\n((ltRp45\nsS'd'\nI00\nssS'Answer'\np46\n(dp47\nS'c'\nI00\nsS'r'\ng4\n((lp48\ng10\nag9\nag11\nag8\naS'label'\np49\natRp50\nsS'u'\ng4\n((ltRp51\nsS'd'\nI00\nssS'Organization'\np52\n(dp53\nS'c'\nI00\nsS'r'\ng4\n((lp54\nS'ancestors'\np55\nag9\naS'name'\np56\naS'parent'\np57\naS'descendants'\np58\nag11\nag10\nag8\naS'children'\np59\natRp60\nsS'u'\ng4\n((ltRp61\nsS'd'\nI00\nssS'Domain'\np62\n(dp63\nS'c'\nI00\nsS'r'\ng4\n((lp64\ng10\nag9\naS'name'\np65\nag8\nag11\natRp66\nsS'u'\ng4\n((ltRp67\nsS'd'\nI00\nssS'SessionUserRoleRequirement'\np68\n(dp69\nS'c'\nI00\nsS'r'\ng4\n((lp70\ng9\nag11\nag8\nag10\natRp71\nsS'u'\ng4\n((ltRp72\nsS'd'\nI00\nssS'Payment'\np73\n(dp74\nS'c'\nI01\nsS'r'\ng4\n((lp75\nS'city'\np76\naS'first_name'\np77\naS'last_name'\np78\nag9\naS'zip'\np79\naS'refunds'\np80\naS'country'\np81\nag11\naS'state'\np82\naS'purchase_order'\np83\naS'card_type'\np84\naS'amount'\np85\naS'exp_date'\np86\nag10\nag8\naS'sales_tax'\np87\naS'date'\np88\naS'invoice_number'\np89\naS'result_message'\np90\naS'transaction_id'\np91\natRp92\nsS'u'\ng4\n((ltRp93\nsS'd'\nI00\nssS'TrainingUnitAuthorization'\np94\n(dp95\nS'c'\nI00\nsS'r'\ng4\n((lp96\nS'end'\np97\naS'max_value'\np98\naS'used_value'\np99\naS'start'\np100\naS'user'\np101\nag8\nag9\naS'training_unit_account'\np102\nag11\nag10\natRp103\nsS'u'\ng4\n((ltRp104\nsS'd'\nI00\nssS'User'\np105\n(dp106\nS'c'\nI00\nsS'r'\ng4\n((lp107\nS'default_username_and_domain'\np108\nag9\nag11\nag8\nag10\natRp109\nsS'u'\ng4\n((ltRp110\nsS'd'\nI00\nssS'DomainAffiliation'\np111\n(dp112\nS'c'\nI01\nsS'r'\ng4\n((lp113\nS'username'\np114\naS'domain'\np115\nag9\naS'default'\np116\naS'user'\np117\nag8\naS'may_log_me_in'\np118\nag11\nag10\natRp119\nsS'u'\ng4\n((lp120\nS'default'\np121\naS'may_log_me_in'\np122\naS'domain'\np123\naS'username'\np124\natRp125\nsS'd'\nI00\nssS'SessionTemplate'\np126\n(dp127\nS'c'\nI00\nsS'r'\ng4\n((lp128\nS'product_line'\np129\nag9\naS'description'\np130\naS'sequence'\np131\naS'sessions'\np132\nag11\naS'duration'\np133\naS'audience'\np134\naS'version'\np135\nag10\nag8\naS'active'\np136\naS'shortname'\np137\naS'fullname'\np138\naS'modality'\np139\natRp140\nsS'u'\ng4\n((ltRp141\nsS'd'\nI00\nss.",
            "role": 5,
            "create_timestamp": "2012-01-14 07:27:35",
            "owner": null
        }
    },
    {
        "pk": 6,
        "model": "pr_services.acl",
        "fields": {
            "save_timestamp": "2012-01-14 07:27:35",
            "final_type": [
                "pr_services",
                "acl"
            ],
            "arbitrary_perm_list": "",
            "acl": "(dp1\nS'Sco'\np2\n(dp3\nS'c'\nI00\nsS'r'\nc__builtin__\nset\np4\n((lp5\nS'save_timestamp'\np6\naS'description'\np7\naS'prerequisite_tasks'\np8\naS'version_id'\np9\naS'course'\np10\naS'content_type'\np11\naS'create_timestamp'\np12\naS'version_label'\np13\naS'type'\np14\naS'id'\np15\naS'name'\np16\natRp17\nsS'u'\ng4\n((ltRp18\nsS'd'\nI00\nssS'Task'\np19\n(dp20\nS'c'\nI00\nsS'r'\ng4\n((lp21\ng6\naS'description'\np22\naS'prerequisite_tasks'\np23\naS'version_id'\np24\nag11\nag12\naS'version_label'\np25\naS'type'\np26\nag15\nag16\natRp27\nsS'u'\ng4\n((ltRp28\nsS'd'\nI00\nss.",
            "role": 6,
            "create_timestamp": "2012-01-14 07:27:35",
            "owner": null
        }
    },
    {
        "pk": 7,
        "model": "pr_services.acl",
        "fields": {
            "save_timestamp": "2012-01-14 07:27:35",
            "final_type": [
                "pr_services",
                "acl"
            ],
            "arbitrary_perm_list": "",
            "acl": "(dp1\nS'Sco'\np2\n(dp3\nS'c'\nI00\nsS'r'\nc__builtin__\nset\np4\n((lp5\nS'url'\np6\naS'save_timestamp'\np7\naS'id'\np8\naS'content_type'\np9\naS'create_timestamp'\np10\natRp11\nsS'u'\ng4\n((ltRp12\nsS'd'\nI00\nss.",
            "role": 6,
            "create_timestamp": "2012-01-14 07:27:35",
            "owner": null
        }
    },
    {
        "pk": 8,
        "model": "pr_services.acl",
        "fields": {
            "save_timestamp": "2012-01-14 07:27:35",
            "final_type": [
                "pr_services",
                "acl"
            ],
            "arbitrary_perm_list": "",
            "acl": "(dp1\nS'User'\np2\n(dp3\nS'c'\nI01\nsS'r'\nc__builtin__\nset\np4\n((lp5\nS'status'\np6\naS'product_lines_managed'\np7\naS'last_name'\np8\naS'save_timestamp'\np9\naS'content_type'\np10\naS'create_timestamp'\np11\naS'full_name'\np12\naS'product_lines_instructor_manager_for'\np13\naS'email2'\np14\naS'id'\np15\naS'biography'\np16\naS'first_name'\np17\naS'middle_name'\np18\naS'title'\np19\naS'product_lines_instructor_for'\np20\naS'email'\np21\naS'username'\np22\naS'billing_address'\np23\naS'color_code'\np24\naS'phone2'\np25\naS'phone3'\np26\naS'phone'\np27\naS'groups'\np28\naS'credentials'\np29\naS'photo_url'\np30\naS'session_user_role_requirements'\np31\naS'url'\np32\naS'name_suffix'\np33\naS'shipping_address'\np34\naS'domains'\np35\natRp36\nsS'u'\ng4\n((lp37\nS'status'\np38\naS'first_name'\np39\naS'last_name'\np40\naS'middle_name'\np41\naS'color_code'\np42\naS'title'\np43\naS'url'\np44\naS'phone3'\np45\naS'name_suffix'\np46\naS'email2'\np47\naS'phone'\np48\naS'billing_address'\np49\naS'groups'\np50\naS'shipping_address'\np51\naS'credentials'\np52\naS'phone2'\np53\naS'email'\np54\naS'biography'\np55\naS'photo_url'\np56\natRp57\nsS'd'\nI01\nss.",
            "role": 7,
            "create_timestamp": "2012-01-14 07:27:35",
            "owner": null
        }
    },
    {
        "pk": 9,
        "model": "pr_services.acl",
        "fields": {
            "save_timestamp": "2012-01-14 07:27:35",
            "final_type": [
                "pr_services",
                "acl"
            ],
            "arbitrary_perm_list": "",
            "acl": "(dp1\nS'Group'\np2\n(dp3\nS'c'\nI00\nsS'r'\nc__builtin__\nset\np4\n((lp5\nS'managers'\np6\naS'name'\np7\naS'content_type'\np8\naS'save_timestamp'\np9\naS'create_timestamp'\np10\naS'id'\np11\naS'users'\np12\natRp13\nsS'u'\ng4\n((lp14\nS'managers'\np15\naS'name'\np16\naS'users'\np17\natRp18\nsS'd'\nI00\nss.",
            "role": 8,
            "create_timestamp": "2012-01-14 07:27:35",
            "owner": null
        }
    },
    {
        "pk": 10,
        "model": "pr_services.acl",
        "fields": {
            "save_timestamp": "2012-01-14 07:27:35",
            "final_type": [
                "pr_services",
                "acl"
            ],
            "arbitrary_perm_list": "",
            "acl": "(dp1\nS'Session'\np2\n(dp3\nS'c'\nI01\nsS'r'\nc__builtin__\nset\np4\n((lp5\nS'default_price'\np6\naS'status'\np7\naS'confirmed'\np8\naS'end'\np9\naS'room'\np10\naS'title'\np11\naS'url'\np12\naS'modality'\np13\naS'start'\np14\naS'audience'\np15\naS'create_timestamp'\np16\naS'content_type'\np17\naS'id'\np18\naS'save_timestamp'\np19\naS'shortname'\np20\naS'evaluation'\np21\naS'fullname'\np22\naS'session_template'\np23\natRp24\nsS'u'\ng4\n((lp25\nS'default_price'\np26\naS'status'\np27\naS'confirmed'\np28\naS'end'\np29\naS'room'\np30\naS'title'\np31\naS'url'\np32\naS'modality'\np33\naS'start'\np34\naS'audience'\np35\naS'shortname'\np36\naS'fullname'\np37\naS'session_template'\np38\natRp39\nsS'd'\nI01\nssS'ProductLine'\np40\n(dp41\nS'c'\nI00\nsS'r'\ng4\n((lp42\nS'managers'\np43\naS'name'\np44\naS'instructors'\np45\nag16\nag17\nag19\naS'instructor_managers'\np46\nag18\natRp47\nsS'u'\ng4\n((lp48\nS'instructors'\np49\naS'instructor_managers'\np50\naS'name'\np51\natRp52\nsS'd'\nI00\nssS'SessionTemplate'\np53\n(dp54\nS'c'\nI01\nsS'r'\ng4\n((lp55\nS'product_line'\np56\nag19\naS'description'\np57\naS'sequence'\np58\naS'price'\np59\naS'event_template'\np60\naS'modality'\np61\naS'audience'\np62\naS'version'\np63\nag18\nag16\nag17\naS'duration'\np64\naS'shortname'\np65\naS'fullname'\np66\naS'lead_time'\np67\natRp68\nsS'u'\ng4\n((lp69\nS'description'\np70\naS'event_template'\np71\naS'price'\np72\naS'sequence'\np73\naS'modality'\np74\naS'audience'\np75\naS'version'\np76\naS'duration'\np77\naS'shortname'\np78\naS'fullname'\np79\naS'lead_time'\np80\natRp81\nsS'd'\nI01\nssS'User'\np82\n(dp83\nS'c'\nI01\nsS'r'\ng4\n((lp84\nS'phone'\np85\naS'last_name'\np86\nag19\nag16\nag17\naS'credentials'\np87\nag18\natRp88\nsS'u'\ng4\n((lp89\nS'phone'\np90\naS'last_name'\np91\natRp92\nsS'd'\nI00\nss.",
            "role": 9,
            "create_timestamp": "2012-01-14 07:27:35",
            "owner": null
        }
    },
    {
        "pk": 11,
        "model": "pr_services.acl",
        "fields": {
            "save_timestamp": "2012-01-14 07:27:35",
            "final_type": [
                "pr_services",
                "acl"
            ],
            "arbitrary_perm_list": "",
            "acl": "(dp1\nS'User'\np2\n(dp3\nS'c'\nI01\nsS'r'\nc__builtin__\nset\np4\n((lp5\nS'status'\np6\naS'product_lines_managed'\np7\naS'last_name'\np8\naS'save_timestamp'\np9\naS'content_type'\np10\naS'create_timestamp'\np11\naS'full_name'\np12\naS'default_username_and_domain'\np13\naS'product_lines_instructor_manager_for'\np14\naS'email2'\np15\naS'id'\np16\naS'biography'\np17\naS'first_name'\np18\naS'middle_name'\np19\naS'title'\np20\naS'product_lines_instructor_for'\np21\naS'email'\np22\naS'username'\np23\naS'billing_address'\np24\naS'color_code'\np25\naS'phone2'\np26\naS'phone3'\np27\naS'phone'\np28\naS'groups'\np29\naS'credentials'\np30\naS'photo_url'\np31\naS'session_user_role_requirements'\np32\naS'url'\np33\naS'name_suffix'\np34\naS'shipping_address'\np35\natRp36\nsS'u'\ng4\n((lp37\nS'status'\np38\naS'first_name'\np39\naS'last_name'\np40\naS'middle_name'\np41\naS'color_code'\np42\naS'title'\np43\naS'url'\np44\naS'phone3'\np45\naS'name_suffix'\np46\naS'email2'\np47\naS'phone'\np48\naS'billing_address'\np49\naS'groups'\np50\naS'shipping_address'\np51\naS'credentials'\np52\naS'phone2'\np53\naS'email'\np54\naS'biography'\np55\naS'photo_url'\np56\natRp57\nsS'd'\nI01\nss.",
            "role": 10,
            "create_timestamp": "2012-01-14 07:27:35",
            "owner": null
        }
    },
    {
        "pk": 12,
        "model": "pr_services.acl",
        "fields": {
            "save_timestamp": "2012-01-14 07:27:35",
            "final_type": [
                "pr_services",
                "acl"
            ],
            "arbitrary_perm_list": "",
            "acl": "(dp1\nS'PurchaseOrder'\np2\n(dp3\nS'c'\nI00\nsS'r'\nc__builtin__\nset\np4\n((lp5\nS'training_units_price'\np6\naS'save_timestamp'\np7\naS'training_units_purchased'\np8\naS'is_paid'\np9\naS'product_offers'\np10\naS'products'\np11\naS'expiration'\np12\naS'content_type'\np13\naS'organization'\np14\naS'product_discounts'\np15\naS'create_timestamp'\np16\naS'id'\np17\naS'payments'\np18\natRp19\nsS'u'\ng4\n((ltRp20\nsS'd'\nI00\nss.",
            "role": 11,
            "create_timestamp": "2012-01-14 07:27:35",
            "owner": null
        }
    },
    {
        "pk": 13,
        "model": "pr_services.acl",
        "fields": {
            "save_timestamp": "2012-01-14 07:27:35",
            "final_type": [
                "pr_services",
                "acl"
            ],
            "arbitrary_perm_list": "",
            "acl": "(dp1\nS'PurchaseOrder'\np2\n(dp3\nS'c'\nI00\nsS'r'\nc__builtin__\nset\np4\n((lp5\nS'training_units_price'\np6\naS'save_timestamp'\np7\naS'training_units_purchased'\np8\naS'is_paid'\np9\naS'product_offers'\np10\naS'products'\np11\naS'expiration'\np12\naS'content_type'\np13\naS'organization'\np14\naS'product_discounts'\np15\naS'create_timestamp'\np16\naS'id'\np17\naS'payments'\np18\natRp19\nsS'u'\ng4\n((lp20\nS'training_units_purchased'\np21\naS'training_units_price'\np22\naS'expiration'\np23\naS'user'\np24\natRp25\nsS'd'\nI00\nss.",
            "role": 12,
            "create_timestamp": "2012-01-14 07:27:35",
            "owner": null
        }
    },
    {
        "pk": 1,
        "model": "pr_services.acmethodcall",
        "fields": {
            "ac_check_method": 11,
            "final_type": [
                "pr_services",
                "acmethodcall"
            ],
            "acl": 1,
            "create_timestamp": "2012-01-14 07:27:35",
            "owner": null,
            "save_timestamp": "2012-01-14 07:27:35",
            "ac_check_parameters": "(dp1\nS'group_id'\np2\nI1\ns."
        }
    },
    {
        "pk": 2,
        "model": "pr_services.acmethodcall",
        "fields": {
            "ac_check_method": 22,
            "final_type": [
                "pr_services",
                "acmethodcall"
            ],
            "acl": 1,
            "create_timestamp": "2012-01-14 07:27:35",
            "owner": null,
            "save_timestamp": "2012-01-14 07:27:35",
            "ac_check_parameters": "(dp1\n."
        }
    },
    {
        "pk": 3,
        "model": "pr_services.acmethodcall",
        "fields": {
            "ac_check_method": 39,
            "final_type": [
                "pr_services",
                "acmethodcall"
            ],
            "acl": 2,
            "create_timestamp": "2012-01-14 07:27:35",
            "owner": null,
            "save_timestamp": "2012-01-14 07:27:35",
            "ac_check_parameters": "(dp1\n."
        }
    },
    {
        "pk": 4,
        "model": "pr_services.acmethodcall",
        "fields": {
            "ac_check_method": 2,
            "final_type": [
                "pr_services",
                "acmethodcall"
            ],
            "acl": 2,
            "create_timestamp": "2012-01-14 07:27:35",
            "owner": null,
            "save_timestamp": "2012-01-14 07:27:35",
            "ac_check_parameters": "(dp1\n."
        }
    },
    {
        "pk": 5,
        "model": "pr_services.acmethodcall",
        "fields": {
            "ac_check_method": 35,
            "final_type": [
                "pr_services",
                "acmethodcall"
            ],
            "acl": 2,
            "create_timestamp": "2012-01-14 07:27:35",
            "owner": null,
            "save_timestamp": "2012-01-14 07:27:35",
            "ac_check_parameters": "(dp1\n."
        }
    },
    {
        "pk": 6,
        "model": "pr_services.acmethodcall",
        "fields": {
            "ac_check_method": 36,
            "final_type": [
                "pr_services",
                "acmethodcall"
            ],
            "acl": 2,
            "create_timestamp": "2012-01-14 07:27:35",
            "owner": null,
            "save_timestamp": "2012-01-14 07:27:35",
            "ac_check_parameters": "(dp1\n."
        }
    },
    {
        "pk": 7,
        "model": "pr_services.acmethodcall",
        "fields": {
            "ac_check_method": 12,
            "final_type": [
                "pr_services",
                "acmethodcall"
            ],
            "acl": 2,
            "create_timestamp": "2012-01-14 07:27:35",
            "owner": null,
            "save_timestamp": "2012-01-14 07:27:35",
            "ac_check_parameters": "(dp1\n."
        }
    },
    {
        "pk": 8,
        "model": "pr_services.acmethodcall",
        "fields": {
            "ac_check_method": 37,
            "final_type": [
                "pr_services",
                "acmethodcall"
            ],
            "acl": 2,
            "create_timestamp": "2012-01-14 07:27:35",
            "owner": null,
            "save_timestamp": "2012-01-14 07:27:35",
            "ac_check_parameters": "(dp1\n."
        }
    },
    {
        "pk": 9,
        "model": "pr_services.acmethodcall",
        "fields": {
            "ac_check_method": 38,
            "final_type": [
                "pr_services",
                "acmethodcall"
            ],
            "acl": 2,
            "create_timestamp": "2012-01-14 07:27:35",
            "owner": null,
            "save_timestamp": "2012-01-14 07:27:35",
            "ac_check_parameters": "(dp1\n."
        }
    },
    {
        "pk": 10,
        "model": "pr_services.acmethodcall",
        "fields": {
            "ac_check_method": 33,
            "final_type": [
                "pr_services",
                "acmethodcall"
            ],
            "acl": 2,
            "create_timestamp": "2012-01-14 07:27:35",
            "owner": null,
            "save_timestamp": "2012-01-14 07:27:35",
            "ac_check_parameters": "(dp1\n."
        }
    },
    {
        "pk": 11,
        "model": "pr_services.acmethodcall",
        "fields": {
            "ac_check_method": 44,
            "final_type": [
                "pr_services",
                "acmethodcall"
            ],
            "acl": 2,
            "create_timestamp": "2012-01-14 07:27:35",
            "owner": null,
            "save_timestamp": "2012-01-14 07:27:35",
            "ac_check_parameters": "(dp1\n."
        }
    },
    {
        "pk": 12,
        "model": "pr_services.acmethodcall",
        "fields": {
            "ac_check_method": 40,
            "final_type": [
                "pr_services",
                "acmethodcall"
            ],
            "acl": 2,
            "create_timestamp": "2012-01-14 07:27:35",
            "owner": null,
            "save_timestamp": "2012-01-14 07:27:35",
            "ac_check_parameters": "(dp1\n."
        }
    },
    {
        "pk": 13,
        "model": "pr_services.acmethodcall",
        "fields": {
            "ac_check_method": 5,
            "final_type": [
                "pr_services",
                "acmethodcall"
            ],
            "acl": 2,
            "create_timestamp": "2012-01-14 07:27:35",
            "owner": null,
            "save_timestamp": "2012-01-14 07:27:35",
            "ac_check_parameters": "(dp1\n."
        }
    },
    {
        "pk": 14,
        "model": "pr_services.acmethodcall",
        "fields": {
            "ac_check_method": 6,
            "final_type": [
                "pr_services",
                "acmethodcall"
            ],
            "acl": 2,
            "create_timestamp": "2012-01-14 07:27:35",
            "owner": null,
            "save_timestamp": "2012-01-14 07:27:35",
            "ac_check_parameters": "(dp1\n."
        }
    },
    {
        "pk": 15,
        "model": "pr_services.acmethodcall",
        "fields": {
            "ac_check_method": 30,
            "final_type": [
                "pr_services",
                "acmethodcall"
            ],
            "acl": 2,
            "create_timestamp": "2012-01-14 07:27:35",
            "owner": null,
            "save_timestamp": "2012-01-14 07:27:35",
            "ac_check_parameters": "(dp1\n."
        }
    },
    {
        "pk": 16,
        "model": "pr_services.acmethodcall",
        "fields": {
            "ac_check_method": 3,
            "final_type": [
                "pr_services",
                "acmethodcall"
            ],
            "acl": 3,
            "create_timestamp": "2012-01-14 07:27:35",
            "owner": null,
            "save_timestamp": "2012-01-14 07:27:35",
            "ac_check_parameters": "(dp1\n."
        }
    },
    {
        "pk": 17,
        "model": "pr_services.acmethodcall",
        "fields": {
            "ac_check_method": 8,
            "final_type": [
                "pr_services",
                "acmethodcall"
            ],
            "acl": 3,
            "create_timestamp": "2012-01-14 07:27:35",
            "owner": null,
            "save_timestamp": "2012-01-14 07:27:35",
            "ac_check_parameters": "(dp1\n."
        }
    },
    {
        "pk": 18,
        "model": "pr_services.acmethodcall",
        "fields": {
            "ac_check_method": 9,
            "final_type": [
                "pr_services",
                "acmethodcall"
            ],
            "acl": 4,
            "create_timestamp": "2012-01-14 07:27:35",
            "owner": null,
            "save_timestamp": "2012-01-14 07:27:35",
            "ac_check_parameters": "(dp1\n."
        }
    },
    {
        "pk": 19,
        "model": "pr_services.acmethodcall",
        "fields": {
            "ac_check_method": 3,
            "final_type": [
                "pr_services",
                "acmethodcall"
            ],
            "acl": 5,
            "create_timestamp": "2012-01-14 07:27:35",
            "owner": null,
            "save_timestamp": "2012-01-14 07:27:35",
            "ac_check_parameters": "(dp1\n."
        }
    },
    {
        "pk": 20,
        "model": "pr_services.acmethodcall",
        "fields": {
            "ac_check_method": 21,
            "final_type": [
                "pr_services",
                "acmethodcall"
            ],
            "acl": 5,
            "create_timestamp": "2012-01-14 07:27:35",
            "owner": null,
            "save_timestamp": "2012-01-14 07:27:35",
            "ac_check_parameters": "(dp1\n."
        }
    },
    {
        "pk": 21,
        "model": "pr_services.acmethodcall",
        "fields": {
            "ac_check_method": 46,
            "final_type": [
                "pr_services",
                "acmethodcall"
            ],
            "acl": 5,
            "create_timestamp": "2012-01-14 07:27:35",
            "owner": null,
            "save_timestamp": "2012-01-14 07:27:35",
            "ac_check_parameters": "(dp1\n."
        }
    },
    {
        "pk": 22,
        "model": "pr_services.acmethodcall",
        "fields": {
            "ac_check_method": 20,
            "final_type": [
                "pr_services",
                "acmethodcall"
            ],
            "acl": 5,
            "create_timestamp": "2012-01-14 07:27:35",
            "owner": null,
            "save_timestamp": "2012-01-14 07:27:35",
            "ac_check_parameters": "(dp1\n."
        }
    },
    {
        "pk": 23,
        "model": "pr_services.acmethodcall",
        "fields": {
            "ac_check_method": 11,
            "final_type": [
                "pr_services",
                "acmethodcall"
            ],
            "acl": 6,
            "create_timestamp": "2012-01-14 07:27:35",
            "owner": null,
            "save_timestamp": "2012-01-14 07:27:35",
            "ac_check_parameters": "(dp1\nS'group_id'\np2\nI2\ns."
        }
    },
    {
        "pk": 24,
        "model": "pr_services.acmethodcall",
        "fields": {
            "ac_check_method": 34,
            "final_type": [
                "pr_services",
                "acmethodcall"
            ],
            "acl": 7,
            "create_timestamp": "2012-01-14 07:27:35",
            "owner": null,
            "save_timestamp": "2012-01-14 07:27:35",
            "ac_check_parameters": "(dp1\n."
        }
    },
    {
        "pk": 25,
        "model": "pr_services.acmethodcall",
        "fields": {
            "ac_check_method": 11,
            "final_type": [
                "pr_services",
                "acmethodcall"
            ],
            "acl": 8,
            "create_timestamp": "2012-01-14 07:27:35",
            "owner": null,
            "save_timestamp": "2012-01-14 07:27:35",
            "ac_check_parameters": "(dp1\nS'group_id'\np2\nI3\ns."
        }
    },
    {
        "pk": 26,
        "model": "pr_services.acmethodcall",
        "fields": {
            "ac_check_method": 1,
            "final_type": [
                "pr_services",
                "acmethodcall"
            ],
            "acl": 8,
            "create_timestamp": "2012-01-14 07:27:35",
            "owner": null,
            "save_timestamp": "2012-01-14 07:27:35",
            "ac_check_parameters": "(dp1\nS'actor_sur_id'\np2\nI1\nsS'actee_sur_id'\np3\nI2\ns."
        }
    },
    {
        "pk": 27,
        "model": "pr_services.acmethodcall",
        "fields": {
            "ac_check_method": 7,
            "final_type": [
                "pr_services",
                "acmethodcall"
            ],
            "acl": 9,
            "create_timestamp": "2012-01-14 07:27:35",
            "owner": null,
            "save_timestamp": "2012-01-14 07:27:35",
            "ac_check_parameters": "(dp1\n."
        }
    },
    {
        "pk": 28,
        "model": "pr_services.acmethodcall",
        "fields": {
            "ac_check_method": 14,
            "final_type": [
                "pr_services",
                "acmethodcall"
            ],
            "acl": 10,
            "create_timestamp": "2012-01-14 07:27:35",
            "owner": null,
            "save_timestamp": "2012-01-14 07:27:35",
            "ac_check_parameters": "(dp1\n."
        }
    },
    {
        "pk": 29,
        "model": "pr_services.acmethodcall",
        "fields": {
            "ac_check_method": 15,
            "final_type": [
                "pr_services",
                "acmethodcall"
            ],
            "acl": 10,
            "create_timestamp": "2012-01-14 07:27:35",
            "owner": null,
            "save_timestamp": "2012-01-14 07:27:35",
            "ac_check_parameters": "(dp1\n."
        }
    },
    {
        "pk": 30,
        "model": "pr_services.acmethodcall",
        "fields": {
            "ac_check_method": 16,
            "final_type": [
                "pr_services",
                "acmethodcall"
            ],
            "acl": 10,
            "create_timestamp": "2012-01-14 07:27:35",
            "owner": null,
            "save_timestamp": "2012-01-14 07:27:35",
            "ac_check_parameters": "(dp1\n."
        }
    },
    {
        "pk": 31,
        "model": "pr_services.acmethodcall",
        "fields": {
            "ac_check_method": 13,
            "final_type": [
                "pr_services",
                "acmethodcall"
            ],
            "acl": 10,
            "create_timestamp": "2012-01-14 07:27:35",
            "owner": null,
            "save_timestamp": "2012-01-14 07:27:35",
            "ac_check_parameters": "(dp1\n."
        }
    },
    {
        "pk": 32,
        "model": "pr_services.acmethodcall",
        "fields": {
            "ac_check_method": 10,
            "final_type": [
                "pr_services",
                "acmethodcall"
            ],
            "acl": 11,
            "create_timestamp": "2012-01-14 07:27:35",
            "owner": null,
            "save_timestamp": "2012-01-14 07:27:35",
            "ac_check_parameters": "(dp1\n."
        }
    },
    {
        "pk": 33,
        "model": "pr_services.acmethodcall",
        "fields": {
            "ac_check_method": 17,
            "final_type": [
                "pr_services",
                "acmethodcall"
            ],
            "acl": 12,
            "create_timestamp": "2012-01-14 07:27:35",
            "owner": null,
            "save_timestamp": "2012-01-14 07:27:35",
            "ac_check_parameters": "(dp1\n."
        }
    },
    {
        "pk": 34,
        "model": "pr_services.acmethodcall",
        "fields": {
            "ac_check_method": 18,
            "final_type": [
                "pr_services",
                "acmethodcall"
            ],
            "acl": 12,
            "create_timestamp": "2012-01-14 07:27:35",
            "owner": null,
            "save_timestamp": "2012-01-14 07:27:35",
            "ac_check_parameters": "(dp1\n."
        }
    },
    {
        "pk": 35,
        "model": "pr_services.acmethodcall",
        "fields": {
            "ac_check_method": 17,
            "final_type": [
                "pr_services",
                "acmethodcall"
            ],
            "acl": 13,
            "create_timestamp": "2012-01-14 07:27:35",
            "owner": null,
            "save_timestamp": "2012-01-14 07:27:35",
            "ac_check_parameters": "(dp1\n."
        }
    },
    {
        "pk": 36,
        "model": "pr_services.acmethodcall",
        "fields": {
            "ac_check_method": 19,
            "final_type": [
                "pr_services",
                "acmethodcall"
            ],
            "acl": 13,
            "create_timestamp": "2012-01-14 07:27:35",
            "owner": null,
            "save_timestamp": "2012-01-14 07:27:35",
            "ac_check_parameters": "(dp1\n."
        }
    },
    {
        "pk": 1,
        "model": "pr_services.domain",
        "fields": {
            "save_timestamp": "2012-01-14 07:27:35",
            "final_type": [
                "pr_services",
                "domain"
            ],
            "password_hash_type": "SHA-512",
            "create_timestamp": "2012-01-14 07:27:35",
            "authentication_ip": null,
            "authentication_password_hash": "",
            "name": "local"
        }
    },
    {
        "pk": 2,
        "model": "pr_services.domain",
        "fields": {
            "save_timestamp": "2012-01-14 07:27:35",
            "final_type": [
                "pr_services",
                "domain"
            ],
            "password_hash_type": "SHA-512",
            "create_timestamp": "2012-01-14 07:27:35",
            "authentication_ip": null,
            "authentication_password_hash": "",
            "name": "LDAP"
        }
    },
    {
        "pk": 1,
        "model": "pr_services.domainaffiliation",
        "fields": {
            "username": "admin",
            "domain": 1,
            "save_timestamp": "2012-01-14 07:27:35",
            "final_type": [
                "pr_services",
                "domainaffiliation"
            ],
            "password_salt": "s2GlrB8G",
            "default": true,
            "user": 1,
            "password_hash_type": "SHA-512",
            "create_timestamp": "2012-01-14 07:27:35",
            "may_log_me_in": false,
            "password_hash": "7ec28705fa83421a65a2bca07f1965b0a9e410e26c2969a0e810bed2ad227ba33c70b5a1fcafb77d6f899f121c491f02ccd36035009d2a98e127e9994ee62ce6"
        }
    },
    {
        "pk": 3,
        "model": "pr_services.group",
        "fields": {
            "save_timestamp": "2012-01-14 07:27:35",
            "final_type": [
                "pr_services",
                "group"
            ],
            "default": false,
            "notes": [],
            "active": true,
            "create_timestamp": "2012-01-14 07:27:35",
            "owner": null,
            "managers": [],
            "name": "Instructors"
        }
    },
    {
        "pk": 2,
        "model": "pr_services.group",
        "fields": {
            "save_timestamp": "2012-01-14 07:27:35",
            "final_type": [
                "pr_services",
                "group"
            ],
            "default": false,
            "notes": [],
            "active": true,
            "create_timestamp": "2012-01-14 07:27:35",
            "owner": null,
            "managers": [],
            "name": "Students"
        }
    },
    {
        "pk": 1,
        "model": "pr_services.group",
        "fields": {
            "save_timestamp": "2012-01-14 07:27:35",
            "final_type": [
                "pr_services",
                "group"
            ],
            "default": false,
            "notes": [],
            "active": true,
            "create_timestamp": "2012-01-14 07:27:35",
            "owner": null,
            "managers": [],
            "name": "Super Administrators"
        }
    },
    {
        "pk": 1,
        "model": "pr_services.role",
        "fields": {
            "save_timestamp": "2012-01-14 07:27:35",
            "final_type": [
                "pr_services",
                "role"
            ],
            "notes": [],
            "create_timestamp": "2012-01-14 07:27:35",
            "owner": null,
            "name": "Admin"
        }
    },
    {
        "pk": 2,
        "model": "pr_services.role",
        "fields": {
            "save_timestamp": "2012-01-14 07:27:35",
            "final_type": [
                "pr_services",
                "role"
            ],
            "notes": [],
            "create_timestamp": "2012-01-14 07:27:35",
            "owner": null,
            "name": "Object Owner"
        }
    },
    {
        "pk": 3,
        "model": "pr_services.role",
        "fields": {
            "save_timestamp": "2012-01-14 07:27:35",
            "final_type": [
                "pr_services",
                "role"
            ],
            "notes": [],
            "create_timestamp": "2012-01-14 07:27:35",
            "owner": null,
            "name": "Authenticated User"
        }
    },
    {
        "pk": 4,
        "model": "pr_services.role",
        "fields": {
            "save_timestamp": "2012-01-14 07:27:35",
            "final_type": [
                "pr_services",
                "role"
            ],
            "notes": [],
            "create_timestamp": "2012-01-14 07:27:35",
            "owner": null,
            "name": "Guest"
        }
    },
    {
        "pk": 5,
        "model": "pr_services.role",
        "fields": {
            "save_timestamp": "2012-01-14 07:27:35",
            "final_type": [
                "pr_services",
                "role"
            ],
            "notes": [],
            "create_timestamp": "2012-01-14 07:27:35",
            "owner": null,
            "name": "User"
        }
    },
    {
        "pk": 6,
        "model": "pr_services.role",
        "fields": {
            "save_timestamp": "2012-01-14 07:27:35",
            "final_type": [
                "pr_services",
                "role"
            ],
            "notes": [],
            "create_timestamp": "2012-01-14 07:27:35",
            "owner": null,
            "name": "Student"
        }
    },
    {
        "pk": 7,
        "model": "pr_services.role",
        "fields": {
            "save_timestamp": "2012-01-14 07:27:35",
            "final_type": [
                "pr_services",
                "role"
            ],
            "notes": [],
            "create_timestamp": "2012-01-14 07:27:35",
            "owner": null,
            "name": "Instructor"
        }
    },
    {
        "pk": 8,
        "model": "pr_services.role",
        "fields": {
            "save_timestamp": "2012-01-14 07:27:35",
            "final_type": [
                "pr_services",
                "role"
            ],
            "notes": [],
            "create_timestamp": "2012-01-14 07:27:35",
            "owner": null,
            "name": "Group Manager"
        }
    },
    {
        "pk": 9,
        "model": "pr_services.role",
        "fields": {
            "save_timestamp": "2012-01-14 07:27:35",
            "final_type": [
                "pr_services",
                "role"
            ],
            "notes": [],
            "create_timestamp": "2012-01-14 07:27:35",
            "owner": null,
            "name": "Product Line Manager"
        }
    },
    {
        "pk": 10,
        "model": "pr_services.role",
        "fields": {
            "save_timestamp": "2012-01-14 07:27:35",
            "final_type": [
                "pr_services",
                "role"
            ],
            "notes": [],
            "create_timestamp": "2012-01-14 07:27:35",
            "owner": null,
            "name": "Instructor Manager"
        }
    },
    {
        "pk": 11,
        "model": "pr_services.role",
        "fields": {
            "save_timestamp": "2012-01-14 07:27:35",
            "final_type": [
                "pr_services",
                "role"
            ],
            "notes": [],
            "create_timestamp": "2012-01-14 07:27:35",
            "owner": null,
            "name": "Owner of purchase order with payments"
        }
    },
    {
        "pk": 12,
        "model": "pr_services.role",
        "fields": {
            "save_timestamp": "2012-01-14 07:27:35",
            "final_type": [
                "pr_services",
                "role"
            ],
            "notes": [],
            "create_timestamp": "2012-01-14 07:27:35",
            "owner": null,
            "name": "Owner of purchase order with no payments"
        }
    },
    {
        "pk": 1,
        "model": "pr_services.sessionuserrole",
        "fields": {
            "save_timestamp": "2012-01-14 07:27:35",
            "final_type": [
                "pr_services",
                "sessionuserrole"
            ],
            "notes": [],
            "active": true,
            "create_timestamp": "2012-01-14 07:27:35",
            "owner": null,
            "name": "Instructor"
        }
    },
    {
        "pk": 2,
        "model": "pr_services.sessionuserrole",
        "fields": {
            "save_timestamp": "2012-01-14 07:27:35",
            "final_type": [
                "pr_services",
                "sessionuserrole"
            ],
            "notes": [],
            "active": true,
            "create_timestamp": "2012-01-14 07:27:35",
            "owner": null,
            "name": "Student"
        }
    },
    {
        "pk": 1,
        "model": "pr_services.user",
        "fields": {
            "last_name": "user",
            "save_timestamp": "2012-01-14 07:27:35",
            "photo": "",
            "is_staff": false,
            "create_timestamp": "2012-01-14 07:27:35",
            "owner": null,
            "email2": null,
            "biography": null,
            "first_name": "admin",
            "middle_name": "",
            "title": null,
            "confirmation_code": null,
            "enable_paypal": false,
            "email": "admin@admin.org",
            "status": "active",
            "billing_address": null,
            "color_code": null,
            "phone2": null,
            "phone3": null,
            "blame": null,
            "phone": null,
            "groups": [
                1
            ],
            "preferred_venues": [],
            "final_type": [
                "pr_services",
                "user"
            ],
            "url": null,
            "notes": [],
            "name_suffix": null,
            "suppress_emails": false,
            "alleged_organization": null,
            "paypal_address": null,
            "shipping_address": null
        }
    }
]