[
    {
        "fields": {
            "description": null, 
            "enabled": true, 
            "name": "Email", 
            "slug": "email"
        }, 
        "model": "pr_messaging.messageformat", 
        "pk": 1
    }, 
    {
        "fields": {
            "description": null, 
            "enabled": true, 
            "multiple_recipients": false, 
            "name": "Log Message", 
            "slug": "log-message"
        }, 
        "model": "pr_messaging.messagetype", 
        "pk": 1
    }, 
    {
        "fields": {
            "description": null, 
            "enabled": true, 
            "multiple_recipients": false, 
            "name": "Initial Password", 
            "slug": "initial-password"
        }, 
        "model": "pr_messaging.messagetype", 
        "pk": 2
    }, 
    {
        "fields": {
            "description": null, 
            "enabled": true, 
            "multiple_recipients": false, 
            "name": "User Confirmation", 
            "slug": "user-confirmation"
        }, 
        "model": "pr_messaging.messagetype", 
        "pk": 3
    }, 
    {
        "fields": {
            "description": null, 
            "enabled": true, 
            "multiple_recipients": false, 
            "name": "Password Reset", 
            "slug": "password-reset"
        }, 
        "model": "pr_messaging.messagetype", 
        "pk": 4
    }, 
    {
        "fields": {
            "body": "The following {{ log_level|lower }} message was logged:\n\n{{ log_message }}\n", 
            "message_format": 1, 
            "message_type": 1, 
            "subject": "{{ log_level|upper }} Message Logged by Precor Experience VoD"
        }, 
        "model": "pr_messaging.messagetemplate", 
        "pk": 1
    }, 
    {
        "fields": {
            "body": "{% autoescape off %}\n{{ date }}\n\n{{ user.first_name }} {{ user.last_name }}\n{{ organization.name }}\n\nDear {{ user.full_name }},\n\nCongratulations!  You are part of a group of users who have been bulk registered to use the new Precor Experience Training system.  Your username to get into the system is your email address and your password is {{ initial_password }}.  Once you are in the system you can change your password.  Click on Edit Profile in the upper right.\n\nBest regards,\n\nAdministrator\nPrecor Experience Training{% endautoescape %}\n", 
            "message_format": 1, 
            "message_type": 2, 
            "subject": "{% autoescape off %}Welcome to Precor Experience{% endautoescape %}"
        }, 
        "model": "pr_messaging.messagetemplate", 
        "pk": 2
    }, 
    {
        "fields": {
            "body": "{% autoescape off %}\n{{ date }}\n\n{{ user.first_name }} {{ user.last_name }}\n{{ organization.name }}\n\nDear {{ user.full_name }},\n\nCongratulations!  You have successfully registered in the Precor Experience Training learning management system.  Before you can login, you must confirm \nyour email address. You may do so by clicking on the following link: \n\n\n{{ backend_url }}{% url confirm_email confirmation_code %}\n\n\nBest regards,\n\nAdministrator\nPrecor Experience Training{% endautoescape %}\n", 
            "message_format": 1, 
            "message_type": 3, 
            "subject": "{% autoescape off %}Congratulations and welcome to Precor Experience{% endautoescape %}"
        }, 
        "model": "pr_messaging.messagetemplate", 
        "pk": 3
    }, 
    {
        "fields": {
            "body": "{% autoescape off %}\n{{ date }}\n\n{{ user.first_name }} {{ user.last_name }}\n{{ organization.name }}\n\nDear {{ user.full_name }},\n\nSuccess! You have reset your password. Your new password is {{ new_password }}.\n\nBest regards,\n\nAdministrator\nPrecor Experience Training{% endautoescape %}\n", 
            "message_format": 1, 
            "message_type": 4, 
            "subject": "{% autoescape off %}password reset for Precor Experience{% endautoescape %}"
        }, 
        "model": "pr_messaging.messagetemplate", 
        "pk": 4
    }, 
    {
        "fields": {
            "create_timestamp": "2012-01-14 03:53:46", 
            "description": "Returns True if the actor and the actee are both enrolled in the same session, for which actor is in the session_user_role actor_eur, and actee is in the session_user_role actee_eur.  Returns False otherwise.  This method is only for use when the actee is a user.", 
            "final_type": 38, 
            "name": "actor_actee_enrolled_in_same_session", 
            "owner": null, 
            "save_timestamp": "2012-01-14 03:53:46", 
            "title": "Actor and actee are enrolled in the same session"
        }, 
        "model": "pr_services.accheckmethod", 
        "pk": 1
    }, 
    {
        "fields": {
            "create_timestamp": "2012-01-14 03:53:46", 
            "description": "Returns True if the actor is an authenticated user who is acting upon themselves.  Only affects permissions for the user object", 
            "final_type": 38, 
            "name": "actor_is_acting_upon_themselves", 
            "owner": null, 
            "save_timestamp": "2012-01-14 03:53:46", 
            "title": "Actor is acting upon themselves"
        }, 
        "model": "pr_services.accheckmethod", 
        "pk": 2
    }, 
    {
        "fields": {
            "create_timestamp": "2012-01-14 03:53:46", 
            "description": "Returns True if the actor is an authenticated user", 
            "final_type": 38, 
            "name": "actor_is_authenticated", 
            "owner": null, 
            "save_timestamp": "2012-01-14 03:53:46", 
            "title": "Actor is authenticated"
        }, 
        "model": "pr_services.accheckmethod", 
        "pk": 3
    }, 
    {
        "fields": {
            "create_timestamp": "2012-01-14 03:53:46", 
            "description": "Returns True iff the Assignment's prerequisites have been met", 
            "final_type": 38, 
            "name": "assignment_prerequisites_met", 
            "owner": null, 
            "save_timestamp": "2012-01-14 03:53:46", 
            "title": "Assignment prerequisites have been met"
        }, 
        "model": "pr_services.accheckmethod", 
        "pk": 4
    }, 
    {
        "fields": {
            "create_timestamp": "2012-01-14 03:53:46", 
            "description": "Returns True iff the AssignmentAttempt's start date is after the Assignment's effective_date_assigned", 
            "final_type": 38, 
            "name": "assignment_attempt_meets_date_restrictions", 
            "owner": null, 
            "save_timestamp": "2012-01-14 03:53:46", 
            "title": "AssignmentAttempt meets date restrictions"
        }, 
        "model": "pr_services.accheckmethod", 
        "pk": 5
    }, 
    {
        "fields": {
            "create_timestamp": "2012-01-14 03:53:46", 
            "description": "Returns True iff the AssignmentAttempt's prerequisites have been met", 
            "final_type": 38, 
            "name": "assignment_attempt_prerequisites_met", 
            "owner": null, 
            "save_timestamp": "2012-01-14 03:53:46", 
            "title": "AssignmentAttempt prerequisites have been met"
        }, 
        "model": "pr_services.accheckmethod", 
        "pk": 6
    }, 
    {
        "fields": {
            "create_timestamp": "2012-01-14 03:53:46", 
            "description": "Returns True if the actor is the manager of the group they are acting upon", 
            "final_type": 38, 
            "name": "actor_is_group_manager", 
            "owner": null, 
            "save_timestamp": "2012-01-14 03:53:46", 
            "title": "Actor is the manager of the group in question"
        }, 
        "model": "pr_services.accheckmethod", 
        "pk": 7
    }, 
    {
        "fields": {
            "create_timestamp": "2012-01-14 03:53:46", 
            "description": "Returns True if the actor is a member of the group they are acting upon", 
            "final_type": 38, 
            "name": "actor_is_in_actee_which_is_a_group", 
            "owner": null, 
            "save_timestamp": "2012-01-14 03:53:46", 
            "title": "Actor is a user in the group in question"
        }, 
        "model": "pr_services.accheckmethod", 
        "pk": 8
    }, 
    {
        "fields": {
            "create_timestamp": "2012-01-14 03:53:46", 
            "description": "Returns True if the actor is a guest, which means they have not authenticated or logged in", 
            "final_type": 38, 
            "name": "actor_is_guest", 
            "owner": null, 
            "save_timestamp": "2012-01-14 03:53:46", 
            "title": "Actor is a guest"
        }, 
        "model": "pr_services.accheckmethod", 
        "pk": 9
    }, 
    {
        "fields": {
            "create_timestamp": "2012-01-14 03:53:46", 
            "description": "Returns True if the actor is an instructor manager for a product line for which the actee is listed as an instructor", 
            "final_type": 38, 
            "name": "actor_is_instructor_manager_of_actee", 
            "owner": null, 
            "save_timestamp": "2012-01-14 03:53:46", 
            "title": "Actor is the instructor manager of the actee"
        }, 
        "model": "pr_services.accheckmethod", 
        "pk": 10
    }, 
    {
        "fields": {
            "create_timestamp": "2012-01-14 03:53:46", 
            "description": "Returns true if the actor is a member of the specified group. Specify a group by passing its ID as 'group_id'", 
            "final_type": 38, 
            "name": "actor_member_of_group", 
            "owner": null, 
            "save_timestamp": "2012-01-14 03:53:46", 
            "title": "Actor is Member of Group"
        }, 
        "model": "pr_services.accheckmethod", 
        "pk": 11
    }, 
    {
        "fields": {
            "create_timestamp": "2012-01-14 03:53:46", 
            "description": "Returns True if the actor owns the address in question.  Only affects permissions on the address object", 
            "final_type": 38, 
            "name": "actor_owns_address", 
            "owner": null, 
            "save_timestamp": "2012-01-14 03:53:46", 
            "title": "Actor owns the address"
        }, 
        "model": "pr_services.accheckmethod", 
        "pk": 12
    }, 
    {
        "fields": {
            "create_timestamp": "2012-01-14 03:53:46", 
            "description": "Returns True if the actor is the product line manager for the product line being accessed.", 
            "final_type": 38, 
            "name": "actor_is_product_line_manager_of_product_line", 
            "owner": null, 
            "save_timestamp": "2012-01-14 03:53:46", 
            "title": "Actor is product line manager for a given product line"
        }, 
        "model": "pr_services.accheckmethod", 
        "pk": 13
    }, 
    {
        "fields": {
            "create_timestamp": "2012-01-14 03:53:46", 
            "description": "Returns True if the actor is the product line manager for the product line of the session being accessed.", 
            "final_type": 38, 
            "name": "actor_is_product_line_manager_of_session", 
            "owner": null, 
            "save_timestamp": "2012-01-14 03:53:46", 
            "title": "Actor is product line manager for the session_template being accessed"
        }, 
        "model": "pr_services.accheckmethod", 
        "pk": 14
    }, 
    {
        "fields": {
            "create_timestamp": "2012-01-14 03:53:46", 
            "description": "Returns True if the actor is the product line manager for the product line of the session_template being accessed.", 
            "final_type": 38, 
            "name": "actor_is_product_line_manager_of_session_template", 
            "owner": null, 
            "save_timestamp": "2012-01-14 03:53:46", 
            "title": "Actor is product line manager for the session being accessed"
        }, 
        "model": "pr_services.accheckmethod", 
        "pk": 15
    }, 
    {
        "fields": {
            "create_timestamp": "2012-01-14 03:53:46", 
            "description": "Returns True if the actor is the product line manager for the product line of the user being accessed.", 
            "final_type": 38, 
            "name": "actor_is_product_line_manager_of_user", 
            "owner": null, 
            "save_timestamp": "2012-01-14 03:53:46", 
            "title": "Actor is product line manager for the user being accessed"
        }, 
        "model": "pr_services.accheckmethod", 
        "pk": 16
    }, 
    {
        "fields": {
            "create_timestamp": "2012-01-14 03:53:46", 
            "description": "Returns True if the actor owns the purchase order being accessed.", 
            "final_type": 38, 
            "name": "actor_owns_purchase_order", 
            "owner": null, 
            "save_timestamp": "2012-01-14 03:53:46", 
            "title": "Actor is the owner of the purchase order being accessed"
        }, 
        "model": "pr_services.accheckmethod", 
        "pk": 17
    }, 
    {
        "fields": {
            "create_timestamp": "2012-01-14 03:53:46", 
            "description": "Returns True if the purchase order being accessed has at least one payment.", 
            "final_type": 38, 
            "name": "purchase_order_has_payments", 
            "owner": null, 
            "save_timestamp": "2012-01-14 03:53:46", 
            "title": "Purchase Order being accessed has payments"
        }, 
        "model": "pr_services.accheckmethod", 
        "pk": 18
    }, 
    {
        "fields": {
            "create_timestamp": "2012-01-14 03:53:46", 
            "description": "Returns True if the purchase order being accessed has no payments.", 
            "final_type": 38, 
            "name": "purchase_order_has_no_payments", 
            "owner": null, 
            "save_timestamp": "2012-01-14 03:53:46", 
            "title": "Purchase Order being accessed has no payments"
        }, 
        "model": "pr_services.accheckmethod", 
        "pk": 19
    }, 
    {
        "fields": {
            "create_timestamp": "2012-01-14 03:53:46", 
            "description": "Returns True if the actor owns the training_unit_authorization being accessed.", 
            "final_type": 38, 
            "name": "actor_owns_training_unit_authorization", 
            "owner": null, 
            "save_timestamp": "2012-01-14 03:53:46", 
            "title": "Actor owns the training_unit_authorization being accessed"
        }, 
        "model": "pr_services.accheckmethod", 
        "pk": 20
    }, 
    {
        "fields": {
            "create_timestamp": "2012-01-14 03:53:46", 
            "description": "Returns True if the actor owns the purchase order against which the currently accessed payment was made,", 
            "final_type": 38, 
            "name": "actor_owns_payment", 
            "owner": null, 
            "save_timestamp": "2012-01-14 03:53:46", 
            "title": "Actor owns the given payment"
        }, 
        "model": "pr_services.accheckmethod", 
        "pk": 21
    }, 
    {
        "fields": {
            "create_timestamp": "2012-01-14 03:53:46", 
            "description": "Returns true if the refund does not put the total amount of refunds for a particular payment over the value of the payment", 
            "final_type": 38, 
            "name": "refund_does_not_exceed_payment", 
            "owner": null, 
            "save_timestamp": "2012-01-14 03:53:46", 
            "title": "Refund does not exceed payment"
        }, 
        "model": "pr_services.accheckmethod", 
        "pk": 22
    }, 
    {
        "fields": {
            "create_timestamp": "2012-01-14 03:53:46", 
            "description": "Returns true if the assignment is for a session at a venue that matches the actor's preferred venue", 
            "final_type": 38, 
            "name": "assignment_venue_matches_actor_preferred_venue", 
            "owner": null, 
            "save_timestamp": "2012-01-14 03:53:46", 
            "title": "Assignment venue matches actor venue"
        }, 
        "model": "pr_services.accheckmethod", 
        "pk": 23
    }, 
    {
        "fields": {
            "create_timestamp": "2012-01-14 03:53:46", 
            "description": "Returns true if the actor is of the specified status.", 
            "final_type": 38, 
            "name": "actor_status_check", 
            "owner": null, 
            "save_timestamp": "2012-01-14 03:53:46", 
            "title": "Actor is of specified status"
        }, 
        "model": "pr_services.accheckmethod", 
        "pk": 24
    }, 
    {
        "fields": {
            "create_timestamp": "2012-01-14 03:53:46", 
            "description": "Always returns True.", 
            "final_type": 38, 
            "name": "actor_is_anybody", 
            "owner": null, 
            "save_timestamp": "2012-01-14 03:53:46", 
            "title": "Actor is any user"
        }, 
        "model": "pr_services.accheckmethod", 
        "pk": 25
    }, 
    {
        "fields": {
            "create_timestamp": "2012-01-14 03:53:46", 
            "description": "This is a strange new breed of auth_check that concerns itself with the update_dict.  It ensures that the update_dict is only attempting to add items from the list of allowed primary keys to the attribute on the actee.  It will return false if any 'remove' operation is in the dict, or if any primary key appears in the add list that is not in the allowed primary key list.", 
            "final_type": 38, 
            "name": "actor_is_adding_allowed_many_ended_objects_to_user", 
            "owner": null, 
            "save_timestamp": "2012-01-14 03:53:46", 
            "title": "Actor is adding allowed many ended objects to user"
        }, 
        "model": "pr_services.accheckmethod", 
        "pk": 26
    }, 
    {
        "fields": {
            "create_timestamp": "2012-01-14 03:53:46", 
            "description": "Returns True if the actor owns the event.", 
            "final_type": 38, 
            "name": "actor_owns_event", 
            "owner": null, 
            "save_timestamp": "2012-01-14 03:53:46", 
            "title": "Actor owns the event"
        }, 
        "model": "pr_services.accheckmethod", 
        "pk": 27
    }, 
    {
        "fields": {
            "create_timestamp": "2012-01-14 03:53:46", 
            "description": "Returns True if the actor owns the session.", 
            "final_type": 38, 
            "name": "actor_owns_session", 
            "owner": null, 
            "save_timestamp": "2012-01-14 03:53:46", 
            "title": "Actor owns the session"
        }, 
        "model": "pr_services.accheckmethod", 
        "pk": 28
    }, 
    {
        "fields": {
            "create_timestamp": "2012-01-14 03:53:46", 
            "description": "Returns True if the actor owns the session_user_role_requirement.", 
            "final_type": 38, 
            "name": "actor_owns_session_user_role_requirement", 
            "owner": null, 
            "save_timestamp": "2012-01-14 03:53:46", 
            "title": "Actor owns the session_user_role_requirement"
        }, 
        "model": "pr_services.accheckmethod", 
        "pk": 29
    }, 
    {
        "fields": {
            "create_timestamp": "2012-01-14 03:53:46", 
            "description": "Does nothing if the exam_session has no answered questions or ratings.  Returns True if exam_session is finished, else False.", 
            "final_type": 38, 
            "name": "populated_exam_session_is_finished", 
            "owner": null, 
            "save_timestamp": "2012-01-14 03:53:46", 
            "title": "Populated exam_session is finished."
        }, 
        "model": "pr_services.accheckmethod", 
        "pk": 30
    }, 
    {
        "fields": {
            "create_timestamp": "2012-01-14 03:53:46", 
            "description": "Returns True if the actor is the user who created the venue, which is discovered by examining the venue's blame", 
            "final_type": 38, 
            "name": "actor_is_venue_creator", 
            "owner": null, 
            "save_timestamp": "2012-01-14 03:53:46", 
            "title": "The actor is the venue's creator"
        }, 
        "model": "pr_services.accheckmethod", 
        "pk": 31
    }, 
    {
        "fields": {
            "create_timestamp": "2012-01-14 03:53:46", 
            "description": "Returns True iff the session_user_role associate with the actee is the same as the session_user_role specified by the parameter session_user_role.", 
            "final_type": 38, 
            "name": "surr_is_of_a_particular_sur", 
            "owner": null, 
            "save_timestamp": "2012-01-14 03:53:46", 
            "title": "session_user_role_requirement is of a particular session_user_role"
        }, 
        "model": "pr_services.accheckmethod", 
        "pk": 32
    }, 
    {
        "fields": {
            "create_timestamp": "2012-01-14 03:53:46", 
            "description": "Returns True iff the actor is the owner of the credential", 
            "final_type": 38, 
            "name": "actor_owns_credential", 
            "owner": null, 
            "save_timestamp": "2012-01-14 03:53:46", 
            "title": "Actor owns Credential"
        }, 
        "model": "pr_services.accheckmethod", 
        "pk": 33
    }, 
    {
        "fields": {
            "create_timestamp": "2012-01-14 03:53:46", 
            "description": "Returns True iff the actor has completed all of the prerequisite tasks for the task being queried.", 
            "final_type": 38, 
            "name": "actor_has_completed_task_prerequisites", 
            "owner": null, 
            "save_timestamp": "2012-01-14 03:53:46", 
            "title": "Actor has completed Task prerequisites"
        }, 
        "model": "pr_services.accheckmethod", 
        "pk": 34
    }, 
    {
        "fields": {
            "create_timestamp": "2012-01-14 03:53:46", 
            "description": "Returns True iff the actor is the owner of the AchievementAward", 
            "final_type": 38, 
            "name": "actor_owns_achievement_award", 
            "owner": null, 
            "save_timestamp": "2012-01-14 03:53:46", 
            "title": "Actor owns AchievementAward"
        }, 
        "model": "pr_services.accheckmethod", 
        "pk": 35
    }, 
    {
        "fields": {
            "create_timestamp": "2012-01-14 03:53:46", 
            "description": "Returns True iff the actor is the owner of an AchievementAward for the Achievement", 
            "final_type": 38, 
            "name": "actor_owns_achievement_award_for_achievement", 
            "owner": null, 
            "save_timestamp": "2012-01-14 03:53:46", 
            "title": "Actor owns AchievementAward for Achievement"
        }, 
        "model": "pr_services.accheckmethod", 
        "pk": 36
    }, 
    {
        "fields": {
            "create_timestamp": "2012-01-14 03:53:46", 
            "description": "Returns True iff the actor is the owner of the assignment", 
            "final_type": 38, 
            "name": "actor_owns_assignment", 
            "owner": null, 
            "save_timestamp": "2012-01-14 03:53:46", 
            "title": "Actor owns Assignment"
        }, 
        "model": "pr_services.accheckmethod", 
        "pk": 37
    }, 
    {
        "fields": {
            "create_timestamp": "2012-01-14 03:53:46", 
            "description": "Returns True iff the actor is the owner of the assignment attempt", 
            "final_type": 38, 
            "name": "actor_owns_assignment_attempt", 
            "owner": null, 
            "save_timestamp": "2012-01-14 03:53:46", 
            "title": "Actor owns AssignmentAttempt"
        }, 
        "model": "pr_services.accheckmethod", 
        "pk": 38
    }, 
    {
        "fields": {
            "create_timestamp": "2012-01-14 03:53:46", 
            "description": "Returns True iff the actor has completed all of the prerequisite Tasks for the Assignment being queried.", 
            "final_type": 38, 
            "name": "actor_has_completed_assignment_prerequisites", 
            "owner": null, 
            "save_timestamp": "2012-01-14 03:53:46", 
            "title": "Actor has completed Assignment prerequisites"
        }, 
        "model": "pr_services.accheckmethod", 
        "pk": 39
    }, 
    {
        "fields": {
            "create_timestamp": "2012-01-14 03:53:46", 
            "description": "Returns True iff the QuestionResponse is for an ExamSession owned by the actor.", 
            "final_type": 38, 
            "name": "actor_owns_question_response", 
            "owner": null, 
            "save_timestamp": "2012-01-14 03:53:46", 
            "title": "Actor owns QuestionResponse"
        }, 
        "model": "pr_services.accheckmethod", 
        "pk": 40
    }, 
    {
        "fields": {
            "create_timestamp": "2012-01-14 03:53:46", 
            "description": "This complicatedly name method exists to be a bit genericly useful.  It will examine actee, ensuring that it is of type actee_model_name.  It will then ensure that attribute_name's value is equal to attribute_value.", 
            "final_type": 38, 
            "name": "actees_attribute_is_set_to", 
            "owner": null, 
            "save_timestamp": "2012-01-14 03:53:46", 
            "title": "Actee's attribute is set to"
        }, 
        "model": "pr_services.accheckmethod", 
        "pk": 41
    }, 
    {
        "fields": {
            "create_timestamp": "2012-01-14 03:53:46", 
            "description": "This complicatedly name method exists to be a bit genericly useful.  It will examine actee, ensuring that it is of type actee_model_name.  It will then follow a foreign key relationship, actee.foreign_object_attribute_name, and ensure that that attribute's value is equal to foreign_object_attribute_value.", 
            "final_type": 38, 
            "name": "actees_foreign_key_object_has_attribute_set_to", 
            "owner": null, 
            "save_timestamp": "2012-01-14 03:53:46", 
            "title": "Actee's foreign key object has attribute set to"
        }, 
        "model": "pr_services.accheckmethod", 
        "pk": 42
    }, 
    {
        "fields": {
            "create_timestamp": "2012-01-14 03:53:46", 
            "description": "Returns True if the actor is the owner of the Assignment, or if the actor is a guest and the Assignment doesn't have a user defined.", 
            "final_type": 38, 
            "name": "actor_owns_assignment_or_is_guest", 
            "owner": null, 
            "save_timestamp": "2012-01-14 03:53:46", 
            "title": "Actor owns assignment or is guest"
        }, 
        "model": "pr_services.accheckmethod", 
        "pk": 43
    }, 
    {
        "fields": {
            "create_timestamp": "2012-01-14 03:53:46", 
            "description": "Returns True if the actor is the same User object as is listed in the OwnedPRModel's owner field.", 
            "final_type": 38, 
            "name": "actor_owns_prmodel", 
            "owner": null, 
            "save_timestamp": "2012-01-14 03:53:46", 
            "title": "Actor owns PRModel"
        }, 
        "model": "pr_services.accheckmethod", 
        "pk": 44
    }, 
    {
        "fields": {
            "create_timestamp": "2012-01-14 03:53:46", 
            "description": "If the actee is in the group, the method returns True iff they are also of the domain.  If they are not in the group, it will return True.  This is useful for making sure that participants who register themselves are in the constantcontact.com domain.", 
            "final_type": 38, 
            "name": "actee_is_in_group_and_domain", 
            "owner": null, 
            "save_timestamp": "2012-01-14 03:53:46", 
            "title": "Actee is in group and domain"
        }, 
        "model": "pr_services.accheckmethod", 
        "pk": 45
    }, 
    {
        "fields": {
            "create_timestamp": "2012-01-14 03:53:46", 
            "description": "Returns True if DomainAffiliation.user is the actor.", 
            "final_type": 38, 
            "name": "actor_related_to_domain_affiliation", 
            "owner": null, 
            "save_timestamp": "2012-01-14 03:53:46", 
            "title": "DomainAffiliation user is actor"
        }, 
        "model": "pr_services.accheckmethod", 
        "pk": 46
    }, 
    {
        "fields": {
            "create_timestamp": "2012-01-14 03:53:46", 
            "description": "Returns True if the actee is an Organization and the actor belongs to that organization", 
            "final_type": 38, 
            "name": "actor_is_in_actee_which_is_an_organization", 
            "owner": null, 
            "save_timestamp": "2012-01-14 03:53:46", 
            "title": "Actor is in actee organization"
        }, 
        "model": "pr_services.accheckmethod", 
        "pk": 47
    }, 
    {
        "fields": {
            "create_timestamp": "2012-01-14 03:53:46", 
            "description": "Returns True iff the actee is an Assignment the Task in which is not a Video", 
            "final_type": 38, 
            "name": "assignment_is_not_video", 
            "owner": null, 
            "save_timestamp": "2012-01-14 03:53:46", 
            "title": "Assignment is not to watch Video"
        }, 
        "model": "pr_services.accheckmethod", 
        "pk": 48
    }, 
    {
        "fields": {
            "create_timestamp": "2012-01-14 03:53:46", 
            "description": "Returns True iff the actor is a manager of a category that the actee is directly or indirectly related to, and the relationship is not through a deleted video", 
            "final_type": 38, 
            "name": "actor_is_manager_of_actee_related_category", 
            "owner": null, 
            "save_timestamp": "2012-01-14 03:53:46", 
            "title": "Actor is Category Manager of category related to actee"
        }, 
        "model": "pr_services.accheckmethod", 
        "pk": 49
    }, 
    {
        "fields": {
            "create_timestamp": "2012-01-14 03:53:46", 
            "description": "Returns true iff the actor is a member of an authorized group on a category that's in an approved relationship to the actee", 
            "final_type": 38, 
            "name": "actor_is_member_of_actee_related_category_authorized_groups", 
            "owner": null, 
            "save_timestamp": "2012-01-14 03:53:46", 
            "title": "Actor is a member of an actee-related Category's authorized groups"
        }, 
        "model": "pr_services.accheckmethod", 
        "pk": 50
    }, 
    {
        "fields": {
            "create_timestamp": "2012-01-14 03:53:46", 
            "description": "Returns true iff the actor is a member of any Organization", 
            "final_type": 38, 
            "name": "actor_is_member_of_any_organization", 
            "owner": null, 
            "save_timestamp": "2012-01-14 03:53:46", 
            "title": "Actor is member of any Organization"
        }, 
        "model": "pr_services.accheckmethod", 
        "pk": 51
    }, 
    {
        "fields": {
            "create_timestamp": "2012-01-14 03:53:46", 
            "description": "Returns True iff actor owns an assignment for the given task", 
            "final_type": 38, 
            "name": "actor_owns_assignment_for_task", 
            "owner": null, 
            "save_timestamp": "2012-01-14 03:53:46", 
            "title": "Actor owns Assignment for Task"
        }, 
        "model": "pr_services.accheckmethod", 
        "pk": 52
    }, 
    {
        "fields": {
            "create_timestamp": "2012-01-14 03:53:46", 
            "description": "Returns True iff the actor has an assignment for this session", 
            "final_type": 38, 
            "name": "actor_assigned_to_session", 
            "owner": null, 
            "save_timestamp": "2012-01-14 03:53:46", 
            "title": "Actor is assigned to the session"
        }, 
        "model": "pr_services.accheckmethod", 
        "pk": 53
    }, 
    {
        "fields": {
            "acl": "(dp1\nS'Category'\np2\n(dp3\nS'c'\nI01\nsS'r'\nc__builtin__\nset\np4\n((lp5\nS'locked'\np6\naS'name'\np7\naS'videos'\np8\naS'save_timestamp'\np9\naS'approved_videos'\np10\naS'create_timestamp'\np11\naS'content_type'\np12\naS'managers'\np13\naS'authorized_groups'\np14\naS'id'\np15\natRp16\nsS'u'\ng4\n((lp17\ng6\nag14\nag13\nag7\nag8\natRp18\nsS'd'\nI01\nssS'ExamSession'\np19\n(dp20\nS'c'\nI01\nsS'r'\ng4\n((lp21\nS'date_completed'\np22\naS'exam'\np23\naS'number_correct'\np24\naS'response_questions'\np25\naS'passing_score'\np26\nag12\naS'user'\np27\naS'passed'\np28\nag9\naS'date_started'\np29\naS'score'\np30\nag15\nag11\natRp31\nsS'u'\ng4\n((lp32\ng22\natRp33\nsS'd'\nI01\nssS'Response'\np34\n(dp35\nS'c'\nI01\nsS'r'\ng4\n((lp36\ng9\naS'exam_session'\np37\naS'question'\np38\naS'value'\np39\nag15\naS'valid'\np40\nag11\nag12\naS'text'\np41\naS'correct'\np42\natRp43\nsS'u'\ng4\n((ltRp44\nsS'd'\nI01\nssS'FileDownload'\np45\n(dp46\nS'c'\nI01\nsS'r'\ng4\n((lp47\nS'achievements'\np48\nag9\nag7\naS'title'\np49\naS'deleted'\np50\naS'prerequisite_tasks'\np51\naS'file_url'\np52\nag11\nag12\naS'file_size'\np53\nag15\naS'description'\np54\natRp55\nsS'u'\ng4\n((lp56\ng48\nag51\nag49\nag7\nag54\natRp57\nsS'd'\nI01\nssS'EncodedVideo'\np58\n(dp59\nS'c'\nI01\nsS'r'\ng4\n((lp60\ng9\naS'url'\np61\naS'video'\np62\nag11\nag12\naS'http_url'\np63\naS'bitrate'\np64\nag15\natRp65\nsS'u'\ng4\n((ltRp66\nsS'd'\nI01\nssS'ResourceType'\np67\n(dp68\nS'c'\nI01\nsS'r'\ng4\n((lp69\ng9\nag7\naS'notes'\np70\nag11\nag12\naS'sessiontemplateresourcetypereqs'\np71\nag15\naS'resources'\np72\naS'sessionresourcetyperequirements'\np73\natRp74\nsS'u'\ng4\n((lp75\ng71\nag7\nag72\nag73\natRp76\nsS'd'\nI01\nssS'SessionUserRole'\np77\n(dp78\nS'c'\nI01\nsS'r'\ng4\n((lp79\ng9\nag7\naS'session_user_role_requirements'\np80\nag12\nag15\nag11\natRp81\nsS'u'\ng4\n((lp82\ng7\nag80\natRp83\nsS'd'\nI01\nssS'ConditionTestCollection'\np84\n(dp85\nS'c'\nI01\nsS'r'\ng4\n((lp86\ng9\nag7\nag12\naS'condition_tests'\np87\nag15\nag11\natRp88\nsS'u'\ng4\n((lp89\ng7\natRp90\nsS'd'\nI01\nssS'CurriculumEnrollment'\np91\n(dp92\nS'c'\nI01\nsS'r'\ng4\n((lp93\nS'end'\np94\naS'users'\np95\naS'start'\np96\naS'curriculum_name'\np97\naS'curriculum'\np98\naS'assignments'\np99\nag11\nag12\nag9\nag15\naS'user_completion_statuses'\np100\natRp101\nsS'u'\ng4\n((lp102\ng96\nag98\nag94\nag95\natRp103\nsS'd'\nI01\nssS'forum.ForumPostAttachment'\np104\n(dp105\nS'c'\nI01\nsS'r'\ng4\n((lp106\ng9\nag54\nag12\naS'post'\np107\nag11\nag15\nag7\natRp108\nsS'u'\ng4\n((lp109\ng107\nag54\nag7\natRp110\nsS'd'\nI01\nssS'Note'\np111\n(dp112\nS'c'\nI01\nsS'r'\ng4\n((lp113\ng41\nag9\nag15\nag12\nag11\natRp114\nsS'u'\ng4\n((lp115\ng41\natRp116\nsS'd'\nI01\nssS'PurchaseOrder'\np117\n(dp118\nS'c'\nI01\nsS'r'\ng4\n((lp119\nS'training_units_price'\np120\naS'total_price'\np121\nag9\naS'promo_code'\np122\naS'training_units_purchased'\np123\naS'is_paid'\np124\naS'product_offers'\np125\naS'payments'\np126\naS'products'\np127\nag27\nag12\naS'product_discounts'\np128\naS'organization'\np129\nag11\nag15\naS'expiration'\np130\natRp131\nsS'u'\ng4\n((lp132\ng120\nag122\nag123\nag130\nag129\nag27\natRp133\nsS'd'\nI01\nssS'FileUpload'\np134\n(dp135\nS'c'\nI01\nsS'r'\ng4\n((lp136\ng48\nag9\nag7\nag12\nag11\nag15\nag54\natRp137\nsS'u'\ng4\n((lp138\ng48\nag7\nag54\natRp139\nsS'd'\nI01\nssS'Role'\np140\n(dp141\nS'c'\nI01\nsS'r'\ng4\n((lp142\nS'ac_check_methods'\np143\nag9\nag7\nag70\naS'acl'\np144\nag11\nag12\nag15\natRp145\nsS'u'\ng4\n((lp146\ng70\nag143\nag7\nag144\natRp147\nsS'd'\nI01\nssS'CSVData'\np148\n(dp149\nS'c'\nI01\nsS'r'\ng4\n((lp150\ng9\nag15\nag12\nag11\natRp151\nsS'u'\ng4\n((ltRp152\nsS'd'\nI01\nssS'Answer'\np153\n(dp154\nS'c'\nI01\nsS'r'\ng4\n((lp155\nS'text_response'\np156\nag9\naS'end_question_pool'\np157\naS'end_exam'\np158\nag38\naS'next_question_pool'\np159\nag39\nag42\nag11\nag12\nag15\naS'label'\np160\naS'order'\np161\natRp162\nsS'u'\ng4\n((lp163\ng156\nag157\nag158\nag38\nag159\nag39\nag42\nag160\nag161\natRp164\nsS'd'\nI01\nssS'Group'\np165\n(dp166\nS'c'\nI01\nsS'r'\ng4\n((lp167\ng13\nag7\naS'default'\np168\nag70\nag11\nag12\nag9\nag15\naS'categories'\np169\nag95\natRp170\nsS'u'\ng4\n((lp171\ng168\nag13\nag7\nag169\nag95\natRp172\nsS'd'\nI01\nssS'Region'\np173\n(dp174\nS'c'\nI01\nsS'r'\ng4\n((lp175\ng9\nag7\nag70\naS'venues'\np176\nag15\nag11\nag12\naS'events'\np177\natRp178\nsS'u'\ng4\n((lp179\ng7\nag176\nag177\natRp180\nsS'd'\nI01\nssS'TrainingUnitAccount'\np181\n(dp182\nS'c'\nI01\nsS'r'\ng4\n((lp183\ng9\naS'training_unit_transactions'\np184\nag27\nag12\nag129\naS'balance'\np185\nag15\nag11\natRp186\nsS'u'\ng4\n((lp187\ng129\naS'starting_value'\np188\nag27\natRp189\nsS'd'\nI01\nssS'ScoSession'\np190\n(dp191\nS'c'\nI01\nsS'r'\ng4\n((lp192\nS'sco'\np193\nag22\nag12\naS'cmi_core_score_max'\np194\naS'cmi_core_score_min'\np195\naS'shared_object'\np196\naS'cmi_core_lesson_status'\np197\nag11\naS'cmi_core_lesson_location'\np198\nag9\nag29\nag15\natRp199\nsS'u'\ng4\n((lp200\ng29\nag22\natRp201\nsS'd'\nI01\nssS'Credential'\np202\n(dp203\nS'c'\nI01\nsS'r'\ng4\n((lp204\nS'status'\np205\nag9\naS'date_expires'\np206\nag70\naS'authority'\np207\naS'credential_type'\np208\nag27\nag12\naS'serial_number'\np209\nag29\naS'date_granted'\np210\nag15\naS'date_assigned'\np211\nag11\natRp212\nsS'u'\ng4\n((lp213\ng205\nag206\nag207\nag208\nag27\nag209\nag29\nag210\nag211\natRp214\nsS'd'\nI01\nssS'Product'\np215\n(dp216\nS'c'\nI01\nsS'r'\ng4\n((lp217\nS'sku'\np218\naS'custom_actions'\np219\naS'training_units'\np220\nag54\naS'display_order'\np221\naS'starting_quantity'\np222\nag15\naS'cost'\np223\naS'inventory'\np224\nag12\nag9\nag11\naS'price'\np225\nag7\natRp226\nsS'u'\ng4\n((lp227\ng218\nag219\nag220\nag54\nag225\nag223\nag222\nag221\nag7\natRp228\nsS'd'\nI01\nssS'ProductLine'\np229\n(dp230\nS'c'\nI01\nsS'r'\ng4\n((lp231\ng13\nag7\nag70\naS'instructors'\np232\nag11\nag12\nag9\naS'instructor_managers'\np233\nag15\natRp234\nsS'u'\ng4\n((lp235\ng232\nag233\nag13\nag7\natRp236\nsS'd'\nI01\nssS'Exam'\np237\n(dp238\nS'c'\nI01\nsS'r'\ng4\n((lp239\ng48\naS'question_pools'\np240\nag9\nag54\nag49\nag51\naS'version_id'\np241\naS'version_comment'\np242\nag26\nag12\nag11\naS'version_label'\np243\naS'type'\np244\nag15\nag7\natRp245\nsS'u'\ng4\n((lp246\ng48\nag240\nag54\nag49\nag51\nag241\nag242\nag26\nag243\nag7\natRp247\nsS'd'\nI01\nssS'FormPage'\np248\n(dp249\nS'c'\nI01\nsS'r'\ng4\n((lp250\nS'form_widgets'\np251\nag23\naS'photo'\np252\naS'number'\np253\nag11\nag12\nag9\nag15\natRp254\nsS'u'\ng4\n((lp255\ng251\nag23\nag253\natRp256\nsS'd'\nI01\nssS'SessionUserRoleRequirement'\np257\n(dp258\nS'c'\nI01\nsS'r'\ng4\n((lp259\ng48\nag9\naS'remaining_capacity'\np260\naS'min'\np261\naS'max'\np262\nag51\naS'session'\np263\naS'session_user_role'\np264\nag11\nag12\naS'credential_types'\np265\naS'role_name'\np266\naS'ignore_room_capacity'\np267\nag15\nag95\natRp268\nsS'u'\ng4\n((lp269\ng48\nag95\nag261\nag262\nag51\nag263\nag264\nag265\nag267\natRp270\nsS'd'\nI01\nssS'Assignment'\np271\n(dp272\nS'c'\nI01\nsS'r'\ng4\n((lp273\ng205\naS'due_date'\np274\naS'task'\np275\nag22\naS'status_change_log'\np276\naS'task_content_type'\np277\naS'effective_date_assigned'\np278\naS'prerequisites_met'\np279\nag27\nag12\nag9\nag29\nag11\nag15\naS'assignment_attempts'\np280\natRp281\nsS'u'\ng4\n((lp282\ng205\nag274\nag278\nag22\nag29\natRp283\nsS'd'\nI01\nssS'FileDownloadAttempt'\np284\n(dp285\nS'c'\nI01\nsS'r'\ng4\n((lp286\ng22\naS'file_download'\np287\naS'assignment'\np288\nag27\nag12\nag9\nag29\nag15\nag11\natRp289\nsS'u'\ng4\n((lp290\ng22\natRp291\nsS'd'\nI01\nssS'Curriculum'\np292\n(dp293\nS'c'\nI01\nsS'r'\ng4\n((lp294\ng48\naS'curriculum_task_associations'\np295\naS'tasks'\np296\nag9\nag7\nag11\nag12\nag129\nag15\natRp297\nsS'u'\ng4\n((lp298\ng48\nag129\nag296\nag7\natRp299\nsS'd'\nI01\nssS'CurriculumTaskAssociation'\np300\n(dp301\nS'c'\nI01\nsS'r'\ng4\n((lp302\nS'task_bundle'\np303\nag275\nag9\nag12\naS'presentation_order'\np304\nag98\naS'days_before_start'\np305\naS'continue_automatically'\np306\nag11\naS'task_name'\np307\naS'days_to_complete'\np308\nag15\natRp309\nsS'u'\ng4\n((lp310\ng303\nag275\nag304\nag98\nag305\nag306\nag308\natRp311\nsS'd'\nI01\nssS'VideoSession'\np312\n(dp313\nS'c'\nI01\nsS'r'\ng4\n((lp314\ng22\nag288\nag62\nag27\nag12\nag9\nag29\nag15\nag11\natRp315\nsS'u'\ng4\n((lp316\ng29\nag22\natRp317\nsS'd'\nI01\nssS'Task'\np318\n(dp319\nS'c'\nI01\nsS'r'\ng4\n((lp320\ng48\naS'yielded_tasks'\np321\nag9\nag260\nag49\nag262\nag51\nag241\nag7\nag242\nag11\nag12\nag261\nag243\nag244\nag15\nag54\natRp322\nsS'u'\ng4\n((lp323\ng48\nag321\nag54\nag49\nag262\nag51\nag241\nag242\nag261\nag243\nag7\natRp324\nsS'd'\nI01\nssS'User'\np325\n(dp326\nS'c'\nI01\nsS'r'\ng4\n((lp327\ng205\naS'product_lines_managed'\np328\naS'last_name'\np329\nag9\nag12\naS'is_staff'\np330\nag11\naS'full_name'\np331\naS'default_username_and_domain'\np332\naS'product_lines_instructor_manager_for'\np333\naS'email2'\np334\nag15\naS'biography'\np335\naS'alleged_organization'\np336\naS'first_name'\np337\naS'middle_name'\np338\nag49\naS'enable_paypal'\np339\naS'product_lines_instructor_for'\np340\naS'email'\np341\naS'username'\np342\naS'billing_address'\np343\naS'color_code'\np344\naS'phone2'\np345\naS'phone3'\np346\naS'phone'\np347\naS'groups'\np348\naS'credentials'\np349\naS'owned_userorgroles'\np350\naS'preferred_venues'\np351\naS'photo_url'\np352\naS'organizations'\np353\nag80\naS'roles'\np354\nag61\naS'name_suffix'\np355\naS'completed_curriculum_enrollments'\np356\naS'suppress_emails'\np357\naS'incomplete_curriculum_enrollments'\np358\naS'paypal_address'\np359\naS'shipping_address'\np360\naS'domains'\np361\natRp362\nsS'u'\ng4\n((lp363\ng329\nag330\nag334\nag335\nag337\nag338\nag49\nag339\nag341\nag205\nag343\nag344\nag345\nag346\nag347\nag348\nag349\nag351\nag352\nag353\nag354\nag61\nag355\nag357\nag336\nag359\nag360\natRp364\nsS'd'\nI01\nssS'forum.ForumCategory'\np365\n(dp366\nS'c'\nI01\nsS'r'\ng4\n((lp367\ng9\nag7\nag12\naS'forums'\np368\nag15\nag11\natRp369\nsS'u'\ng4\n((lp370\ng7\natRp371\nsS'd'\nI01\nssS'TrainingUnitTransaction'\np372\n(dp373\nS'c'\nI01\nsS'r'\ng4\n((lp374\nS'purchase_order'\np375\naS'training_unit_authorizations'\np376\nag11\nag12\nag9\nag15\nag39\natRp377\nsS'u'\ng4\n((lp378\ng376\natRp379\nsS'd'\nI01\nssS'forum.ForumTopic'\np380\n(dp381\nS'c'\nI01\nsS'r'\ng4\n((lp382\ng9\nag7\naS'forum'\np383\naS'posts'\np384\naS'sticky'\np385\nag12\nag11\naS'closed'\np386\nag15\natRp387\nsS'u'\ng4\n((lp388\ng385\nag383\nag386\nag7\natRp389\nsS'd'\nI01\nssS'SessionTemplate'\np390\n(dp391\nS'c'\nI01\nsS'r'\ng4\n((lp392\nS'product_line'\np393\nag9\nag54\naS'sequence'\np394\nag225\naS'event_template'\np395\naS'session_template_resource_type_requirements'\np396\naS'modality'\np397\naS'session_template_user_role_requirements'\np398\naS'duration'\np399\naS'audience'\np400\naS'version'\np401\nag15\naS'sessions'\np402\nag12\naS'active'\np403\naS'fullname'\np404\nag11\naS'shortname'\np405\naS'lead_time'\np406\natRp407\nsS'u'\ng4\n((lp408\ng393\nag54\nag395\nag225\nag394\nag397\nag399\nag400\nag401\nag403\nag404\nag405\nag406\natRp409\nsS'd'\nI01\nssS'Achievement'\np410\n(dp411\nS'c'\nI01\nsS'r'\ng4\n((lp412\ng9\nag95\naS'component_achievements'\np413\nag54\nag7\nag11\nag12\nag15\naS'yielded_achievements'\np414\natRp415\nsS'u'\ng4\n((lp416\ng95\nag413\nag414\nag54\nag7\natRp417\nsS'd'\nI01\nssS'TrainingVoucher'\np418\n(dp419\nS'c'\nI01\nsS'r'\ng4\n((lp420\nS'code'\np421\naS'session_user_role_requirement'\np422\nag225\nag375\nag11\nag12\nag9\nag15\natRp423\nsS'u'\ng4\n((lp424\ng375\nag422\natRp425\nsS'd'\nI01\nssS'TaskBundle'\np426\n(dp427\nS'c'\nI01\nsS'r'\ng4\n((lp428\ng296\naS'tasks_depr'\np429\nag7\nag11\nag12\nag9\nag15\nag54\natRp430\nsS'u'\ng4\n((lp431\ng296\nag429\nag7\nag54\natRp432\nsS'd'\nI01\nssS'SessionTemplateUserRoleReq'\np433\n(dp434\nS'c'\nI01\nsS'r'\ng4\n((lp435\ng9\naS'session_template'\np436\nag261\nag262\nag264\nag11\nag12\nag15\natRp437\nsS'u'\ng4\n((lp438\ng262\nag264\nag436\nag261\natRp439\nsS'd'\nI01\nssS'Resource'\np440\n(dp441\nS'c'\nI01\nsS'r'\ng4\n((lp442\nS'session_resource_type_requirements'\np443\naS'resource_types'\np444\nag7\nag70\nag11\nag12\nag9\nag15\nag54\natRp445\nsS'u'\ng4\n((lp446\ng443\nag444\nag7\nag54\natRp447\nsS'd'\nI01\nssS'Room'\np448\n(dp449\nS'c'\nI01\nsS'r'\ng4\n((lp450\nS'capacity'\np451\nag7\naS'venue_name'\np452\naS'venue_address'\np453\naS'venue'\np454\nag11\nag12\nag9\nag15\natRp455\nsS'u'\ng4\n((lp456\ng454\nag451\nag7\natRp457\nsS'd'\nI01\nssS'ProductClaim'\np458\n(dp459\nS'c'\nI01\nsS'r'\ng4\n((lp460\nS'product'\np461\nag9\nag11\nag12\nag15\nag375\naS'quantity'\np462\natRp463\nsS'u'\ng4\n((lp464\ng462\natRp465\nsS'd'\nI01\nssS'TaskBundleTaskAssociation'\np466\n(dp467\nS'c'\nI01\nsS'r'\ng4\n((lp468\ng303\nag275\nag9\nag304\nag306\nag11\nag12\nag15\natRp469\nsS'u'\ng4\n((lp470\ng303\nag275\nag306\nag304\natRp471\nsS'd'\nI01\nssS'forum.Forum'\np472\n(dp473\nS'c'\nI01\nsS'r'\ng4\n((lp474\nS'category'\np475\nag9\nag54\naS'topics'\np476\nag11\nag12\nag15\nag7\natRp477\nsS'u'\ng4\n((lp478\ng475\nag54\nag7\natRp479\nsS'd'\nI01\nssS'ConditionTest'\np480\n(dp481\nS'c'\nI01\nsS'r'\ng4\n((lp482\nS'match_all_defined_parameters'\np483\nag12\nag80\nag394\naS'condition_test_collection'\np484\nag402\nag9\nag15\nag94\nag96\nag11\nag348\nag349\nag177\natRp485\nsS'u'\ng4\n((lp486\ng483\nag80\nag394\nag484\nag402\nag94\nag96\nag348\nag349\nag177\natRp487\nsS'd'\nI01\nssS'DomainAffiliation'\np488\n(dp489\nS'c'\nI01\nsS'r'\ng4\n((lp490\ng342\naS'domain'\np491\nag9\nag168\nag27\nag12\naS'may_log_me_in'\np492\nag15\nag11\natRp493\nsS'u'\ng4\n((lp494\ng168\nag492\nag491\nag342\nag27\natRp495\nsS'd'\nI01\nssS'Venue'\np496\n(dp497\nS'c'\nI01\nsS'r'\ng4\n((lp498\ng9\nag7\naS'region'\np499\naS'hours_of_operation'\np500\nag15\nag347\naS'contact'\np501\naS'rooms'\np502\nag12\naS'address'\np503\naS'owner'\np504\nag177\nag11\natRp505\nsS'u'\ng4\n((lp506\ng7\nag499\nag500\nag347\nag501\nag503\nag504\nag177\natRp507\nsS'd'\nI01\nssS'CredentialType'\np508\n(dp509\nS'c'\nI01\nsS'r'\ng4\n((lp510\nS'min_required_tasks'\np511\nag9\nag54\nag70\nag7\naS'prerequisite_credential_types'\np512\nag11\nag12\nag15\naS'required_achievements'\np513\natRp514\nsS'u'\ng4\n((lp515\ng511\nag54\nag70\nag7\nag512\nag513\natRp516\nsS'd'\nI01\nssS'SessionResourceTypeRequirement'\np517\n(dp518\nS'c'\nI01\nsS'r'\ng4\n((lp519\ng9\nag261\nag262\nag263\naS'resource_type'\np520\nag12\nag15\nag72\nag11\natRp521\nsS'u'\ng4\n((lp522\ng262\nag263\nag72\nag520\nag261\natRp523\nsS'd'\nI01\nssS'ProductDiscount'\np524\n(dp525\nS'c'\nI01\nsS'r'\ng4\n((lp526\ng125\nag9\nag122\nag484\naS'cumulative'\np527\naS'currency'\np528\nag127\nag11\nag12\naS'percentage'\np529\nag15\natRp530\nsS'u'\ng4\n((lp531\ng125\nag122\nag484\nag527\nag528\nag127\nag529\natRp532\nsS'd'\nI01\nssS'FormWidget'\np533\n(dp534\nS'c'\nI01\nsS'r'\ng4\n((lp535\ng9\naS'y'\naS'form_page'\np536\nag38\naS'height'\np537\naS'width'\np538\nag11\nag12\naS'answer'\np539\naS'x'\nag15\natRp540\nsS'u'\ng4\n((lp541\nS'y'\nag536\nag38\nag537\nag538\nag539\naS'x'\natRp542\nsS'd'\nI01\nssS'OrgRole'\np543\n(dp544\nS'c'\nI01\nsS'r'\ng4\n((lp545\ng353\nag9\nag7\naS'user_org_roles'\np546\nag11\nag12\nag15\nag95\natRp547\nsS'u'\ng4\n((lp548\ng353\nag7\nag95\natRp549\nsS'd'\nI01\nssS'FileUploadAttempt'\np550\n(dp551\nS'c'\nI01\nsS'r'\ng4\n((lp552\nS'file_upload'\np553\nag22\nag50\naS'file_name'\np554\nag53\nag52\nag27\nag12\nag288\nag9\nag29\nag15\nag11\natRp555\nsS'u'\ng4\n((lp556\ng22\natRp557\nsS'd'\nI01\nssS'Organization'\np558\n(dp559\nS'c'\nI01\nsS'r'\ng4\n((lp560\ng9\nag546\naS'primary_contact_cell_phone'\np561\nag11\naS'primary_contact_first_name'\np562\naS'children'\np563\nag95\naS'ancestors'\np564\naS'org_email_domains'\np565\naS'primary_contact_email'\np566\nag15\naS'training_unit_accounts'\np567\naS'department'\np568\nag341\naS'fax'\np569\nag54\naS'parent'\np570\naS'descendants'\np571\naS'purchase_orders'\np572\naS'primary_contact_other_phone'\np573\nag347\nag12\nag503\nag352\nag7\nag354\naS'primary_contact_office_phone'\np574\nag61\nag70\naS'primary_contact_last_name'\np575\natRp576\nsS'u'\ng4\n((lp577\ng569\nag54\nag570\nag574\nag61\nag561\nag70\nag566\nag573\nag347\nag575\nag503\nag568\nag354\nag95\nag352\nag562\nag341\nag7\natRp578\nsS'd'\nI01\nssS'QuestionPool'\np579\n(dp580\nS'c'\nI01\nsS'r'\ng4\n((lp581\ng9\nag23\nag49\naS'randomize_questions'\np582\nag15\nag12\nag11\naS'questions'\np583\nag161\naS'number_to_answer'\np584\nag7\natRp585\nsS'u'\ng4\n((lp586\ng23\nag49\nag582\nag583\nag161\nag584\nag7\natRp587\nsS'd'\nI01\nssS'CustomAction'\np588\n(dp589\nS'c'\nI01\nsS'r'\ng4\n((lp590\ng9\nag7\nag12\nag54\nag11\nag15\naS'function_name'\np591\natRp592\nsS'u'\ng4\n((lp593\ng591\nag7\nag54\natRp594\nsS'd'\nI01\nssS'Refund'\np595\n(dp596\nS'c'\nI01\nsS'r'\ng4\n((lp597\ng9\nag15\nag12\nag11\natRp598\nsS'u'\ng4\n((ltRp599\nsS'd'\nI00\nssS'Domain'\np600\n(dp601\nS'c'\nI01\nsS'r'\ng4\n((lp602\ng9\nag7\nag12\naS'authentication_ip'\np603\nag11\nag15\nag95\natRp604\nsS'u'\ng4\n((lp605\ng603\naS'authentication_password_hash'\np606\nag7\natRp607\nsS'd'\nI01\nssS'OrgEmailDomain'\np608\n(dp609\nS'c'\nI01\nsS'r'\ng4\n((lp610\nS'effective_role'\np611\naS'effective_role_name'\np612\nag9\naS'role'\np613\nag11\nag12\naS'email_domain'\np614\nag129\nag15\natRp615\nsS'u'\ng4\n((lp616\ng129\nag613\nag614\natRp617\nsS'd'\nI01\nssS'forum.ForumPost'\np618\n(dp619\nS'c'\nI01\nsS'r'\ng4\n((lp620\nS'topic'\np621\naS'body'\np622\nag9\naS'attachments'\np623\nag12\nag15\nag11\natRp624\nsS'u'\ng4\n((lp625\ng621\nag622\natRp626\nsS'd'\nI01\nssS'Video'\np627\n(dp628\nS'c'\nI01\nsS'r'\ng4\n((lp629\ng9\naS'encoded_videos'\np630\naS'create_timestamp'\np631\nag243\nag504\naS'id'\np632\naS'category_relationships'\np633\naS'author'\np634\naS'num_views'\np635\naS'live'\np636\naS'is_ready'\np637\naS'public'\np638\nag205\nag54\naS'tags'\np639\nag50\nag51\nag241\nag12\nag169\nag352\nag7\naS'users_who_watched'\np640\naS'src_file_size'\np641\naS'approved_categories'\np642\nag242\naS'length'\np643\naS'aspect_ratio'\np644\nag49\natRp645\nsS'u'\ng4\n((lp646\ng51\nag54\nag634\nag49\nag636\nag241\nag630\nag504\nag643\nag639\nag243\nag242\nag644\nag352\nag638\nag169\nag7\natRp647\nsS'd'\nI01\nssS'Question'\np648\n(dp649\nS'c'\nI01\nsS'r'\ng4\n((lp650\nS'rejoinder'\np651\naS'widget'\np652\nag9\naS'text_response_label'\np653\naS'max_value'\np654\naS'min_value'\np655\naS'max_answers'\np656\naS'answers'\np657\naS'help_text'\np658\naS'min_answers'\np659\nag11\nag12\naS'question_pool'\np660\nag15\nag156\naS'min_length'\np661\naS'required'\np662\nag160\naS'max_length'\np663\naS'question_type'\np664\naS'text_regex'\np665\nag161\natRp666\nsS'u'\ng4\n((lp667\ng156\nag651\nag652\nag662\nag661\nag654\nag655\nag656\nag657\nag160\nag660\nag659\nag664\nag665\nag658\nag663\nag161\nag653\natRp668\nsS'd'\nI01\nssS'UserOrgRole'\np669\n(dp670\nS'c'\nI01\nsS'r'\ng4\n((lp671\ng9\nag570\nag49\naS'persistent'\np672\nag15\naS'organization_name'\np673\nag266\nag613\nag11\nag12\nag504\nag129\nag563\natRp674\nsS'u'\ng4\n((lp675\ng570\nag49\nag672\nag613\nag504\nag129\natRp676\nsS'd'\nI01\nssS'Payment'\np677\n(dp678\nS'c'\nI01\nsS'r'\ng4\n((lp679\nS'city'\np680\nag337\nag329\nag9\naS'zip'\np681\naS'refunds'\np682\naS'country'\np683\nag15\naS'state'\np684\nag375\naS'card_type'\np685\naS'amount'\np686\naS'exp_date'\np687\nag11\nag12\naS'sales_tax'\np688\naS'date'\np689\naS'invoice_number'\np690\naS'result_message'\np691\naS'transaction_id'\np692\natRp693\nsS'u'\ng4\n((ltRp694\nsS'd'\nI00\nssS'VideoCategory'\np695\n(dp696\nS'c'\nI01\nsS'r'\ng4\n((lp697\ng205\nag475\nag9\nag62\nag11\nag12\nag15\naS'category_name'\np698\natRp699\nsS'u'\ng4\n((lp700\ng205\natRp701\nsS'd'\nI01\nssS'TrainingUnitAuthorization'\np702\n(dp703\nS'c'\nI01\nsS'r'\ng4\n((lp704\ng94\nag654\naS'used_value'\np705\nag96\nag27\nag12\nag9\naS'training_unit_account'\np706\nag15\nag11\natRp707\nsS'u'\ng4\n((lp708\ng96\nag706\nag94\nag27\nag654\natRp709\nsS'd'\nI01\nssS'Session'\np710\n(dp711\nS'c'\nI01\nsS'r'\ng4\n((lp712\nS'default_price'\np713\nag205\nag9\nag54\naS'paypal_url'\np714\nag11\nag12\nag15\naS'event'\np715\naS'room'\np716\naS'confirmed'\np717\nag443\nag94\nag436\nag80\nag49\nag61\nag404\naS'session_user_roles'\np718\nag397\nag96\nag400\nag405\naS'evaluation'\np719\nag406\natRp720\nsS'u'\ng4\n((lp721\ng713\nag205\nag717\nag443\nag94\nag436\nag80\nag716\nag61\nag49\nag718\nag715\nag96\nag400\nag405\nag404\nag406\nag397\nag54\natRp722\nsS'd'\nI01\nssS'AchievementAward'\np723\n(dp724\nS'c'\nI01\nsS'r'\ng4\n((lp725\ng9\nag288\nag27\nag12\nag689\nag15\naS'achievement'\np726\nag11\natRp727\nsS'u'\ng4\n((lp728\ng689\nag288\nag27\nag726\natRp729\nsS'd'\nI01\nssS'CurriculumEnrollmentUserAssociation'\np730\n(dp731\nS'c'\nI01\nsS'r'\ng4\n((lp732\ng9\nag15\nag12\nag11\natRp733\nsS'u'\ng4\n((ltRp734\nsS'd'\nI01\nssS'TaskFee'\np735\n(dp736\nS'c'\nI01\nsS'r'\ng4\n((lp737\ng218\nag219\nag220\nag54\nag221\nag222\nag275\nag223\nag224\nag12\nag15\nag9\nag11\nag225\nag7\natRp738\nsS'u'\ng4\n((lp739\ng218\nag219\nag220\nag54\nag225\nag275\nag223\nag222\nag221\nag7\natRp740\nsS'd'\nI01\nssS'AssignmentAttempt'\np741\n(dp742\nS'c'\nI01\nsS'r'\ng4\n((lp743\ng22\nag11\nag12\nag288\nag29\nag15\nag9\natRp744\nsS'u'\ng4\n((lp745\ng29\nag22\natRp746\nsS'd'\nI01\nssS'Sco'\np747\n(dp748\nS'c'\nI01\nsS'r'\ng4\n((lp749\ng48\nag9\nag54\nag49\nag61\naS'data'\np750\nag51\nag241\naS'course'\np751\nag12\nag11\nag243\nag242\naS'completion_requirement'\np752\nag15\nag7\natRp753\nsS'u'\ng4\n((lp754\ng48\nag54\nag49\nag51\nag241\nag242\nag243\nag752\nag7\natRp755\nsS'd'\nI01\nssS'SessionTemplateResourceTypeReq'\np756\n(dp757\nS'c'\nI01\nsS'r'\ng4\n((lp758\ng9\nag436\nag261\nag262\nag11\nag12\nag15\nag520\natRp759\nsS'u'\ng4\n((lp760\ng262\nag436\nag520\nag261\natRp761\nsS'd'\nI01\nssS'EventTemplate'\np762\n(dp763\nS'c'\nI01\nsS'r'\ng4\n((lp764\ng393\nag9\naS'external_reference'\np765\nag49\nag61\nag54\naS'session_templates'\np766\naS'facebook_message'\np767\naS'lag_time'\np768\nag11\nag12\nag15\nag129\naS'twitter_message'\np769\naS'name_prefix'\np770\nag177\nag406\natRp771\nsS'u'\ng4\n((lp772\ng393\nag765\nag49\nag61\nag54\nag767\nag768\nag129\nag769\nag770\nag406\natRp773\nsS'd'\nI01\nssS'Event'\np774\n(dp775\nS'c'\nI01\nsS'r'\ng4\n((lp776\ng205\nag9\nag54\nag402\nag767\nag11\nag12\nag504\nag15\nag7\nag393\nag94\nag765\nag395\nag61\nag499\nag49\nag454\nag96\nag768\nag129\nag769\nag406\natRp777\nsS'u'\ng4\n((lp778\ng54\nag393\nag94\nag765\nag395\nag61\nag767\nag499\nag49\nag454\nag96\nag768\nag504\nag129\nag769\nag406\nag7\natRp779\nsS'd'\nI01\nssS'ProductOffer'\np780\n(dp781\nS'c'\nI01\nsS'r'\ng4\n((lp782\ng461\nag9\nag54\nag225\naS'seller'\np783\nag11\nag12\nag15\natRp784\nsS'u'\ng4\n((lp785\ng225\nag461\nag54\nag783\natRp786\nsS'd'\nI01\nss.", 
            "arbitrary_perm_list": "(lp1\nS'access_db_settings'\np2\naS'change_password_of_other_users'\np3\naS'check_usernames'\np4\naS'exceed_enrollment_capacity'\np5\naS'export_exam_to_xml'\np6\naS'import_exam_from_xml'\np7\naS'logging'\np8\naS'read_reports'\np9\naS'regenerate_payment_confirmations'\np10\naS'resend_payment_confirmations'\np11\naS'send_email'\np12\naS'upload_scorm_course'\np13\na.", 
            "create_timestamp": "2012-01-14 03:53:46", 
            "final_type": 37, 
            "owner": null, 
            "role": 1, 
            "save_timestamp": "2012-01-14 03:53:46"
        }, 
        "model": "pr_services.acl", 
        "pk": 1
    }, 
    {
        "fields": {
            "acl": "(dp1\nS'ExamSession'\np2\n(dp3\nS'c'\nI01\nsS'r'\nc__builtin__\nset\np4\n((lp5\nS'date_completed'\np6\naS'score'\np7\naS'number_correct'\np8\naS'response_questions'\np9\naS'passing_score'\np10\naS'content_type'\np11\naS'create_timestamp'\np12\naS'passed'\np13\naS'save_timestamp'\np14\naS'date_started'\np15\naS'id'\np16\naS'exam'\np17\natRp18\nsS'u'\ng4\n((lp19\nS'date_completed'\np20\natRp21\nsS'd'\nI00\nssS'ScoSession'\np22\n(dp23\nS'c'\nI01\nsS'r'\ng4\n((lp24\nS'sco'\np25\naS'date_completed'\np26\nag12\nag11\nag14\naS'date_started'\np27\naS'id'\np28\natRp29\nsS'u'\ng4\n((ltRp30\nsS'd'\nI00\nssS'Venue'\np31\n(dp32\nS'c'\nI00\nsS'r'\ng4\n((lp33\ng14\nag12\nag11\naS'address'\np34\naS'region'\np35\nag28\natRp36\nsS'u'\ng4\n((ltRp37\nsS'd'\nI00\nssS'UserOrgRole'\np38\n(dp39\nS'c'\nI00\nsS'r'\ng4\n((lp40\ng14\naS'parent'\np41\nag28\naS'organization_name'\np42\naS'role_name'\np43\naS'role'\np44\nag12\nag11\naS'owner'\np45\naS'organization'\np46\naS'children'\np47\natRp48\nsS'u'\ng4\n((ltRp49\nsS'd'\nI00\nssS'VideoSession'\np50\n(dp51\nS'c'\nI01\nsS'r'\ng4\n((lp52\nS'date_completed'\np53\nag12\nag11\naS'assignment'\np54\naS'date_started'\np55\nag28\nag14\natRp56\nsS'u'\ng4\n((ltRp57\nsS'd'\nI00\nssS'Credential'\np58\n(dp59\nS'c'\nI00\nsS'r'\ng4\n((lp60\nS'status'\np61\nag14\naS'date_expires'\np62\naS'authority'\np63\naS'credential_type'\np64\naS'user'\np65\nag11\naS'serial_number'\np66\naS'date_started'\np67\naS'date_granted'\np68\nag28\naS'date_assigned'\np69\nag12\natRp70\nsS'u'\ng4\n((ltRp71\nsS'd'\nI00\nssS'Assignment'\np72\n(dp73\nS'c'\nI01\nsS'r'\ng4\n((lp74\nS'status'\np75\naS'due_date'\np76\naS'task'\np77\naS'date_completed'\np78\naS'task_content_type'\np79\naS'effective_date_assigned'\np80\naS'prerequisites_met'\np81\naS'user'\np82\nag11\nag14\naS'date_started'\np83\nag12\nag28\naS'assignment_attempts'\np84\natRp85\nsS'u'\ng4\n((ltRp86\nsS'd'\nI00\nssS'FileDownloadAttempt'\np87\n(dp88\nS'c'\nI01\nsS'r'\ng4\n((lp89\nS'date_completed'\np90\naS'file_download'\np91\naS'assignment'\np92\nag12\nag11\nag14\naS'date_started'\np93\nag28\natRp94\nsS'u'\ng4\n((ltRp95\nsS'd'\nI00\nssS'AchievementAward'\np96\n(dp97\nS'c'\nI00\nsS'r'\ng4\n((lp98\ng14\naS'assignment'\np99\naS'user'\np100\nag11\naS'date'\np101\nag28\naS'achievement'\np102\nag12\natRp103\nsS'u'\ng4\n((ltRp104\nsS'd'\nI00\nssS'User'\np105\n(dp106\nS'c'\nI01\nsS'r'\ng4\n((lp107\nS'status'\np108\naS'product_lines_managed'\np109\naS'last_name'\np110\nag14\nag11\nag12\naS'full_name'\np111\naS'default_username_and_domain'\np112\naS'product_lines_instructor_manager_for'\np113\naS'email2'\np114\nag28\naS'biography'\np115\naS'first_name'\np116\naS'middle_name'\np117\naS'title'\np118\naS'product_lines_instructor_for'\np119\naS'email'\np120\naS'username'\np121\naS'billing_address'\np122\naS'color_code'\np123\naS'phone2'\np124\naS'phone3'\np125\naS'phone'\np126\naS'groups'\np127\naS'credentials'\np128\naS'owned_userorgroles'\np129\naS'preferred_venues'\np130\naS'photo_url'\np131\naS'organizations'\np132\naS'session_user_role_requirements'\np133\naS'roles'\np134\naS'url'\np135\naS'name_suffix'\np136\naS'suppress_emails'\np137\naS'alleged_organization'\np138\naS'shipping_address'\np139\natRp140\nsS'u'\ng4\n((lp141\nS'alleged_organization'\np142\naS'first_name'\np143\naS'last_name'\np144\naS'middle_name'\np145\naS'color_code'\np146\naS'title'\np147\naS'url'\np148\naS'phone3'\np149\naS'name_suffix'\np150\naS'email2'\np151\naS'suppress_emails'\np152\naS'phone'\np153\naS'billing_address'\np154\naS'preferred_venues'\np155\naS'shipping_address'\np156\naS'phone2'\np157\naS'email'\np158\naS'biography'\np159\naS'photo_url'\np160\natRp161\nsS'd'\nI00\nssS'AssignmentAttempt'\np162\n(dp163\nS'c'\nI01\nsS'r'\ng4\n((lp164\nS'date_completed'\np165\nag12\nag11\naS'assignment'\np166\naS'date_started'\np167\nag28\nag14\natRp168\nsS'u'\ng4\n((ltRp169\nsS'd'\nI00\nssS'FileUploadAttempt'\np170\n(dp171\nS'c'\nI01\nsS'r'\ng4\n((lp172\nS'file_upload'\np173\naS'date_completed'\np174\naS'assignment'\np175\nag12\nag11\nag14\naS'date_started'\np176\nag28\natRp177\nsS'u'\ng4\n((ltRp178\nsS'd'\nI00\nssS'Response'\np179\n(dp180\nS'c'\nI01\nsS'r'\ng4\n((lp181\ng14\naS'exam_session'\np182\naS'question'\np183\naS'value'\np184\naS'valid'\np185\nag12\nag11\naS'text'\np186\nag28\natRp187\nsS'u'\ng4\n((ltRp188\nsS'd'\nI00\nssS'Achievement'\np189\n(dp190\nS'c'\nI00\nsS'r'\ng4\n((lp191\ng14\naS'description'\np192\nag11\nag12\nag28\naS'name'\np193\natRp194\nsS'u'\ng4\n((ltRp195\nsS'd'\nI00\nss.", 
            "arbitrary_perm_list": "", 
            "create_timestamp": "2012-01-14 03:53:46", 
            "final_type": 37, 
            "owner": null, 
            "role": 2, 
            "save_timestamp": "2012-01-14 03:53:46"
        }, 
        "model": "pr_services.acl", 
        "pk": 2
    }, 
    {
        "fields": {
            "acl": "(dp1\nS'Group'\np2\n(dp3\nS'c'\nI00\nsS'r'\nc__builtin__\nset\np4\n((lp5\nS'create_timestamp'\np6\naS'save_timestamp'\np7\naS'name'\np8\naS'content_type'\np9\naS'id'\np10\natRp11\nsS'u'\ng4\n((ltRp12\nsS'd'\nI00\nss.", 
            "arbitrary_perm_list": "", 
            "create_timestamp": "2012-01-14 03:53:46", 
            "final_type": 37, 
            "owner": null, 
            "role": 3, 
            "save_timestamp": "2012-01-14 03:53:46"
        }, 
        "model": "pr_services.acl", 
        "pk": 3
    }, 
    {
        "fields": {
            "acl": "(dp1\n.", 
            "arbitrary_perm_list": "(lp1\nS'check_usernames'\np2\na.", 
            "create_timestamp": "2012-01-14 03:53:46", 
            "final_type": 37, 
            "owner": null, 
            "role": 4, 
            "save_timestamp": "2012-01-14 03:53:46"
        }, 
        "model": "pr_services.acl", 
        "pk": 4
    }, 
    {
        "fields": {
            "acl": "(dp1\nS'Group'\np2\n(dp3\nS'c'\nI00\nsS'r'\nc__builtin__\nset\np4\n((lp5\nS'managers'\np6\naS'name'\np7\naS'content_type'\np8\naS'save_timestamp'\np9\naS'create_timestamp'\np10\naS'id'\np11\naS'users'\np12\natRp13\nsS'u'\ng4\n((ltRp14\nsS'd'\nI00\nssS'ProductClaim'\np15\n(dp16\nS'c'\nI01\nsS'r'\ng4\n((lp17\nS'product'\np18\nag9\nag10\nag8\nag11\naS'purchase_order'\np19\naS'quantity'\np20\natRp21\nsS'u'\ng4\n((lp22\nS'quantity'\np23\natRp24\nsS'd'\nI01\nssS'Venue'\np25\n(dp26\nS'c'\nI00\nsS'r'\ng4\n((lp27\ng9\naS'name'\np28\naS'region'\np29\naS'phone'\np30\naS'contact'\np31\nag10\nag8\naS'address'\np32\nag11\natRp33\nsS'u'\ng4\n((ltRp34\nsS'd'\nI00\nssS'PurchaseOrder'\np35\n(dp36\nS'c'\nI01\nsS'r'\ng4\n((lp37\ng9\nag11\nag8\nag10\natRp38\nsS'u'\ng4\n((ltRp39\nsS'd'\nI00\nssS'OrgRole'\np40\n(dp41\nS'c'\nI00\nsS'r'\ng4\n((lp42\ng10\nag9\naS'name'\np43\nag8\nag11\natRp44\nsS'u'\ng4\n((ltRp45\nsS'd'\nI00\nssS'Answer'\np46\n(dp47\nS'c'\nI00\nsS'r'\ng4\n((lp48\ng10\nag9\nag11\nag8\naS'label'\np49\natRp50\nsS'u'\ng4\n((ltRp51\nsS'd'\nI00\nssS'Organization'\np52\n(dp53\nS'c'\nI00\nsS'r'\ng4\n((lp54\nS'ancestors'\np55\nag9\naS'name'\np56\naS'parent'\np57\naS'descendants'\np58\nag11\nag10\nag8\naS'children'\np59\natRp60\nsS'u'\ng4\n((ltRp61\nsS'd'\nI00\nssS'Domain'\np62\n(dp63\nS'c'\nI00\nsS'r'\ng4\n((lp64\ng10\nag9\naS'name'\np65\nag8\nag11\natRp66\nsS'u'\ng4\n((ltRp67\nsS'd'\nI00\nssS'SessionUserRoleRequirement'\np68\n(dp69\nS'c'\nI00\nsS'r'\ng4\n((lp70\ng9\nag11\nag8\nag10\natRp71\nsS'u'\ng4\n((ltRp72\nsS'd'\nI00\nssS'Payment'\np73\n(dp74\nS'c'\nI01\nsS'r'\ng4\n((lp75\nS'city'\np76\naS'first_name'\np77\naS'last_name'\np78\nag9\naS'zip'\np79\naS'refunds'\np80\naS'country'\np81\nag11\naS'state'\np82\naS'purchase_order'\np83\naS'card_type'\np84\naS'amount'\np85\naS'exp_date'\np86\nag10\nag8\naS'sales_tax'\np87\naS'date'\np88\naS'invoice_number'\np89\naS'result_message'\np90\naS'transaction_id'\np91\natRp92\nsS'u'\ng4\n((ltRp93\nsS'd'\nI00\nssS'TrainingUnitAuthorization'\np94\n(dp95\nS'c'\nI00\nsS'r'\ng4\n((lp96\nS'end'\np97\naS'max_value'\np98\naS'used_value'\np99\naS'start'\np100\naS'user'\np101\nag8\nag9\naS'training_unit_account'\np102\nag11\nag10\natRp103\nsS'u'\ng4\n((ltRp104\nsS'd'\nI00\nssS'User'\np105\n(dp106\nS'c'\nI00\nsS'r'\ng4\n((lp107\nS'default_username_and_domain'\np108\nag9\nag11\nag8\nag10\natRp109\nsS'u'\ng4\n((ltRp110\nsS'd'\nI00\nssS'DomainAffiliation'\np111\n(dp112\nS'c'\nI01\nsS'r'\ng4\n((lp113\nS'username'\np114\naS'domain'\np115\nag9\naS'default'\np116\naS'user'\np117\nag8\naS'may_log_me_in'\np118\nag11\nag10\natRp119\nsS'u'\ng4\n((lp120\nS'default'\np121\naS'may_log_me_in'\np122\naS'domain'\np123\naS'username'\np124\natRp125\nsS'd'\nI00\nssS'SessionTemplate'\np126\n(dp127\nS'c'\nI00\nsS'r'\ng4\n((lp128\nS'product_line'\np129\nag9\naS'description'\np130\naS'sequence'\np131\naS'sessions'\np132\nag11\naS'duration'\np133\naS'audience'\np134\naS'version'\np135\nag10\nag8\naS'active'\np136\naS'shortname'\np137\naS'fullname'\np138\naS'modality'\np139\natRp140\nsS'u'\ng4\n((ltRp141\nsS'd'\nI00\nss.", 
            "arbitrary_perm_list": "", 
            "create_timestamp": "2012-01-14 03:53:46", 
            "final_type": 37, 
            "owner": null, 
            "role": 5, 
            "save_timestamp": "2012-01-14 03:53:46"
        }, 
        "model": "pr_services.acl", 
        "pk": 5
    }, 
    {
        "fields": {
            "acl": "(dp1\nS'Sco'\np2\n(dp3\nS'c'\nI00\nsS'r'\nc__builtin__\nset\np4\n((lp5\nS'save_timestamp'\np6\naS'description'\np7\naS'prerequisite_tasks'\np8\naS'version_id'\np9\naS'course'\np10\naS'content_type'\np11\naS'create_timestamp'\np12\naS'version_label'\np13\naS'type'\np14\naS'id'\np15\naS'name'\np16\natRp17\nsS'u'\ng4\n((ltRp18\nsS'd'\nI00\nssS'Task'\np19\n(dp20\nS'c'\nI00\nsS'r'\ng4\n((lp21\ng6\naS'description'\np22\naS'prerequisite_tasks'\np23\naS'version_id'\np24\nag11\nag12\naS'version_label'\np25\naS'type'\np26\nag15\nag16\natRp27\nsS'u'\ng4\n((ltRp28\nsS'd'\nI00\nss.", 
            "arbitrary_perm_list": "", 
            "create_timestamp": "2012-01-14 03:53:46", 
            "final_type": 37, 
            "owner": null, 
            "role": 6, 
            "save_timestamp": "2012-01-14 03:53:46"
        }, 
        "model": "pr_services.acl", 
        "pk": 6
    }, 
    {
        "fields": {
            "acl": "(dp1\nS'Sco'\np2\n(dp3\nS'c'\nI00\nsS'r'\nc__builtin__\nset\np4\n((lp5\nS'url'\np6\naS'save_timestamp'\np7\naS'id'\np8\naS'content_type'\np9\naS'create_timestamp'\np10\natRp11\nsS'u'\ng4\n((ltRp12\nsS'd'\nI00\nss.", 
            "arbitrary_perm_list": "", 
            "create_timestamp": "2012-01-14 03:53:46", 
            "final_type": 37, 
            "owner": null, 
            "role": 6, 
            "save_timestamp": "2012-01-14 03:53:46"
        }, 
        "model": "pr_services.acl", 
        "pk": 7
    }, 
    {
        "fields": {
            "acl": "(dp1\nS'User'\np2\n(dp3\nS'c'\nI01\nsS'r'\nc__builtin__\nset\np4\n((lp5\nS'status'\np6\naS'product_lines_managed'\np7\naS'last_name'\np8\naS'save_timestamp'\np9\naS'content_type'\np10\naS'create_timestamp'\np11\naS'full_name'\np12\naS'product_lines_instructor_manager_for'\np13\naS'email2'\np14\naS'id'\np15\naS'biography'\np16\naS'first_name'\np17\naS'middle_name'\np18\naS'title'\np19\naS'product_lines_instructor_for'\np20\naS'email'\np21\naS'username'\np22\naS'billing_address'\np23\naS'color_code'\np24\naS'phone2'\np25\naS'phone3'\np26\naS'phone'\np27\naS'groups'\np28\naS'credentials'\np29\naS'photo_url'\np30\naS'session_user_role_requirements'\np31\naS'url'\np32\naS'name_suffix'\np33\naS'shipping_address'\np34\naS'domains'\np35\natRp36\nsS'u'\ng4\n((lp37\nS'status'\np38\naS'first_name'\np39\naS'last_name'\np40\naS'middle_name'\np41\naS'color_code'\np42\naS'title'\np43\naS'url'\np44\naS'phone3'\np45\naS'name_suffix'\np46\naS'email2'\np47\naS'phone'\np48\naS'billing_address'\np49\naS'groups'\np50\naS'shipping_address'\np51\naS'credentials'\np52\naS'phone2'\np53\naS'email'\np54\naS'biography'\np55\naS'photo_url'\np56\natRp57\nsS'd'\nI01\nss.", 
            "arbitrary_perm_list": "", 
            "create_timestamp": "2012-01-14 03:53:46", 
            "final_type": 37, 
            "owner": null, 
            "role": 7, 
            "save_timestamp": "2012-01-14 03:53:46"
        }, 
        "model": "pr_services.acl", 
        "pk": 8
    }, 
    {
        "fields": {
            "acl": "(dp1\nS'Group'\np2\n(dp3\nS'c'\nI00\nsS'r'\nc__builtin__\nset\np4\n((lp5\nS'managers'\np6\naS'name'\np7\naS'content_type'\np8\naS'save_timestamp'\np9\naS'create_timestamp'\np10\naS'id'\np11\naS'users'\np12\natRp13\nsS'u'\ng4\n((lp14\nS'managers'\np15\naS'name'\np16\naS'users'\np17\natRp18\nsS'd'\nI00\nss.", 
            "arbitrary_perm_list": "", 
            "create_timestamp": "2012-01-14 03:53:46", 
            "final_type": 37, 
            "owner": null, 
            "role": 8, 
            "save_timestamp": "2012-01-14 03:53:46"
        }, 
        "model": "pr_services.acl", 
        "pk": 9
    }, 
    {
        "fields": {
            "acl": "(dp1\nS'Session'\np2\n(dp3\nS'c'\nI01\nsS'r'\nc__builtin__\nset\np4\n((lp5\nS'default_price'\np6\naS'status'\np7\naS'confirmed'\np8\naS'end'\np9\naS'room'\np10\naS'title'\np11\naS'url'\np12\naS'modality'\np13\naS'start'\np14\naS'audience'\np15\naS'create_timestamp'\np16\naS'content_type'\np17\naS'id'\np18\naS'save_timestamp'\np19\naS'shortname'\np20\naS'evaluation'\np21\naS'fullname'\np22\naS'session_template'\np23\natRp24\nsS'u'\ng4\n((lp25\nS'default_price'\np26\naS'status'\np27\naS'confirmed'\np28\naS'end'\np29\naS'room'\np30\naS'title'\np31\naS'url'\np32\naS'modality'\np33\naS'start'\np34\naS'audience'\np35\naS'shortname'\np36\naS'fullname'\np37\naS'session_template'\np38\natRp39\nsS'd'\nI01\nssS'ProductLine'\np40\n(dp41\nS'c'\nI00\nsS'r'\ng4\n((lp42\nS'managers'\np43\naS'name'\np44\naS'instructors'\np45\nag16\nag17\nag19\naS'instructor_managers'\np46\nag18\natRp47\nsS'u'\ng4\n((lp48\nS'instructors'\np49\naS'instructor_managers'\np50\naS'name'\np51\natRp52\nsS'd'\nI00\nssS'SessionTemplate'\np53\n(dp54\nS'c'\nI01\nsS'r'\ng4\n((lp55\nS'product_line'\np56\nag19\naS'description'\np57\naS'sequence'\np58\naS'price'\np59\naS'event_template'\np60\naS'modality'\np61\naS'audience'\np62\naS'version'\np63\nag18\nag16\nag17\naS'duration'\np64\naS'shortname'\np65\naS'fullname'\np66\naS'lead_time'\np67\natRp68\nsS'u'\ng4\n((lp69\nS'description'\np70\naS'event_template'\np71\naS'price'\np72\naS'sequence'\np73\naS'modality'\np74\naS'audience'\np75\naS'version'\np76\naS'duration'\np77\naS'shortname'\np78\naS'fullname'\np79\naS'lead_time'\np80\natRp81\nsS'd'\nI01\nssS'User'\np82\n(dp83\nS'c'\nI01\nsS'r'\ng4\n((lp84\nS'phone'\np85\naS'last_name'\np86\nag19\nag16\nag17\naS'credentials'\np87\nag18\natRp88\nsS'u'\ng4\n((lp89\nS'phone'\np90\naS'last_name'\np91\natRp92\nsS'd'\nI00\nss.", 
            "arbitrary_perm_list": "", 
            "create_timestamp": "2012-01-14 03:53:47", 
            "final_type": 37, 
            "owner": null, 
            "role": 9, 
            "save_timestamp": "2012-01-14 03:53:47"
        }, 
        "model": "pr_services.acl", 
        "pk": 10
    }, 
    {
        "fields": {
            "acl": "(dp1\nS'User'\np2\n(dp3\nS'c'\nI01\nsS'r'\nc__builtin__\nset\np4\n((lp5\nS'status'\np6\naS'product_lines_managed'\np7\naS'last_name'\np8\naS'save_timestamp'\np9\naS'content_type'\np10\naS'create_timestamp'\np11\naS'full_name'\np12\naS'default_username_and_domain'\np13\naS'product_lines_instructor_manager_for'\np14\naS'email2'\np15\naS'id'\np16\naS'biography'\np17\naS'first_name'\np18\naS'middle_name'\np19\naS'title'\np20\naS'product_lines_instructor_for'\np21\naS'email'\np22\naS'username'\np23\naS'billing_address'\np24\naS'color_code'\np25\naS'phone2'\np26\naS'phone3'\np27\naS'phone'\np28\naS'groups'\np29\naS'credentials'\np30\naS'photo_url'\np31\naS'session_user_role_requirements'\np32\naS'url'\np33\naS'name_suffix'\np34\naS'shipping_address'\np35\natRp36\nsS'u'\ng4\n((lp37\nS'status'\np38\naS'first_name'\np39\naS'last_name'\np40\naS'middle_name'\np41\naS'color_code'\np42\naS'title'\np43\naS'url'\np44\naS'phone3'\np45\naS'name_suffix'\np46\naS'email2'\np47\naS'phone'\np48\naS'billing_address'\np49\naS'groups'\np50\naS'shipping_address'\np51\naS'credentials'\np52\naS'phone2'\np53\naS'email'\np54\naS'biography'\np55\naS'photo_url'\np56\natRp57\nsS'd'\nI01\nss.", 
            "arbitrary_perm_list": "", 
            "create_timestamp": "2012-01-14 03:53:47", 
            "final_type": 37, 
            "owner": null, 
            "role": 10, 
            "save_timestamp": "2012-01-14 03:53:47"
        }, 
        "model": "pr_services.acl", 
        "pk": 11
    }, 
    {
        "fields": {
            "acl": "(dp1\nS'PurchaseOrder'\np2\n(dp3\nS'c'\nI00\nsS'r'\nc__builtin__\nset\np4\n((lp5\nS'training_units_price'\np6\naS'save_timestamp'\np7\naS'training_units_purchased'\np8\naS'is_paid'\np9\naS'product_offers'\np10\naS'products'\np11\naS'expiration'\np12\naS'content_type'\np13\naS'organization'\np14\naS'product_discounts'\np15\naS'create_timestamp'\np16\naS'id'\np17\naS'payments'\np18\natRp19\nsS'u'\ng4\n((ltRp20\nsS'd'\nI00\nss.", 
            "arbitrary_perm_list": "", 
            "create_timestamp": "2012-01-14 03:53:47", 
            "final_type": 37, 
            "owner": null, 
            "role": 11, 
            "save_timestamp": "2012-01-14 03:53:47"
        }, 
        "model": "pr_services.acl", 
        "pk": 12
    }, 
    {
        "fields": {
            "acl": "(dp1\nS'PurchaseOrder'\np2\n(dp3\nS'c'\nI00\nsS'r'\nc__builtin__\nset\np4\n((lp5\nS'training_units_price'\np6\naS'save_timestamp'\np7\naS'training_units_purchased'\np8\naS'is_paid'\np9\naS'product_offers'\np10\naS'products'\np11\naS'expiration'\np12\naS'content_type'\np13\naS'organization'\np14\naS'product_discounts'\np15\naS'create_timestamp'\np16\naS'id'\np17\naS'payments'\np18\natRp19\nsS'u'\ng4\n((lp20\nS'training_units_purchased'\np21\naS'training_units_price'\np22\naS'expiration'\np23\naS'user'\np24\natRp25\nsS'd'\nI00\nss.", 
            "arbitrary_perm_list": "", 
            "create_timestamp": "2012-01-14 03:53:47", 
            "final_type": 37, 
            "owner": null, 
            "role": 12, 
            "save_timestamp": "2012-01-14 03:53:47"
        }, 
        "model": "pr_services.acl", 
        "pk": 13
    }, 
    {
        "fields": {
            "ac_check_method": 11, 
            "ac_check_parameters": "(dp1\nS'group_id'\np2\nI1\ns.", 
            "acl": 1, 
            "create_timestamp": "2012-01-14 03:53:46", 
            "final_type": 39, 
            "owner": null, 
            "save_timestamp": "2012-01-14 03:53:46"
        }, 
        "model": "pr_services.acmethodcall", 
        "pk": 1
    }, 
    {
        "fields": {
            "ac_check_method": 22, 
            "ac_check_parameters": "(dp1\n.", 
            "acl": 1, 
            "create_timestamp": "2012-01-14 03:53:46", 
            "final_type": 39, 
            "owner": null, 
            "save_timestamp": "2012-01-14 03:53:46"
        }, 
        "model": "pr_services.acmethodcall", 
        "pk": 2
    }, 
    {
        "fields": {
            "ac_check_method": 39, 
            "ac_check_parameters": "(dp1\n.", 
            "acl": 2, 
            "create_timestamp": "2012-01-14 03:53:46", 
            "final_type": 39, 
            "owner": null, 
            "save_timestamp": "2012-01-14 03:53:46"
        }, 
        "model": "pr_services.acmethodcall", 
        "pk": 3
    }, 
    {
        "fields": {
            "ac_check_method": 2, 
            "ac_check_parameters": "(dp1\n.", 
            "acl": 2, 
            "create_timestamp": "2012-01-14 03:53:46", 
            "final_type": 39, 
            "owner": null, 
            "save_timestamp": "2012-01-14 03:53:46"
        }, 
        "model": "pr_services.acmethodcall", 
        "pk": 4
    }, 
    {
        "fields": {
            "ac_check_method": 35, 
            "ac_check_parameters": "(dp1\n.", 
            "acl": 2, 
            "create_timestamp": "2012-01-14 03:53:46", 
            "final_type": 39, 
            "owner": null, 
            "save_timestamp": "2012-01-14 03:53:46"
        }, 
        "model": "pr_services.acmethodcall", 
        "pk": 5
    }, 
    {
        "fields": {
            "ac_check_method": 36, 
            "ac_check_parameters": "(dp1\n.", 
            "acl": 2, 
            "create_timestamp": "2012-01-14 03:53:46", 
            "final_type": 39, 
            "owner": null, 
            "save_timestamp": "2012-01-14 03:53:46"
        }, 
        "model": "pr_services.acmethodcall", 
        "pk": 6
    }, 
    {
        "fields": {
            "ac_check_method": 12, 
            "ac_check_parameters": "(dp1\n.", 
            "acl": 2, 
            "create_timestamp": "2012-01-14 03:53:46", 
            "final_type": 39, 
            "owner": null, 
            "save_timestamp": "2012-01-14 03:53:46"
        }, 
        "model": "pr_services.acmethodcall", 
        "pk": 7
    }, 
    {
        "fields": {
            "ac_check_method": 37, 
            "ac_check_parameters": "(dp1\n.", 
            "acl": 2, 
            "create_timestamp": "2012-01-14 03:53:46", 
            "final_type": 39, 
            "owner": null, 
            "save_timestamp": "2012-01-14 03:53:46"
        }, 
        "model": "pr_services.acmethodcall", 
        "pk": 8
    }, 
    {
        "fields": {
            "ac_check_method": 38, 
            "ac_check_parameters": "(dp1\n.", 
            "acl": 2, 
            "create_timestamp": "2012-01-14 03:53:46", 
            "final_type": 39, 
            "owner": null, 
            "save_timestamp": "2012-01-14 03:53:46"
        }, 
        "model": "pr_services.acmethodcall", 
        "pk": 9
    }, 
    {
        "fields": {
            "ac_check_method": 33, 
            "ac_check_parameters": "(dp1\n.", 
            "acl": 2, 
            "create_timestamp": "2012-01-14 03:53:46", 
            "final_type": 39, 
            "owner": null, 
            "save_timestamp": "2012-01-14 03:53:46"
        }, 
        "model": "pr_services.acmethodcall", 
        "pk": 10
    }, 
    {
        "fields": {
            "ac_check_method": 44, 
            "ac_check_parameters": "(dp1\n.", 
            "acl": 2, 
            "create_timestamp": "2012-01-14 03:53:46", 
            "final_type": 39, 
            "owner": null, 
            "save_timestamp": "2012-01-14 03:53:46"
        }, 
        "model": "pr_services.acmethodcall", 
        "pk": 11
    }, 
    {
        "fields": {
            "ac_check_method": 40, 
            "ac_check_parameters": "(dp1\n.", 
            "acl": 2, 
            "create_timestamp": "2012-01-14 03:53:46", 
            "final_type": 39, 
            "owner": null, 
            "save_timestamp": "2012-01-14 03:53:46"
        }, 
        "model": "pr_services.acmethodcall", 
        "pk": 12
    }, 
    {
        "fields": {
            "ac_check_method": 5, 
            "ac_check_parameters": "(dp1\n.", 
            "acl": 2, 
            "create_timestamp": "2012-01-14 03:53:46", 
            "final_type": 39, 
            "owner": null, 
            "save_timestamp": "2012-01-14 03:53:46"
        }, 
        "model": "pr_services.acmethodcall", 
        "pk": 13
    }, 
    {
        "fields": {
            "ac_check_method": 6, 
            "ac_check_parameters": "(dp1\n.", 
            "acl": 2, 
            "create_timestamp": "2012-01-14 03:53:46", 
            "final_type": 39, 
            "owner": null, 
            "save_timestamp": "2012-01-14 03:53:46"
        }, 
        "model": "pr_services.acmethodcall", 
        "pk": 14
    }, 
    {
        "fields": {
            "ac_check_method": 30, 
            "ac_check_parameters": "(dp1\n.", 
            "acl": 2, 
            "create_timestamp": "2012-01-14 03:53:46", 
            "final_type": 39, 
            "owner": null, 
            "save_timestamp": "2012-01-14 03:53:46"
        }, 
        "model": "pr_services.acmethodcall", 
        "pk": 15
    }, 
    {
        "fields": {
            "ac_check_method": 3, 
            "ac_check_parameters": "(dp1\n.", 
            "acl": 3, 
            "create_timestamp": "2012-01-14 03:53:46", 
            "final_type": 39, 
            "owner": null, 
            "save_timestamp": "2012-01-14 03:53:46"
        }, 
        "model": "pr_services.acmethodcall", 
        "pk": 16
    }, 
    {
        "fields": {
            "ac_check_method": 8, 
            "ac_check_parameters": "(dp1\n.", 
            "acl": 3, 
            "create_timestamp": "2012-01-14 03:53:46", 
            "final_type": 39, 
            "owner": null, 
            "save_timestamp": "2012-01-14 03:53:46"
        }, 
        "model": "pr_services.acmethodcall", 
        "pk": 17
    }, 
    {
        "fields": {
            "ac_check_method": 9, 
            "ac_check_parameters": "(dp1\n.", 
            "acl": 4, 
            "create_timestamp": "2012-01-14 03:53:46", 
            "final_type": 39, 
            "owner": null, 
            "save_timestamp": "2012-01-14 03:53:46"
        }, 
        "model": "pr_services.acmethodcall", 
        "pk": 18
    }, 
    {
        "fields": {
            "ac_check_method": 3, 
            "ac_check_parameters": "(dp1\n.", 
            "acl": 5, 
            "create_timestamp": "2012-01-14 03:53:46", 
            "final_type": 39, 
            "owner": null, 
            "save_timestamp": "2012-01-14 03:53:46"
        }, 
        "model": "pr_services.acmethodcall", 
        "pk": 19
    }, 
    {
        "fields": {
            "ac_check_method": 21, 
            "ac_check_parameters": "(dp1\n.", 
            "acl": 5, 
            "create_timestamp": "2012-01-14 03:53:46", 
            "final_type": 39, 
            "owner": null, 
            "save_timestamp": "2012-01-14 03:53:46"
        }, 
        "model": "pr_services.acmethodcall", 
        "pk": 20
    }, 
    {
        "fields": {
            "ac_check_method": 46, 
            "ac_check_parameters": "(dp1\n.", 
            "acl": 5, 
            "create_timestamp": "2012-01-14 03:53:46", 
            "final_type": 39, 
            "owner": null, 
            "save_timestamp": "2012-01-14 03:53:46"
        }, 
        "model": "pr_services.acmethodcall", 
        "pk": 21
    }, 
    {
        "fields": {
            "ac_check_method": 20, 
            "ac_check_parameters": "(dp1\n.", 
            "acl": 5, 
            "create_timestamp": "2012-01-14 03:53:46", 
            "final_type": 39, 
            "owner": null, 
            "save_timestamp": "2012-01-14 03:53:46"
        }, 
        "model": "pr_services.acmethodcall", 
        "pk": 22
    }, 
    {
        "fields": {
            "ac_check_method": 11, 
            "ac_check_parameters": "(dp1\nS'group_id'\np2\nI2\ns.", 
            "acl": 6, 
            "create_timestamp": "2012-01-14 03:53:46", 
            "final_type": 39, 
            "owner": null, 
            "save_timestamp": "2012-01-14 03:53:46"
        }, 
        "model": "pr_services.acmethodcall", 
        "pk": 23
    }, 
    {
        "fields": {
            "ac_check_method": 34, 
            "ac_check_parameters": "(dp1\n.", 
            "acl": 7, 
            "create_timestamp": "2012-01-14 03:53:46", 
            "final_type": 39, 
            "owner": null, 
            "save_timestamp": "2012-01-14 03:53:46"
        }, 
        "model": "pr_services.acmethodcall", 
        "pk": 24
    }, 
    {
        "fields": {
            "ac_check_method": 11, 
            "ac_check_parameters": "(dp1\nS'group_id'\np2\nI3\ns.", 
            "acl": 8, 
            "create_timestamp": "2012-01-14 03:53:46", 
            "final_type": 39, 
            "owner": null, 
            "save_timestamp": "2012-01-14 03:53:46"
        }, 
        "model": "pr_services.acmethodcall", 
        "pk": 25
    }, 
    {
        "fields": {
            "ac_check_method": 1, 
            "ac_check_parameters": "(dp1\nS'actor_sur_id'\np2\nI1\nsS'actee_sur_id'\np3\nI2\ns.", 
            "acl": 8, 
            "create_timestamp": "2012-01-14 03:53:46", 
            "final_type": 39, 
            "owner": null, 
            "save_timestamp": "2012-01-14 03:53:46"
        }, 
        "model": "pr_services.acmethodcall", 
        "pk": 26
    }, 
    {
        "fields": {
            "ac_check_method": 7, 
            "ac_check_parameters": "(dp1\n.", 
            "acl": 9, 
            "create_timestamp": "2012-01-14 03:53:47", 
            "final_type": 39, 
            "owner": null, 
            "save_timestamp": "2012-01-14 03:53:47"
        }, 
        "model": "pr_services.acmethodcall", 
        "pk": 27
    }, 
    {
        "fields": {
            "ac_check_method": 14, 
            "ac_check_parameters": "(dp1\n.", 
            "acl": 10, 
            "create_timestamp": "2012-01-14 03:53:47", 
            "final_type": 39, 
            "owner": null, 
            "save_timestamp": "2012-01-14 03:53:47"
        }, 
        "model": "pr_services.acmethodcall", 
        "pk": 28
    }, 
    {
        "fields": {
            "ac_check_method": 15, 
            "ac_check_parameters": "(dp1\n.", 
            "acl": 10, 
            "create_timestamp": "2012-01-14 03:53:47", 
            "final_type": 39, 
            "owner": null, 
            "save_timestamp": "2012-01-14 03:53:47"
        }, 
        "model": "pr_services.acmethodcall", 
        "pk": 29
    }, 
    {
        "fields": {
            "ac_check_method": 16, 
            "ac_check_parameters": "(dp1\n.", 
            "acl": 10, 
            "create_timestamp": "2012-01-14 03:53:47", 
            "final_type": 39, 
            "owner": null, 
            "save_timestamp": "2012-01-14 03:53:47"
        }, 
        "model": "pr_services.acmethodcall", 
        "pk": 30
    }, 
    {
        "fields": {
            "ac_check_method": 13, 
            "ac_check_parameters": "(dp1\n.", 
            "acl": 10, 
            "create_timestamp": "2012-01-14 03:53:47", 
            "final_type": 39, 
            "owner": null, 
            "save_timestamp": "2012-01-14 03:53:47"
        }, 
        "model": "pr_services.acmethodcall", 
        "pk": 31
    }, 
    {
        "fields": {
            "ac_check_method": 10, 
            "ac_check_parameters": "(dp1\n.", 
            "acl": 11, 
            "create_timestamp": "2012-01-14 03:53:47", 
            "final_type": 39, 
            "owner": null, 
            "save_timestamp": "2012-01-14 03:53:47"
        }, 
        "model": "pr_services.acmethodcall", 
        "pk": 32
    }, 
    {
        "fields": {
            "ac_check_method": 17, 
            "ac_check_parameters": "(dp1\n.", 
            "acl": 12, 
            "create_timestamp": "2012-01-14 03:53:47", 
            "final_type": 39, 
            "owner": null, 
            "save_timestamp": "2012-01-14 03:53:47"
        }, 
        "model": "pr_services.acmethodcall", 
        "pk": 33
    }, 
    {
        "fields": {
            "ac_check_method": 18, 
            "ac_check_parameters": "(dp1\n.", 
            "acl": 12, 
            "create_timestamp": "2012-01-14 03:53:47", 
            "final_type": 39, 
            "owner": null, 
            "save_timestamp": "2012-01-14 03:53:47"
        }, 
        "model": "pr_services.acmethodcall", 
        "pk": 34
    }, 
    {
        "fields": {
            "ac_check_method": 17, 
            "ac_check_parameters": "(dp1\n.", 
            "acl": 13, 
            "create_timestamp": "2012-01-14 03:53:47", 
            "final_type": 39, 
            "owner": null, 
            "save_timestamp": "2012-01-14 03:53:47"
        }, 
        "model": "pr_services.acmethodcall", 
        "pk": 35
    }, 
    {
        "fields": {
            "ac_check_method": 19, 
            "ac_check_parameters": "(dp1\n.", 
            "acl": 13, 
            "create_timestamp": "2012-01-14 03:53:47", 
            "final_type": 39, 
            "owner": null, 
            "save_timestamp": "2012-01-14 03:53:47"
        }, 
        "model": "pr_services.acmethodcall", 
        "pk": 36
    }, 
    {
        "fields": {
            "authentication_ip": null, 
            "authentication_password_hash": "", 
            "create_timestamp": "2012-01-14 03:53:46", 
            "final_type": 41, 
            "name": "local", 
            "password_hash_type": "SHA-512", 
            "save_timestamp": "2012-01-14 03:53:46"
        }, 
        "model": "pr_services.domain", 
        "pk": 1
    }, 
    {
        "fields": {
            "authentication_ip": null, 
            "authentication_password_hash": "", 
            "create_timestamp": "2012-01-14 03:53:46", 
            "final_type": 41, 
            "name": "LDAP", 
            "password_hash_type": "SHA-512", 
            "save_timestamp": "2012-01-14 03:53:46"
        }, 
        "model": "pr_services.domain", 
        "pk": 2
    }, 
    {
        "fields": {
            "create_timestamp": "2012-01-14 03:53:46", 
            "default": true, 
            "domain": 1, 
            "final_type": 42, 
            "may_log_me_in": false, 
            "password_hash": "6bc42f59510af18ad1ab6fd508d07a0da9abe1f9a2d24995fc7ce3f7ac3e0cda15279eefc97d21370ee7b9c6b71b98444164655785255c41644e5e4d18ab3f84", 
            "password_hash_type": "SHA-512", 
            "password_salt": "Wp1e3DoF", 
            "save_timestamp": "2012-01-14 03:53:46", 
            "user": 1, 
            "username": "admin"
        }, 
        "model": "pr_services.domainaffiliation", 
        "pk": 1
    }, 
    {
        "fields": {
            "active": true, 
            "create_timestamp": "2012-01-14 03:53:46", 
            "default": false, 
            "final_type": 35, 
            "managers": [], 
            "name": "Instructors", 
            "notes": [], 
            "owner": null, 
            "save_timestamp": "2012-01-14 03:53:46"
        }, 
        "model": "pr_services.group", 
        "pk": 3
    }, 
    {
        "fields": {
            "active": true, 
            "create_timestamp": "2012-01-14 03:53:46", 
            "default": false, 
            "final_type": 35, 
            "managers": [], 
            "name": "Students", 
            "notes": [], 
            "owner": null, 
            "save_timestamp": "2012-01-14 03:53:46"
        }, 
        "model": "pr_services.group", 
        "pk": 2
    }, 
    {
        "fields": {
            "active": true, 
            "create_timestamp": "2012-01-14 03:53:46", 
            "default": false, 
            "final_type": 35, 
            "managers": [], 
            "name": "Super Administrators", 
            "notes": [], 
            "owner": null, 
            "save_timestamp": "2012-01-14 03:53:46"
        }, 
        "model": "pr_services.group", 
        "pk": 1
    }, 
    {
        "fields": {
            "create_timestamp": "2012-01-14 03:53:46", 
            "final_type": 36, 
            "name": "Admin", 
            "notes": [], 
            "owner": null, 
            "save_timestamp": "2012-01-14 03:53:46"
        }, 
        "model": "pr_services.role", 
        "pk": 1
    }, 
    {
        "fields": {
            "create_timestamp": "2012-01-14 03:53:46", 
            "final_type": 36, 
            "name": "Object Owner", 
            "notes": [], 
            "owner": null, 
            "save_timestamp": "2012-01-14 03:53:46"
        }, 
        "model": "pr_services.role", 
        "pk": 2
    }, 
    {
        "fields": {
            "create_timestamp": "2012-01-14 03:53:46", 
            "final_type": 36, 
            "name": "Authenticated User", 
            "notes": [], 
            "owner": null, 
            "save_timestamp": "2012-01-14 03:53:46"
        }, 
        "model": "pr_services.role", 
        "pk": 3
    }, 
    {
        "fields": {
            "create_timestamp": "2012-01-14 03:53:46", 
            "final_type": 36, 
            "name": "Guest", 
            "notes": [], 
            "owner": null, 
            "save_timestamp": "2012-01-14 03:53:46"
        }, 
        "model": "pr_services.role", 
        "pk": 4
    }, 
    {
        "fields": {
            "create_timestamp": "2012-01-14 03:53:46", 
            "final_type": 36, 
            "name": "User", 
            "notes": [], 
            "owner": null, 
            "save_timestamp": "2012-01-14 03:53:46"
        }, 
        "model": "pr_services.role", 
        "pk": 5
    }, 
    {
        "fields": {
            "create_timestamp": "2012-01-14 03:53:46", 
            "final_type": 36, 
            "name": "Student", 
            "notes": [], 
            "owner": null, 
            "save_timestamp": "2012-01-14 03:53:46"
        }, 
        "model": "pr_services.role", 
        "pk": 6
    }, 
    {
        "fields": {
            "create_timestamp": "2012-01-14 03:53:46", 
            "final_type": 36, 
            "name": "Instructor", 
            "notes": [], 
            "owner": null, 
            "save_timestamp": "2012-01-14 03:53:46"
        }, 
        "model": "pr_services.role", 
        "pk": 7
    }, 
    {
        "fields": {
            "create_timestamp": "2012-01-14 03:53:46", 
            "final_type": 36, 
            "name": "Group Manager", 
            "notes": [], 
            "owner": null, 
            "save_timestamp": "2012-01-14 03:53:46"
        }, 
        "model": "pr_services.role", 
        "pk": 8
    }, 
    {
        "fields": {
            "create_timestamp": "2012-01-14 03:53:47", 
            "final_type": 36, 
            "name": "Product Line Manager", 
            "notes": [], 
            "owner": null, 
            "save_timestamp": "2012-01-14 03:53:47"
        }, 
        "model": "pr_services.role", 
        "pk": 9
    }, 
    {
        "fields": {
            "create_timestamp": "2012-01-14 03:53:47", 
            "final_type": 36, 
            "name": "Instructor Manager", 
            "notes": [], 
            "owner": null, 
            "save_timestamp": "2012-01-14 03:53:47"
        }, 
        "model": "pr_services.role", 
        "pk": 10
    }, 
    {
        "fields": {
            "create_timestamp": "2012-01-14 03:53:47", 
            "final_type": 36, 
            "name": "Owner of purchase order with payments", 
            "notes": [], 
            "owner": null, 
            "save_timestamp": "2012-01-14 03:53:47"
        }, 
        "model": "pr_services.role", 
        "pk": 11
    }, 
    {
        "fields": {
            "create_timestamp": "2012-01-14 03:53:47", 
            "final_type": 36, 
            "name": "Owner of purchase order with no payments", 
            "notes": [], 
            "owner": null, 
            "save_timestamp": "2012-01-14 03:53:47"
        }, 
        "model": "pr_services.role", 
        "pk": 12
    }, 
    {
        "fields": {
            "active": true, 
            "create_timestamp": "2012-01-14 03:53:46", 
            "final_type": 51, 
            "name": "Instructor", 
            "notes": [], 
            "owner": null, 
            "save_timestamp": "2012-01-14 03:53:46"
        }, 
        "model": "pr_services.sessionuserrole", 
        "pk": 1
    }, 
    {
        "fields": {
            "active": true, 
            "create_timestamp": "2012-01-14 03:53:46", 
            "final_type": 51, 
            "name": "Student", 
            "notes": [], 
            "owner": null, 
            "save_timestamp": "2012-01-14 03:53:46"
        }, 
        "model": "pr_services.sessionuserrole", 
        "pk": 2
    }, 
    {
        "fields": {
            "alleged_organization": null, 
            "billing_address": null, 
            "biography": null, 
            "blame": null, 
            "color_code": null, 
            "confirmation_code": null, 
            "create_timestamp": "2012-01-14 03:53:46", 
            "email": "admin@admin.org", 
            "email2": null, 
            "enable_paypal": false, 
            "final_type": 43, 
            "first_name": "admin", 
            "groups": [
                1
            ], 
            "is_staff": false, 
            "last_name": "user", 
            "middle_name": "", 
            "name_suffix": null, 
            "notes": [], 
            "owner": null, 
            "paypal_address": null, 
            "phone": null, 
            "phone2": null, 
            "phone3": null, 
            "photo": "", 
            "preferred_venues": [], 
            "save_timestamp": "2012-01-14 03:53:46", 
            "shipping_address": null, 
            "status": "active", 
            "suppress_emails": false, 
            "title": null, 
            "url": null
        }, 
        "model": "pr_services.user", 
        "pk": 1
    }
]